Device_id,Model ID,Task ID,Stream ID,Op Name,OP Type,OP State,Task Type,Task Start Time(us),Task Duration(us),Task Wait Time(us),Block Num,Mix Block Num,HF32 Eligible,Input Shapes,Input Data Types,Input Formats,Output Shapes,Output Data Types,Output Formats,Context ID,aicore_time(us),aic_total_cycles,aic_mac_time(us),aic_mac_ratio,aic_scalar_time(us),aic_scalar_ratio,aic_mte1_time(us),aic_mte1_ratio,aic_mte2_time(us),aic_mte2_ratio,aic_fixpipe_time(us),aic_fixpipe_ratio,aic_icache_miss_rate,aiv_time(us),aiv_total_cycles,aiv_vec_time(us),aiv_vec_ratio,aiv_scalar_time(us),aiv_scalar_ratio,aiv_mte2_time(us),aiv_mte2_ratio,aiv_mte3_time(us),aiv_mte3_ratio,aiv_icache_miss_rate,cube_utilization(%)
3,4294967295,0,47,aclnnInplaceOne_OnesLikeAiCore_OnesLike,OnesLike,dynamic,AI_VECTOR_CORE,1788186112069418.015	,38.980,0,40,0,NO,"""9216,7168""",INT8,ND,"""9216,7168""",INT8,ND,N/A,0.0,0,0.0,0.0,0.0,0.0,0.0,0.0,0.0,0.0,0.0,0.0,0.0,34.865,2301105,5.056,0.145,4.873,0.14,0.001,0.0,26.174,0.751,0.014,0.000
3,4294967295,2,47,aclnnInplaceUniform_DSARandomUniform_DSARandomUniform,DSARandomUniform,dynamic,DSA_SQE,1788186112078029.895	,2774.680,8573.020000,0,0,NO,N/A,N/A,N/A,"""1,7168,4096""",FLOAT,ND,N/A,N/A,N/A,N/A,N/A,N/A,N/A,N/A,N/A,N/A,N/A,N/A,N/A,N/A,N/A,N/A,N/A,N/A,N/A,N/A,N/A,N/A,N/A,N/A,N/A,N/A
3,4294967295,3,47,aclnnInplaceUniform_CastAiCore_Cast,Cast,dynamic,AI_VECTOR_CORE,1788186112080804.595	,323.340,0.000000,40,0,NO,"""1,7168,4096""",FLOAT,ND,"""1,7168,4096""",INT8,ND,N/A,0.0,0,0.0,0.0,0.0,0.0,0.0,0.0,0.0,0.0,0.0,0.0,0.0,318.37,21012389,171.771,0.54,12.851,0.04,206.403,0.648,97.404,0.306,0.005,0.000
3,4294967295,5,47,aclnnInplaceUniform_DSARandomUniform_DSARandomUniform,DSARandomUniform,dynamic,DSA_SQE,1788186112081130.555	,1382.840,2.660000,0,0,NO,N/A,N/A,N/A,"""1,2048,7168""",FLOAT,ND,N/A,N/A,N/A,N/A,N/A,N/A,N/A,N/A,N/A,N/A,N/A,N/A,N/A,N/A,N/A,N/A,N/A,N/A,N/A,N/A,N/A,N/A,N/A,N/A,N/A,N/A
3,4294967295,6,47,aclnnInplaceUniform_CastAiCore_Cast,Cast,dynamic,AI_VECTOR_CORE,1788186112082513.435	,117.620,0.160000,40,0,NO,"""1,2048,7168""",FLOAT,ND,"""1,2048,7168""",INT8,ND,N/A,0.0,0,0.0,0.0,0.0,0.0,0.0,0.0,0.0,0.0,0.0,0.0,0.0,113.488,7490198,85.881,0.757,7.113,0.063,47.851,0.422,12.878,0.113,0.0,0.000
3,4294967295,8,47,aclnnInplaceUniform_DSARandomUniform_DSARandomUniform,DSARandomUniform,dynamic,DSA_SQE,1788186112082633.555	,1.980,2.380000,0,0,NO,N/A,N/A,N/A,"""1,7168""",DT_BF16,ND,N/A,N/A,N/A,N/A,N/A,N/A,N/A,N/A,N/A,N/A,N/A,N/A,N/A,N/A,N/A,N/A,N/A,N/A,N/A,N/A,N/A,N/A,N/A,N/A,N/A,N/A
3,4294967295,10,47,aclnnInplaceUniform_DSARandomUniform_DSARandomUniform,DSARandomUniform,dynamic,DSA_SQE,1788186112082637.995	,2.160,2.520000,0,0,NO,N/A,N/A,N/A,"""9216""",FLOAT,ND,N/A,N/A,N/A,N/A,N/A,N/A,N/A,N/A,N/A,N/A,N/A,N/A,N/A,N/A,N/A,N/A,N/A,N/A,N/A,N/A,N/A,N/A,N/A,N/A,N/A,N/A
3,4294967295,12,47,aclnnInplaceUniform_DSARandomUniform_DSARandomUniform,DSARandomUniform,dynamic,DSA_SQE,1788186112082642.615	,1.680,2.340000,0,0,NO,N/A,N/A,N/A,"""1,4096""",FLOAT,ND,N/A,N/A,N/A,N/A,N/A,N/A,N/A,N/A,N/A,N/A,N/A,N/A,N/A,N/A,N/A,N/A,N/A,N/A,N/A,N/A,N/A,N/A,N/A,N/A,N/A,N/A
3,4294967295,14,47,aclnnInplaceUniform_DSARandomUniform_DSARandomUniform,DSARandomUniform,dynamic,DSA_SQE,1788186112082646.835	,2.180,2.570000,0,0,NO,N/A,N/A,N/A,"""9216""",FLOAT,ND,N/A,N/A,N/A,N/A,N/A,N/A,N/A,N/A,N/A,N/A,N/A,N/A,N/A,N/A,N/A,N/A,N/A,N/A,N/A,N/A,N/A,N/A,N/A,N/A,N/A,N/A
3,4294967295,16,47,aclnnInplaceUniform_DSARandomUniform_DSARandomUniform,DSARandomUniform,dynamic,DSA_SQE,1788186112082651.535	,1.540,2.570000,0,0,NO,N/A,N/A,N/A,"""1,2048""",FLOAT,ND,N/A,N/A,N/A,N/A,N/A,N/A,N/A,N/A,N/A,N/A,N/A,N/A,N/A,N/A,N/A,N/A,N/A,N/A,N/A,N/A,N/A,N/A,N/A,N/A,N/A,N/A
3,4294967295,17,47,aclnnGroupedMatmulV5_GroupedMatmul_GroupedMatmul,GroupedMatmul,dynamic,MIX_AIC,1788186116931045.315	,50.280,4848392.210000,20,0,NO,"""9216,7168;1,7168,4096;;;;;;1""",INT8;INT8;INT32;UINT64;FLOAT;FLOAT16;FLOAT16;INT64,ND;NCL;ND;ND;ND;ND;ND;ND,"""9216,4096""",INT32,ND,0,19.335,638044,2.905,0.15,8.429,0.436,9.407,0.487,15.13,0.783,1.47,0.076,0.021,0.0,0,0.0,0.0,0.0,0.0,0.0,0.0,0.0,0.0,0.0,38.454
3,4294967295,18,47,DequantSwigluQuant,DequantSwigluQuant,dynamic,AI_VECTOR_CORE,1788186117699748.955	,10.080,768653.470000,36,0,NO,"""9216,4096;1,4096;9216;;1,2048;;1""",INT32;FLOAT;FLOAT;DT_UNDEFINED;FLOAT;DT_UNDEFINED;INT64,ND;ND;ND;NULL;ND;NULL;ND,"""9216,2048;9216""",INT8;FLOAT,ND;ND,N/A,0.0,0,0.0,0.0,0.0,0.0,0.0,0.0,0.0,0.0,0.0,0.0,0.0,6.361,377823,0.057,0.009,2.473,0.389,1.006,0.158,0.005,0.001,0.178,0.000
3,4294967295,19,47,aclnnGroupedMatmulV5_GroupedMatmul_GroupedMatmul,GroupedMatmul,dynamic,MIX_AIC,1788186117704007.315	,23.660,4248.170000,20,20,NO,"""9216,2048;1,2048,7168;;1,7168;;;;1;9216""",INT8;INT8;INT32;DT_BF16;FLOAT;FLOAT16;FLOAT16;INT64;FLOAT,ND;NCL;ND;ND;ND;ND;ND;ND;ND,"""9216,7168""",DT_BF16,ND,0,20.106,663487,1.453,0.072,10.273,0.511,4.703,0.234,8.425,0.419,2.51,0.125,0.039,19.788,652989,0.211,0.011,4.747,0.24,1.519,0.077,0.204,0.01,0.12,84.977
3,4294967295,20,47,aclnnDynamicQuantV2_DynamicQuant_DynamicQuant,DynamicQuant,dynamic,AI_VECTOR_CORE,1788186117704566.495	,324.660,535.590000,40,0,NO,"""9216,7168""",DT_BF16,ND,"""9216,7168;9216""",INT8;FLOAT,ND;ND,N/A,0.0,0,0.0,0.0,0.0,0.0,0.0,0.0,0.0,0.0,0.0,0.0,0.0,318.253,21004731,188.865,0.593,30.407,0.096,283.128,0.89,157.303,0.494,0.005,0.000
3,4294967295,21,47,clear_ops,clear_ops,dynamic,MIX_AIC,1788186117704971.135	,30.740,80.090000,20,40,NO,N/A,N/A,N/A,N/A,N/A,N/A,0,28.53,941475,0.0,0.0,4.553,0.16,0.001,0.0,0.001,0.0,0.001,0.0,0.127,28.431,1876438,0.008,0.0,3.915,0.138,0.001,0.0,0.001,0.0,0.149,92.809
3,4294967295,22,47,aclnnGroupedMatmulV5_GroupedMatmul_GroupedMatmul,GroupedMatmul,dynamic,MIX_AIC,1788186117706976.415	,52.160,1974.510000,20,0,NO,"""9216,7168;1,7168,4096;;;;;;1""",INT8;INT8;INT32;UINT64;FLOAT;FLOAT16;FLOAT16;INT64,ND;NCL;ND;ND;ND;ND;ND;ND,"""9216,4096""",INT32,ND,0,37.728,1245031,2.905,0.077,8.719,0.231,9.372,0.248,32.032,0.849,2.426,0.064,0.022,0.0,0,0.0,0.0,0.0,0.0,0.0,0.0,0.0,0.0,0.0,72.332
3,4294967295,23,47,DequantSwigluQuant,DequantSwigluQuant,dynamic,AI_VECTOR_CORE,1788186117707134.295	,9.480,105.590000,36,0,NO,"""9216,4096;1,4096;9216;;1,2048;;1""",INT32;FLOAT;FLOAT;DT_UNDEFINED;FLOAT;DT_UNDEFINED;INT64,ND;ND;ND;NULL;ND;NULL;ND,"""9216,2048;9216""",INT8;FLOAT,ND;ND,N/A,0.0,0,0.0,0.0,0.0,0.0,0.0,0.0,0.0,0.0,0.0,0.0,0.0,5.614,333490,0.057,0.01,1.919,0.342,0.771,0.137,0.005,0.001,0.186,0.000
3,4294967295,24,47,aclnnGroupedMatmulV5_GroupedMatmul_GroupedMatmul,GroupedMatmul,dynamic,MIX_AIC,1788186117709097.875	,43.580,1954.270000,20,20,NO,"""9216,2048;1,2048,7168;;1,7168;;;;1;9216""",INT8;INT8;INT32;DT_BF16;FLOAT;FLOAT16;FLOAT16;INT64;FLOAT,ND;NCL;ND;ND;ND;ND;ND;ND;ND,"""9216,7168""",DT_BF16,ND,0,34.117,1125862,1.453,0.043,17.192,0.504,4.689,0.137,19.008,0.557,4.827,0.141,0.032,33.808,1115650,0.198,0.006,7.196,0.213,2.58,0.076,0.203,0.006,0.115,78.286
3,4294967295,25,47,aclnnDynamicQuantV2_DynamicQuant_DynamicQuant,DynamicQuant,dynamic,AI_VECTOR_CORE,1788186117709837.115	,332.100,695.420000,40,0,NO,"""9216,7168""",DT_BF16,ND,"""9216,7168;9216""",INT8;FLOAT,ND;ND,N/A,0.0,0,0.0,0.0,0.0,0.0,0.0,0.0,0.0,0.0,0.0,0.0,0.0,324.796,21436519,188.856,0.581,29.906,0.092,291.879,0.899,165.508,0.51,0.005,0.000
3,4294967295,26,47,clear_ops,clear_ops,dynamic,MIX_AIC,1788186117710170.355	,31.240,1.150000,20,40,NO,N/A,N/A,N/A,N/A,N/A,N/A,0,29.014,957456,0.0,0.0,4.55,0.157,0.001,0.0,0.001,0.0,0.001,0.0,0.123,28.913,1908249,0.008,0.0,3.849,0.133,0.001,0.0,0.001,0.0,0.149,92.874
3,4294967295,27,47,aclnnGroupedMatmulV5_GroupedMatmul_GroupedMatmul,GroupedMatmul,dynamic,MIX_AIC,1788186117711691.175	,52.220,1489.760000,20,0,NO,"""9216,7168;1,7168,4096;;;;;;1""",INT8;INT8;INT32;UINT64;FLOAT;FLOAT16;FLOAT16;INT64,ND;NCL;ND;ND;ND;ND;ND;ND,"""9216,4096""",INT32,ND,0,38.082,1256708,2.905,0.076,9.497,0.249,9.375,0.246,32.026,0.841,2.446,0.064,0.021,0.0,0,0.0,0.0,0.0,0.0,0.0,0.0,0.0,0.0,0.0,72.926
3,4294967295,28,47,DequantSwigluQuant,DequantSwigluQuant,dynamic,AI_VECTOR_CORE,1788186117711851.835	,7.780,108.280000,36,0,NO,"""9216,4096;1,4096;9216;;1,2048;;1""",INT32;FLOAT;FLOAT;DT_UNDEFINED;FLOAT;DT_UNDEFINED;INT64,ND;ND;ND;NULL;ND;NULL;ND,"""9216,2048;9216""",INT8;FLOAT,ND;ND,N/A,0.0,0,0.0,0.0,0.0,0.0,0.0,0.0,0.0,0.0,0.0,0.0,0.0,4.645,275890,0.057,0.012,1.24,0.267,0.391,0.084,0.005,0.001,0.185,0.000
3,4294967295,29,47,aclnnGroupedMatmulV5_GroupedMatmul_GroupedMatmul,GroupedMatmul,dynamic,MIX_AIC,1788186117713804.315	,43.280,1944.720000,20,20,NO,"""9216,2048;1,2048,7168;;1,7168;;;;1;9216""",INT8;INT8;INT32;DT_BF16;FLOAT;FLOAT16;FLOAT16;INT64;FLOAT,ND;NCL;ND;ND;ND;ND;ND;ND;ND,"""9216,7168""",DT_BF16,ND,0,32.849,1084007,1.453,0.044,15.397,0.469,4.688,0.143,19.349,0.589,5.137,0.156,0.035,32.522,1073242,0.196,0.006,5.659,0.174,2.582,0.079,0.187,0.006,0.119,75.898
3,4294967295,30,47,aclnnDynamicQuantV2_DynamicQuant_DynamicQuant,DynamicQuant,dynamic,AI_VECTOR_CORE,1788186117714510.715	,328.560,663.220000,40,0,NO,"""9216,7168""",DT_BF16,ND,"""9216,7168;9216""",INT8;FLOAT,ND;ND,N/A,0.0,0,0.0,0.0,0.0,0.0,0.0,0.0,0.0,0.0,0.0,0.0,0.0,322.029,21253897,188.856,0.586,30.181,0.094,289.666,0.9,160.814,0.499,0.005,0.000
3,4294967295,31,47,clear_ops,clear_ops,dynamic,MIX_AIC,1788186117714840.555	,29.540,1.190000,20,40,NO,N/A,N/A,N/A,N/A,N/A,N/A,0,27.339,902182,0.0,0.0,4.576,0.167,0.001,0.0,0.001,0.0,0.001,0.0,0.125,27.241,1797894,0.008,0.0,3.788,0.139,0.001,0.0,0.001,0.0,0.149,92.549
3,4294967295,32,47,aclnnGroupedMatmulV5_GroupedMatmul_GroupedMatmul,GroupedMatmul,dynamic,MIX_AIC,1788186117716361.675	,53.460,1491.710000,20,0,NO,"""9216,7168;1,7168,4096;;;;;;1""",INT8;INT8;INT32;UINT64;FLOAT;FLOAT16;FLOAT16;INT64,ND;NCL;ND;ND;ND;ND;ND;ND,"""9216,4096""",INT32,ND,0,38.209,1260899,2.905,0.076,9.043,0.237,9.379,0.245,32.112,0.84,2.451,0.064,0.022,0.0,0,0.0,0.0,0.0,0.0,0.0,0.0,0.0,0.0,0.0,71.472
3,4294967295,33,47,DequantSwigluQuant,DequantSwigluQuant,dynamic,AI_VECTOR_CORE,1788186117716515.155	,8.780,100.040000,36,0,NO,"""9216,4096;1,4096;9216;;1,2048;;1""",INT32;FLOAT;FLOAT;DT_UNDEFINED;FLOAT;DT_UNDEFINED;INT64,ND;ND;ND;NULL;ND;NULL;ND,"""9216,2048;9216""",INT8;FLOAT,ND;ND,N/A,0.0,0,0.0,0.0,0.0,0.0,0.0,0.0,0.0,0.0,0.0,0.0,0.0,5.146,305695,0.057,0.011,1.606,0.312,0.584,0.113,0.005,0.001,0.184,0.000
3,4294967295,34,47,aclnnGroupedMatmulV5_GroupedMatmul_GroupedMatmul,GroupedMatmul,dynamic,MIX_AIC,1788186117718466.775	,40.520,1942.720000,20,20,NO,"""9216,2048;1,2048,7168;;1,7168;;;;1;9216""",INT8;INT8;INT32;DT_BF16;FLOAT;FLOAT16;FLOAT16;INT64;FLOAT,ND;NCL;ND;ND;ND;ND;ND;ND;ND,"""9216,7168""",DT_BF16,ND,0,31.074,1025438,1.453,0.047,12.908,0.415,4.689,0.151,18.958,0.61,4.834,0.156,0.04,30.767,1015308,0.206,0.007,4.175,0.136,1.778,0.058,0.181,0.006,0.126,76.688
3,4294967295,35,47,aclnnDynamicQuantV2_DynamicQuant_DynamicQuant,DynamicQuant,dynamic,AI_VECTOR_CORE,1788186117719170.355	,333.040,662.980000,40,0,NO,"""9216,7168""",DT_BF16,ND,"""9216,7168;9216""",INT8;FLOAT,ND;ND,N/A,0.0,0,0.0,0.0,0.0,0.0,0.0,0.0,0.0,0.0,0.0,0.0,0.0,328.228,21663049,188.864,0.575,30.439,0.093,293.118,0.893,157.23,0.479,0.005,0.000
3,4294967295,36,47,clear_ops,clear_ops,dynamic,MIX_AIC,1788186117719504.875	,29.400,1.710000,20,40,NO,N/A,N/A,N/A,N/A,N/A,N/A,0,27.178,896869,0.0,0.0,4.546,0.167,0.001,0.0,0.001,0.0,0.001,0.0,0.126,27.077,1787055,0.008,0.0,3.797,0.14,0.001,0.0,0.001,0.0,0.148,92.442
3,4294967295,37,47,aclnnGroupedMatmulV5_GroupedMatmul_GroupedMatmul,GroupedMatmul,dynamic,MIX_AIC,1788186117720995.535	,51.900,1461.100000,20,0,NO,"""9216,7168;1,7168,4096;;;;;;1""",INT8;INT8;INT32;UINT64;FLOAT;FLOAT16;FLOAT16;INT64,ND;NCL;ND;ND;ND;ND;ND;ND,"""9216,4096""",INT32,ND,0,37.848,1248968,2.905,0.077,8.733,0.231,9.373,0.248,32.14,0.849,2.44,0.064,0.022,0.0,0,0.0,0.0,0.0,0.0,0.0,0.0,0.0,0.0,0.0,72.924
3,4294967295,38,47,DequantSwigluQuant,DequantSwigluQuant,dynamic,AI_VECTOR_CORE,1788186117721160.975	,9.200,113.600000,36,0,NO,"""9216,4096;1,4096;9216;;1,2048;;1""",INT32;FLOAT;FLOAT;DT_UNDEFINED;FLOAT;DT_UNDEFINED;INT64,ND;ND;ND;NULL;ND;NULL;ND,"""9216,2048;9216""",INT8;FLOAT,ND;ND,N/A,0.0,0,0.0,0.0,0.0,0.0,0.0,0.0,0.0,0.0,0.0,0.0,0.0,5.559,330198,0.057,0.01,1.997,0.359,0.732,0.132,0.005,0.001,0.179,0.000
3,4294967295,39,47,aclnnGroupedMatmulV5_GroupedMatmul_GroupedMatmul,GroupedMatmul,dynamic,MIX_AIC,1788186117723100.875	,42.380,1930.800000,20,20,NO,"""9216,2048;1,2048,7168;;1,7168;;;;1;9216""",INT8;INT8;INT32;DT_BF16;FLOAT;FLOAT16;FLOAT16;INT64;FLOAT,ND;NCL;ND;ND;ND;ND;ND;ND;ND,"""9216,7168""",DT_BF16,ND,0,32.706,1079298,1.453,0.044,14.691,0.449,4.688,0.143,18.723,0.572,4.9,0.15,0.035,32.383,1068625,0.197,0.006,5.331,0.165,2.459,0.076,0.182,0.006,0.122,77.173
3,4294967295,40,47,aclnnDynamicQuantV2_DynamicQuant_DynamicQuant,DynamicQuant,dynamic,AI_VECTOR_CORE,1788186117723818.255	,329.580,674.870000,40,0,NO,"""9216,7168""",DT_BF16,ND,"""9216,7168;9216""",INT8;FLOAT,ND;ND,N/A,0.0,0,0.0,0.0,0.0,0.0,0.0,0.0,0.0,0.0,0.0,0.0,0.0,323.588,21356807,188.859,0.584,29.852,0.092,290.724,0.898,159.991,0.494,0.005,0.000
3,4294967295,41,47,clear_ops,clear_ops,dynamic,MIX_AIC,1788186117724149.215	,31.180,1.420000,20,40,NO,N/A,N/A,N/A,N/A,N/A,N/A,0,28.97,956010,0.0,0.0,4.667,0.161,0.001,0.0,0.001,0.0,0.001,0.0,0.128,28.867,1905252,0.008,0.0,3.831,0.133,0.001,0.0,0.001,0.0,0.148,92.912
3,4294967295,42,47,aclnnGroupedMatmulV5_GroupedMatmul_GroupedMatmul,GroupedMatmul,dynamic,MIX_AIC,1788186117725693.395	,53.640,1513.070000,20,0,NO,"""9216,7168;1,7168,4096;;;;;;1""",INT8;INT8;INT32;UINT64;FLOAT;FLOAT16;FLOAT16;INT64,ND;NCL;ND;ND;ND;ND;ND;ND,"""9216,4096""",INT32,ND,0,40.255,1328416,2.905,0.072,10.48,0.26,9.37,0.233,32.368,0.804,2.466,0.061,0.019,0.0,0,0.0,0.0,0.0,0.0,0.0,0.0,0.0,0.0,0.0,75.047
3,4294967295,43,47,DequantSwigluQuant,DequantSwigluQuant,dynamic,AI_VECTOR_CORE,1788186117725847.215	,10.240,100.110000,36,0,NO,"""9216,4096;1,4096;9216;;1,2048;;1""",INT32;FLOAT;FLOAT;DT_UNDEFINED;FLOAT;DT_UNDEFINED;INT64,ND;ND;ND;NULL;ND;NULL;ND,"""9216,2048;9216""",INT8;FLOAT,ND;ND,N/A,0.0,0,0.0,0.0,0.0,0.0,0.0,0.0,0.0,0.0,0.0,0.0,0.0,5.112,303655,0.057,0.011,1.576,0.308,0.586,0.115,0.005,0.001,0.185,0.000
3,4294967295,44,47,aclnnGroupedMatmulV5_GroupedMatmul_GroupedMatmul,GroupedMatmul,dynamic,MIX_AIC,1788186117727776.955	,40.960,1919.510000,20,20,NO,"""9216,2048;1,2048,7168;;1,7168;;;;1;9216""",INT8;INT8;INT32;DT_BF16;FLOAT;FLOAT16;FLOAT16;INT64;FLOAT,ND;NCL;ND;ND;ND;ND;ND;ND;ND,"""9216,7168""",DT_BF16,ND,0,30.257,998494,1.453,0.048,11.982,0.396,4.689,0.155,18.515,0.612,4.717,0.156,0.042,29.946,988224,0.213,0.007,4.399,0.147,1.532,0.051,0.18,0.006,0.125,73.871
3,4294967295,45,47,aclnnDynamicQuantV2_DynamicQuant_DynamicQuant,DynamicQuant,dynamic,AI_VECTOR_CORE,1788186117728478.455	,332.000,660.540000,40,0,NO,"""9216,7168""",DT_BF16,ND,"""9216,7168;9216""",INT8;FLOAT,ND;ND,N/A,0.0,0,0.0,0.0,0.0,0.0,0.0,0.0,0.0,0.0,0.0,0.0,0.0,324.847,21439931,188.858,0.581,29.928,0.092,291.602,0.898,162.31,0.5,0.005,0.000
3,4294967295,46,47,clear_ops,clear_ops,dynamic,MIX_AIC,1788186117728811.855	,30.140,1.250000,20,40,NO,N/A,N/A,N/A,N/A,N/A,N/A,0,27.915,921206,0.0,0.0,4.623,0.166,0.001,0.0,0.001,0.0,0.001,0.0,0.129,27.814,1835743,0.008,0.0,3.82,0.137,0.001,0.0,0.001,0.0,0.148,92.619
3,4294967295,47,47,aclnnGroupedMatmulV5_GroupedMatmul_GroupedMatmul,GroupedMatmul,dynamic,MIX_AIC,1788186117730318.575	,52.240,1476.610000,20,0,NO,"""9216,7168;1,7168,4096;;;;;;1""",INT8;INT8;INT32;UINT64;FLOAT;FLOAT16;FLOAT16;INT64,ND;NCL;ND;ND;ND;ND;ND;ND,"""9216,4096""",INT32,ND,0,38.233,1261697,2.905,0.076,8.881,0.232,9.377,0.245,32.334,0.846,2.43,0.064,0.022,0.0,0,0.0,0.0,0.0,0.0,0.0,0.0,0.0,0.0,0.0,73.188
3,4294967295,48,47,DequantSwigluQuant,DequantSwigluQuant,dynamic,AI_VECTOR_CORE,1788186117730471.475	,9.480,100.760000,36,0,NO,"""9216,4096;1,4096;9216;;1,2048;;1""",INT32;FLOAT;FLOAT;DT_UNDEFINED;FLOAT;DT_UNDEFINED;INT64,ND;ND;ND;NULL;ND;NULL;ND,"""9216,2048;9216""",INT8;FLOAT,ND;ND,N/A,0.0,0,0.0,0.0,0.0,0.0,0.0,0.0,0.0,0.0,0.0,0.0,0.0,5.772,342874,0.057,0.01,2.024,0.351,0.813,0.141,0.005,0.001,0.185,0.000
3,4294967295,49,47,aclnnGroupedMatmulV5_GroupedMatmul_GroupedMatmul,GroupedMatmul,dynamic,MIX_AIC,1788186117732406.995	,40.060,1926.020000,20,20,NO,"""9216,2048;1,2048,7168;;1,7168;;;;1;9216""",INT8;INT8;INT32;DT_BF16;FLOAT;FLOAT16;FLOAT16;INT64;FLOAT,ND;NCL;ND;ND;ND;ND;ND;ND;ND,"""9216,7168""",DT_BF16,ND,0,29.518,974100,1.453,0.049,13.025,0.441,4.689,0.159,18.663,0.632,4.916,0.167,0.039,29.208,963849,0.209,0.007,4.136,0.142,1.802,0.062,0.186,0.006,0.125,73.685
3,4294967295,50,47,aclnnDynamicQuantV2_DynamicQuant_DynamicQuant,DynamicQuant,dynamic,AI_VECTOR_CORE,1788186117733114.475	,334.040,667.440000,40,0,NO,"""9216,7168""",DT_BF16,ND,"""9216,7168;9216""",INT8;FLOAT,ND;ND,N/A,0.0,0,0.0,0.0,0.0,0.0,0.0,0.0,0.0,0.0,0.0,0.0,0.0,327.675,21626540,188.863,0.576,30.118,0.092,292.8,0.894,165.79,0.506,0.005,0.000
3,4294967295,51,47,clear_ops,clear_ops,dynamic,MIX_AIC,1788186117733449.555	,31.120,0.960000,20,40,NO,N/A,N/A,N/A,N/A,N/A,N/A,0,28.885,953204,0.0,0.0,4.562,0.158,0.001,0.0,0.001,0.0,0.001,0.0,0.13,28.783,1899696,0.008,0.0,3.778,0.131,0.001,0.0,0.001,0.0,0.149,92.818
3,4294967295,52,47,aclnnGroupedMatmulV5_GroupedMatmul_GroupedMatmul,GroupedMatmul,dynamic,MIX_AIC,1788186117734981.375	,50.740,1500.880000,20,0,NO,"""9216,7168;1,7168,4096;;;;;;1""",INT8;INT8;INT32;UINT64;FLOAT;FLOAT16;FLOAT16;INT64,ND;NCL;ND;ND;ND;ND;ND;ND,"""9216,4096""",INT32,ND,0,37.671,1243136,2.905,0.077,8.772,0.233,9.38,0.249,32.077,0.852,2.464,0.065,0.022,0.0,0,0.0,0.0,0.0,0.0,0.0,0.0,0.0,0.0,0.0,74.243
3,4294967295,53,47,DequantSwigluQuant,DequantSwigluQuant,dynamic,AI_VECTOR_CORE,1788186117735128.915	,9.240,96.760000,36,0,NO,"""9216,4096;1,4096;9216;;1,2048;;1""",INT32;FLOAT;FLOAT;DT_UNDEFINED;FLOAT;DT_UNDEFINED;INT64,ND;ND;ND;NULL;ND;NULL;ND,"""9216,2048;9216""",INT8;FLOAT,ND;ND,N/A,0.0,0,0.0,0.0,0.0,0.0,0.0,0.0,0.0,0.0,0.0,0.0,0.0,5.443,323301,0.057,0.01,1.811,0.333,0.703,0.129,0.005,0.001,0.186,0.000
3,4294967295,54,47,aclnnGroupedMatmulV5_GroupedMatmul_GroupedMatmul,GroupedMatmul,dynamic,MIX_AIC,1788186117737058.115	,42.220,1919.760000,20,20,NO,"""9216,2048;1,2048,7168;;1,7168;;;;1;9216""",INT8;INT8;INT32;DT_BF16;FLOAT;FLOAT16;FLOAT16;INT64;FLOAT,ND;NCL;ND;ND;ND;ND;ND;ND;ND,"""9216,7168""",DT_BF16,ND,0,31.573,1041917,1.453,0.046,14.368,0.455,4.689,0.149,18.993,0.602,4.796,0.152,0.037,31.255,1031427,0.197,0.006,5.252,0.168,2.574,0.082,0.176,0.006,0.126,74.783
3,4294967295,55,47,aclnnDynamicQuantV2_DynamicQuant_DynamicQuant,DynamicQuant,dynamic,AI_VECTOR_CORE,1788186117737770.155	,329.140,670.030000,40,0,NO,"""9216,7168""",DT_BF16,ND,"""9216,7168;9216""",INT8;FLOAT,ND;ND,N/A,0.0,0,0.0,0.0,0.0,0.0,0.0,0.0,0.0,0.0,0.0,0.0,0.0,322.875,21309770,188.859,0.585,30.078,0.093,290.311,0.899,154.229,0.478,0.005,0.000
3,4294967295,56,47,clear_ops,clear_ops,dynamic,MIX_AIC,1788186117738100.815	,29.600,1.360000,20,40,NO,N/A,N/A,N/A,N/A,N/A,N/A,0,27.376,903402,0.0,0.0,4.639,0.169,0.001,0.0,0.001,0.0,0.001,0.0,0.129,27.276,1800203,0.008,0.0,3.851,0.141,0.001,0.0,0.001,0.0,0.149,92.486
3,4294967295,57,47,aclnnGroupedMatmulV5_GroupedMatmul_GroupedMatmul,GroupedMatmul,dynamic,MIX_AIC,1788186117739618.995	,51.640,1488.650000,20,0,NO,"""9216,7168;1,7168,4096;;;;;;1""",INT8;INT8;INT32;UINT64;FLOAT;FLOAT16;FLOAT16;INT64,ND;NCL;ND;ND;ND;ND;ND;ND,"""9216,4096""",INT32,ND,0,38.117,1257873,2.905,0.076,8.795,0.231,9.37,0.246,32.338,0.848,2.492,0.065,0.022,0.0,0,0.0,0.0,0.0,0.0,0.0,0.0,0.0,0.0,0.0,73.814
3,4294967295,58,47,DequantSwigluQuant,DequantSwigluQuant,dynamic,AI_VECTOR_CORE,1788186117739779.755	,7.740,109.110000,36,0,NO,"""9216,4096;1,4096;9216;;1,2048;;1""",INT32;FLOAT;FLOAT;DT_UNDEFINED;FLOAT;DT_UNDEFINED;INT64,ND;ND;ND;NULL;ND;NULL;ND,"""9216,2048;9216""",INT8;FLOAT,ND;ND,N/A,0.0,0,0.0,0.0,0.0,0.0,0.0,0.0,0.0,0.0,0.0,0.0,0.0,4.652,276326,0.057,0.012,1.248,0.268,0.381,0.082,0.005,0.001,0.188,0.000
3,4294967295,59,47,aclnnGroupedMatmulV5_GroupedMatmul_GroupedMatmul,GroupedMatmul,dynamic,MIX_AIC,1788186117741715.795	,40.620,1928.260000,20,20,NO,"""9216,2048;1,2048,7168;;1,7168;;;;1;9216""",INT8;INT8;INT32;DT_BF16;FLOAT;FLOAT16;FLOAT16;INT64;FLOAT,ND;NCL;ND;ND;ND;ND;ND;ND;ND,"""9216,7168""",DT_BF16,ND,0,29.583,976242,1.453,0.049,12.816,0.433,4.69,0.159,18.606,0.629,4.792,0.162,0.041,29.284,966369,0.204,0.007,4.644,0.159,1.801,0.061,0.181,0.006,0.125,72.829
3,4294967295,60,47,aclnnDynamicQuantV2_DynamicQuant_DynamicQuant,DynamicQuant,dynamic,AI_VECTOR_CORE,1788186117742413.155	,330.980,656.880000,40,0,NO,"""9216,7168""",DT_BF16,ND,"""9216,7168;9216""",INT8;FLOAT,ND;ND,N/A,0.0,0,0.0,0.0,0.0,0.0,0.0,0.0,0.0,0.0,0.0,0.0,0.0,324.267,21401616,188.857,0.582,30.074,0.093,291.656,0.899,161.469,0.498,0.005,0.000
3,4294967295,61,47,clear_ops,clear_ops,dynamic,MIX_AIC,1788186117742745.475	,29.720,1.270000,20,40,NO,N/A,N/A,N/A,N/A,N/A,N/A,0,27.48,906833,0.0,0.0,4.581,0.167,0.001,0.0,0.001,0.0,0.001,0.0,0.126,27.378,1806955,0.008,0.0,3.814,0.139,0.001,0.0,0.001,0.0,0.148,92.462
3,4294967295,62,47,aclnnGroupedMatmulV5_GroupedMatmul_GroupedMatmul,GroupedMatmul,dynamic,MIX_AIC,1788186117744240.555	,52.480,1465.280000,20,0,NO,"""9216,7168;1,7168,4096;;;;;;1""",INT8;INT8;INT32;UINT64;FLOAT;FLOAT16;FLOAT16;INT64,ND;NCL;ND;ND;ND;ND;ND;ND,"""9216,4096""",INT32,ND,0,38.021,1254681,2.905,0.076,9.144,0.241,9.379,0.247,32.176,0.846,2.448,0.064,0.022,0.0,0,0.0,0.0,0.0,0.0,0.0,0.0,0.0,0.0,0.0,72.448
3,4294967295,63,47,DequantSwigluQuant,DequantSwigluQuant,dynamic,AI_VECTOR_CORE,1788186117744397.595	,14.000,104.520000,36,0,NO,"""9216,4096;1,4096;9216;;1,2048;;1""",INT32;FLOAT;FLOAT;DT_UNDEFINED;FLOAT;DT_UNDEFINED;INT64,ND;ND;ND;NULL;ND;NULL;ND,"""9216,2048;9216""",INT8;FLOAT,ND;ND,N/A,0.0,0,0.0,0.0,0.0,0.0,0.0,0.0,0.0,0.0,0.0,0.0,0.0,10.561,627312,0.057,0.005,4.265,0.404,1.841,0.174,0.005,0.0,0.185,0.000
3,4294967295,64,47,aclnnGroupedMatmulV5_GroupedMatmul_GroupedMatmul,GroupedMatmul,dynamic,MIX_AIC,1788186117746337.975	,39.780,1926.500000,20,20,NO,"""9216,2048;1,2048,7168;;1,7168;;;;1;9216""",INT8;INT8;INT32;DT_BF16;FLOAT;FLOAT16;FLOAT16;INT64;FLOAT,ND;NCL;ND;ND;ND;ND;ND;ND;ND,"""9216,7168""",DT_BF16,ND,0,30.393,1002962,1.453,0.048,12.107,0.398,4.69,0.154,18.788,0.618,4.774,0.157,0.042,30.087,992861,0.217,0.007,4.144,0.138,1.441,0.048,0.183,0.006,0.125,76.402
3,4294967295,65,47,aclnnDynamicQuantV2_DynamicQuant_DynamicQuant,DynamicQuant,dynamic,AI_VECTOR_CORE,1788186117747036.455	,329.320,658.720000,40,0,NO,"""9216,7168""",DT_BF16,ND,"""9216,7168;9216""",INT8;FLOAT,ND;ND,N/A,0.0,0,0.0,0.0,0.0,0.0,0.0,0.0,0.0,0.0,0.0,0.0,0.0,323.591,21357019,188.861,0.584,30.167,0.093,291.186,0.9,158.673,0.49,0.005,0.000
3,4294967295,66,47,clear_ops,clear_ops,dynamic,MIX_AIC,1788186117747366.835	,29.560,0.930000,20,40,NO,N/A,N/A,N/A,N/A,N/A,N/A,0,27.361,902898,0.0,0.0,4.438,0.162,0.001,0.0,0.001,0.0,0.001,0.0,0.128,27.259,1799081,0.008,0.0,3.73,0.137,0.001,0.0,0.001,0.0,0.149,92.559
3,4294967295,67,47,aclnnGroupedMatmulV5_GroupedMatmul_GroupedMatmul,GroupedMatmul,dynamic,MIX_AIC,1788186117748875.695	,53.860,1479.440000,20,0,NO,"""9216,7168;1,7168,4096;;;;;;1""",INT8;INT8;INT32;UINT64;FLOAT;FLOAT16;FLOAT16;INT64,ND;NCL;ND;ND;ND;ND;ND;ND,"""9216,4096""",INT32,ND,0,38.095,1257129,2.905,0.076,8.976,0.236,9.375,0.246,32.263,0.847,2.407,0.063,0.022,0.0,0,0.0,0.0,0.0,0.0,0.0,0.0,0.0,0.0,0.0,70.729
3,4294967295,68,47,DequantSwigluQuant,DequantSwigluQuant,dynamic,AI_VECTOR_CORE,1788186117749031.035	,9.180,101.390000,36,0,NO,"""9216,4096;1,4096;9216;;1,2048;;1""",INT32;FLOAT;FLOAT;DT_UNDEFINED;FLOAT;DT_UNDEFINED;INT64,ND;ND;ND;NULL;ND;NULL;ND,"""9216,2048;9216""",INT8;FLOAT,ND;ND,N/A,0.0,0,0.0,0.0,0.0,0.0,0.0,0.0,0.0,0.0,0.0,0.0,0.0,5.12,304139,0.057,0.011,1.617,0.316,0.569,0.111,0.005,0.001,0.186,0.000
3,4294967295,69,47,aclnnGroupedMatmulV5_GroupedMatmul_GroupedMatmul,GroupedMatmul,dynamic,MIX_AIC,1788186117750985.655	,39.480,1945.570000,20,20,NO,"""9216,2048;1,2048,7168;;1,7168;;;;1;9216""",INT8;INT8;INT32;DT_BF16;FLOAT;FLOAT16;FLOAT16;INT64;FLOAT,ND;NCL;ND;ND;ND;ND;ND;ND;ND,"""9216,7168""",DT_BF16,ND,0,30.413,1003625,1.453,0.048,12.101,0.398,4.692,0.154,18.798,0.618,4.752,0.156,0.043,30.101,993321,0.211,0.007,4.135,0.137,1.603,0.053,0.18,0.006,0.125,77.034
3,4294967295,70,47,aclnnDynamicQuantV2_DynamicQuant_DynamicQuant,DynamicQuant,dynamic,AI_VECTOR_CORE,1788186117751691.915	,330.100,666.770000,40,0,NO,"""9216,7168""",DT_BF16,ND,"""9216,7168;9216""",INT8;FLOAT,ND;ND,N/A,0.0,0,0.0,0.0,0.0,0.0,0.0,0.0,0.0,0.0,0.0,0.0,0.0,323.976,21382442,188.859,0.583,30.028,0.093,290.981,0.898,164.882,0.509,0.005,0.000
3,4294967295,71,47,clear_ops,clear_ops,dynamic,MIX_AIC,1788186117752023.115	,29.740,0.900000,20,40,NO,N/A,N/A,N/A,N/A,N/A,N/A,0,27.521,908182,0.0,0.0,4.594,0.167,0.001,0.0,0.001,0.0,0.001,0.0,0.128,27.42,1809739,0.008,0.0,3.753,0.137,0.001,0.0,0.001,0.0,0.149,92.538
3,4294967295,72,47,aclnnGroupedMatmulV5_GroupedMatmul_GroupedMatmul,GroupedMatmul,dynamic,MIX_AIC,1788186117753560.235	,52.300,1507.510000,20,0,NO,"""9216,7168;1,7168,4096;;;;;;1""",INT8;INT8;INT32;UINT64;FLOAT;FLOAT16;FLOAT16;INT64,ND;NCL;ND;ND;ND;ND;ND;ND,"""9216,4096""",INT32,ND,0,38.619,1274413,2.905,0.075,9.159,0.237,9.375,0.243,32.456,0.84,2.407,0.062,0.022,0.0,0,0.0,0.0,0.0,0.0,0.0,0.0,0.0,0.0,0.0,73.840
3,4294967295,73,47,DequantSwigluQuant,DequantSwigluQuant,dynamic,AI_VECTOR_CORE,1788186117753704.575	,9.200,91.950000,36,0,NO,"""9216,4096;1,4096;9216;;1,2048;;1""",INT32;FLOAT;FLOAT;DT_UNDEFINED;FLOAT;DT_UNDEFINED;INT64,ND;ND;ND;NULL;ND;NULL;ND,"""9216,2048;9216""",INT8;FLOAT,ND;ND,N/A,0.0,0,0.0,0.0,0.0,0.0,0.0,0.0,0.0,0.0,0.0,0.0,0.0,5.51,327309,0.057,0.01,1.842,0.334,0.722,0.131,0.005,0.001,0.187,0.000
3,4294967295,74,47,aclnnGroupedMatmulV5_GroupedMatmul_GroupedMatmul,GroupedMatmul,dynamic,MIX_AIC,1788186117755633.135	,38.400,1919.550000,20,20,NO,"""9216,2048;1,2048,7168;;1,7168;;;;1;9216""",INT8;INT8;INT32;DT_BF16;FLOAT;FLOAT16;FLOAT16;INT64;FLOAT,ND;NCL;ND;ND;ND;ND;ND;ND;ND,"""9216,7168""",DT_BF16,ND,0,29.685,979616,1.453,0.049,13.575,0.457,4.689,0.158,18.573,0.626,4.822,0.162,0.038,29.361,968913,0.207,0.007,4.624,0.157,2.089,0.071,0.185,0.006,0.127,77.306
3,4294967295,75,47,aclnnDynamicQuantV2_DynamicQuant_DynamicQuant,DynamicQuant,dynamic,AI_VECTOR_CORE,1788186117756334.435	,329.840,662.850000,40,0,NO,"""9216,7168""",DT_BF16,ND,"""9216,7168;9216""",INT8;FLOAT,ND;ND,N/A,0.0,0,0.0,0.0,0.0,0.0,0.0,0.0,0.0,0.0,0.0,0.0,0.0,325.111,21457306,188.861,0.581,29.97,0.092,291.747,0.897,156.489,0.481,0.005,0.000
3,4294967295,76,47,clear_ops,clear_ops,dynamic,MIX_AIC,1788186117756665.615	,30.240,1.160000,20,40,NO,N/A,N/A,N/A,N/A,N/A,N/A,0,28.0,923993,0.0,0.0,4.53,0.162,0.001,0.0,0.001,0.0,0.001,0.0,0.129,27.896,1841163,0.008,0.0,3.75,0.134,0.001,0.0,0.001,0.0,0.148,92.592
3,4294967295,77,47,aclnnGroupedMatmulV5_GroupedMatmul_GroupedMatmul,GroupedMatmul,dynamic,MIX_AIC,1788186117758180.415	,52.360,1484.760000,20,0,NO,"""9216,7168;1,7168,4096;;;;;;1""",INT8;INT8;INT32;UINT64;FLOAT;FLOAT16;FLOAT16;INT64,ND;NCL;ND;ND;ND;ND;ND;ND,"""9216,4096""",INT32,ND,0,38.487,1270058,2.905,0.075,8.919,0.232,9.37,0.243,32.696,0.85,2.448,0.064,0.022,0.0,0,0.0,0.0,0.0,0.0,0.0,0.0,0.0,0.0,0.0,73.504
3,4294967295,78,47,DequantSwigluQuant,DequantSwigluQuant,dynamic,AI_VECTOR_CORE,1788186117758332.955	,8.620,100.140000,36,0,NO,"""9216,4096;1,4096;9216;;1,2048;;1""",INT32;FLOAT;FLOAT;DT_UNDEFINED;FLOAT;DT_UNDEFINED;INT64,ND;ND;ND;NULL;ND;NULL;ND,"""9216,2048;9216""",INT8;FLOAT,ND;ND,N/A,0.0,0,0.0,0.0,0.0,0.0,0.0,0.0,0.0,0.0,0.0,0.0,0.0,5.003,297165,0.057,0.011,1.523,0.304,0.551,0.11,0.005,0.001,0.185,0.000
3,4294967295,79,47,aclnnGroupedMatmulV5_GroupedMatmul_GroupedMatmul,GroupedMatmul,dynamic,MIX_AIC,1788186117760267.535	,39.420,1925.880000,20,20,NO,"""9216,2048;1,2048,7168;;1,7168;;;;1;9216""",INT8;INT8;INT32;DT_BF16;FLOAT;FLOAT16;FLOAT16;INT64;FLOAT,ND;NCL;ND;ND;ND;ND;ND;ND;ND,"""9216,7168""",DT_BF16,ND,0,30.615,1010292,1.453,0.047,13.882,0.453,4.693,0.153,19.077,0.623,5.074,0.166,0.04,30.296,999774,0.204,0.007,4.589,0.151,2.086,0.069,0.177,0.006,0.127,77.663
3,4294967295,80,47,aclnnDynamicQuantV2_DynamicQuant_DynamicQuant,DynamicQuant,dynamic,AI_VECTOR_CORE,1788186117760960.495	,330.980,653.580000,40,0,NO,"""9216,7168""",DT_BF16,ND,"""9216,7168;9216""",INT8;FLOAT,ND;ND,N/A,0.0,0,0.0,0.0,0.0,0.0,0.0,0.0,0.0,0.0,0.0,0.0,0.0,324.065,21388318,188.857,0.583,29.893,0.092,291.615,0.9,162.374,0.501,0.005,0.000
3,4294967295,81,47,clear_ops,clear_ops,dynamic,MIX_AIC,1788186117761292.815	,30.380,1.270000,20,40,NO,N/A,N/A,N/A,N/A,N/A,N/A,0,28.188,930213,0.0,0.0,4.573,0.162,0.001,0.0,0.001,0.0,0.001,0.0,0.127,28.089,1853863,0.008,0.0,3.789,0.135,0.001,0.0,0.001,0.0,0.15,92.786
3,4294967295,82,47,aclnnGroupedMatmulV5_GroupedMatmul_GroupedMatmul,GroupedMatmul,dynamic,MIX_AIC,1788186117762801.235	,51.940,1478.120000,20,0,NO,"""9216,7168;1,7168,4096;;;;;;1""",INT8;INT8;INT32;UINT64;FLOAT;FLOAT16;FLOAT16;INT64,ND;NCL;ND;ND;ND;ND;ND;ND,"""9216,4096""",INT32,ND,0,38.083,1256723,2.905,0.076,8.851,0.232,9.371,0.246,32.348,0.849,2.433,0.064,0.022,0.0,0,0.0,0.0,0.0,0.0,0.0,0.0,0.0,0.0,0.0,73.320
3,4294967295,83,47,DequantSwigluQuant,DequantSwigluQuant,dynamic,AI_VECTOR_CORE,1788186117762960.795	,8.640,107.560000,36,0,NO,"""9216,4096;1,4096;9216;;1,2048;;1""",INT32;FLOAT;FLOAT;DT_UNDEFINED;FLOAT;DT_UNDEFINED;INT64,ND;ND;ND;NULL;ND;NULL;ND,"""9216,2048;9216""",INT8;FLOAT,ND;ND,N/A,0.0,0,0.0,0.0,0.0,0.0,0.0,0.0,0.0,0.0,0.0,0.0,0.0,4.913,291824,0.057,0.012,1.51,0.307,0.529,0.108,0.005,0.001,0.187,0.000
3,4294967295,84,47,aclnnGroupedMatmulV5_GroupedMatmul_GroupedMatmul,GroupedMatmul,dynamic,MIX_AIC,1788186117764890.455	,39.020,1921.110000,20,20,NO,"""9216,2048;1,2048,7168;;1,7168;;;;1;9216""",INT8;INT8;INT32;DT_BF16;FLOAT;FLOAT16;FLOAT16;INT64;FLOAT,ND;NCL;ND;ND;ND;ND;ND;ND;ND,"""9216,7168""",DT_BF16,ND,0,29.994,989807,1.453,0.048,12.658,0.422,4.69,0.156,18.731,0.624,4.867,0.162,0.04,29.703,980196,0.208,0.007,4.378,0.147,1.801,0.061,0.182,0.006,0.127,76.869
3,4294967295,85,47,aclnnDynamicQuantV2_DynamicQuant_DynamicQuant,DynamicQuant,dynamic,AI_VECTOR_CORE,1788186117765640.235	,329.780,710.730000,40,0,NO,"""9216,7168""",DT_BF16,ND,"""9216,7168;9216""",INT8;FLOAT,ND;ND,N/A,0.0,0,0.0,0.0,0.0,0.0,0.0,0.0,0.0,0.0,0.0,0.0,0.0,324.06,21387946,188.858,0.583,29.941,0.092,291.408,0.899,164.275,0.507,0.005,0.000
3,4294967295,86,47,clear_ops,clear_ops,dynamic,MIX_AIC,1788186117765971.255	,29.460,1.220000,20,40,NO,N/A,N/A,N/A,N/A,N/A,N/A,0,27.177,896847,0.0,0.0,4.647,0.171,0.001,0.0,0.001,0.0,0.001,0.0,0.128,27.075,1786969,0.008,0.0,3.749,0.138,0.001,0.0,0.001,0.0,0.149,92.251
3,4294967295,87,47,aclnnGroupedMatmulV5_GroupedMatmul_GroupedMatmul,GroupedMatmul,dynamic,MIX_AIC,1788186117767471.195	,51.820,1470.540000,20,0,NO,"""9216,7168;1,7168,4096;;;;;;1""",INT8;INT8;INT32;UINT64;FLOAT;FLOAT16;FLOAT16;INT64,ND;NCL;ND;ND;ND;ND;ND;ND,"""9216,4096""",INT32,ND,0,37.932,1251761,2.905,0.077,8.834,0.233,9.377,0.247,32.262,0.851,2.428,0.064,0.022,0.0,0,0.0,0.0,0.0,0.0,0.0,0.0,0.0,0.0,0.0,73.200
3,4294967295,88,47,DequantSwigluQuant,DequantSwigluQuant,dynamic,AI_VECTOR_CORE,1788186117767623.975	,8.560,100.930000,36,0,NO,"""9216,4096;1,4096;9216;;1,2048;;1""",INT32;FLOAT;FLOAT;DT_UNDEFINED;FLOAT;DT_UNDEFINED;INT64,ND;ND;ND;NULL;ND;NULL;ND,"""9216,2048;9216""",INT8;FLOAT,ND;ND,N/A,0.0,0,0.0,0.0,0.0,0.0,0.0,0.0,0.0,0.0,0.0,0.0,0.0,5.093,302511,0.057,0.011,1.477,0.29,0.511,0.1,0.005,0.001,0.187,0.000
3,4294967295,89,47,aclnnGroupedMatmulV5_GroupedMatmul_GroupedMatmul,GroupedMatmul,dynamic,MIX_AIC,1788186117769580.555	,41.300,1947.940000,20,20,NO,"""9216,2048;1,2048,7168;;1,7168;;;;1;9216""",INT8;INT8;INT32;DT_BF16;FLOAT;FLOAT16;FLOAT16;INT64;FLOAT,ND;NCL;ND;ND;ND;ND;ND;ND;ND,"""9216,7168""",DT_BF16,ND,0,30.512,1006892,1.453,0.048,12.201,0.4,4.69,0.154,18.905,0.62,4.84,0.159,0.041,30.21,996933,0.21,0.007,4.051,0.134,1.447,0.048,0.183,0.006,0.125,73.879
3,4294967295,90,47,aclnnDynamicQuantV2_DynamicQuant_DynamicQuant,DynamicQuant,dynamic,AI_VECTOR_CORE,1788186117770272.035	,331.800,650.200000,40,0,NO,"""9216,7168""",DT_BF16,ND,"""9216,7168;9216""",INT8;FLOAT,ND;ND,N/A,0.0,0,0.0,0.0,0.0,0.0,0.0,0.0,0.0,0.0,0.0,0.0,0.0,325.074,21454916,188.864,0.581,30.187,0.093,290.616,0.894,159.707,0.491,0.005,0.000
3,4294967295,91,47,clear_ops,clear_ops,dynamic,MIX_AIC,1788186117770605.215	,30.440,1.450000,20,40,NO,N/A,N/A,N/A,N/A,N/A,N/A,0,28.219,931225,0.0,0.0,4.579,0.162,0.001,0.0,0.001,0.0,0.001,0.0,0.128,28.116,1855646,0.008,0.0,3.83,0.136,0.001,0.0,0.001,0.0,0.148,92.703
3,4294967295,92,47,aclnnGroupedMatmulV5_GroupedMatmul_GroupedMatmul,GroupedMatmul,dynamic,MIX_AIC,1788186117772082.795	,52.200,1447.060000,20,0,NO,"""9216,7168;1,7168,4096;;;;;;1""",INT8;INT8;INT32;UINT64;FLOAT;FLOAT16;FLOAT16;INT64,ND;NCL;ND;ND;ND;ND;ND;ND,"""9216,4096""",INT32,ND,0,38.021,1254706,2.905,0.076,8.9,0.234,9.373,0.247,32.105,0.844,2.456,0.065,0.023,0.0,0,0.0,0.0,0.0,0.0,0.0,0.0,0.0,0.0,0.0,72.838
3,4294967295,93,47,DequantSwigluQuant,DequantSwigluQuant,dynamic,AI_VECTOR_CORE,1788186117772239.515	,9.240,104.550000,36,0,NO,"""9216,4096;1,4096;9216;;1,2048;;1""",INT32;FLOAT;FLOAT;DT_UNDEFINED;FLOAT;DT_UNDEFINED;INT64,ND;ND;ND;NULL;ND;NULL;ND,"""9216,2048;9216""",INT8;FLOAT,ND;ND,N/A,0.0,0,0.0,0.0,0.0,0.0,0.0,0.0,0.0,0.0,0.0,0.0,0.0,4.996,296758,0.057,0.011,1.557,0.312,0.523,0.105,0.005,0.001,0.187,0.000
3,4294967295,94,47,aclnnGroupedMatmulV5_GroupedMatmul_GroupedMatmul,GroupedMatmul,dynamic,MIX_AIC,1788186117774184.655	,40.420,1936.010000,20,20,NO,"""9216,2048;1,2048,7168;;1,7168;;;;1;9216""",INT8;INT8;INT32;DT_BF16;FLOAT;FLOAT16;FLOAT16;INT64;FLOAT,ND;NCL;ND;ND;ND;ND;ND;ND;ND,"""9216,7168""",DT_BF16,ND,0,31.231,1030632,1.453,0.047,13.921,0.446,4.689,0.15,18.917,0.606,4.907,0.157,0.037,30.895,1019519,0.195,0.006,5.425,0.176,2.401,0.078,0.181,0.006,0.127,77.267
3,4294967295,95,47,aclnnDynamicQuantV2_DynamicQuant_DynamicQuant,DynamicQuant,dynamic,AI_VECTOR_CORE,1788186117774877.795	,333.320,652.580000,40,0,NO,"""9216,7168""",DT_BF16,ND,"""9216,7168;9216""",INT8;FLOAT,ND;ND,N/A,0.0,0,0.0,0.0,0.0,0.0,0.0,0.0,0.0,0.0,0.0,0.0,0.0,328.675,21692567,188.861,0.575,31.212,0.095,294.395,0.896,157.971,0.481,0.005,0.000
3,4294967295,96,47,clear_ops,clear_ops,dynamic,MIX_AIC,1788186117775212.435	,32.180,1.430000,20,40,NO,N/A,N/A,N/A,N/A,N/A,N/A,0,30.023,990743,0.0,0.0,4.626,0.154,0.001,0.0,0.001,0.0,0.001,0.0,0.13,29.922,1974872,0.008,0.0,3.825,0.128,0.001,0.0,0.001,0.0,0.149,93.296
3,4294967295,97,47,aclnnGroupedMatmulV5_GroupedMatmul_GroupedMatmul,GroupedMatmul,dynamic,MIX_AIC,1788186117776675.655	,52.040,1431.070000,20,0,NO,"""9216,7168;1,7168,4096;;;;;;1""",INT8;INT8;INT32;UINT64;FLOAT;FLOAT16;FLOAT16;INT64,ND;NCL;ND;ND;ND;ND;ND;ND,"""9216,4096""",INT32,ND,0,38.113,1257715,2.905,0.076,8.855,0.232,9.38,0.246,32.463,0.852,2.461,0.065,0.022,0.0,0,0.0,0.0,0.0,0.0,0.0,0.0,0.0,0.0,0.0,73.237
3,4294967295,98,47,DequantSwigluQuant,DequantSwigluQuant,dynamic,AI_VECTOR_CORE,1788186117776828.415	,8.680,100.710000,36,0,NO,"""9216,4096;1,4096;9216;;1,2048;;1""",INT32;FLOAT;FLOAT;DT_UNDEFINED;FLOAT;DT_UNDEFINED;INT64,ND;ND;ND;NULL;ND;NULL;ND,"""9216,2048;9216""",INT8;FLOAT,ND;ND,N/A,0.0,0,0.0,0.0,0.0,0.0,0.0,0.0,0.0,0.0,0.0,0.0,0.0,4.972,295354,0.057,0.011,1.588,0.319,0.589,0.119,0.012,0.002,0.185,0.000
3,4294967295,99,47,aclnnGroupedMatmulV5_GroupedMatmul_GroupedMatmul,GroupedMatmul,dynamic,MIX_AIC,1788186117778769.035	,38.000,1931.820000,20,20,NO,"""9216,2048;1,2048,7168;;1,7168;;;;1;9216""",INT8;INT8;INT32;DT_BF16;FLOAT;FLOAT16;FLOAT16;INT64;FLOAT,ND;NCL;ND;ND;ND;ND;ND;ND;ND,"""9216,7168""",DT_BF16,ND,0,29.797,983315,1.453,0.049,12.954,0.435,4.689,0.157,18.577,0.623,4.74,0.159,0.04,29.467,972400,0.208,0.007,4.671,0.159,1.695,0.058,0.185,0.006,0.127,78.414
3,4294967295,100,47,aclnnDynamicQuantV2_DynamicQuant_DynamicQuant,DynamicQuant,dynamic,AI_VECTOR_CORE,1788186117779463.195	,330.940,656.250000,40,0,NO,"""9216,7168""",DT_BF16,ND,"""9216,7168;9216""",INT8;FLOAT,ND;ND,N/A,0.0,0,0.0,0.0,0.0,0.0,0.0,0.0,0.0,0.0,0.0,0.0,0.0,325.194,21462832,188.859,0.581,29.877,0.092,292.508,0.899,162.174,0.499,0.005,0.000
3,4294967295,101,47,clear_ops,clear_ops,dynamic,MIX_AIC,1788186117779795.595	,30.340,1.310000,20,40,NO,N/A,N/A,N/A,N/A,N/A,N/A,0,28.115,927793,0.0,0.0,4.728,0.168,0.001,0.0,0.001,0.0,0.001,0.0,0.129,28.012,1848822,0.008,0.0,3.99,0.142,0.001,0.0,0.001,0.0,0.149,92.666
3,4294967295,102,47,aclnnGroupedMatmulV5_GroupedMatmul_GroupedMatmul,GroupedMatmul,dynamic,MIX_AIC,1788186117781296.495	,51.700,1470.660000,20,0,NO,"""9216,7168;1,7168,4096;;;;;;1""",INT8;INT8;INT32;UINT64;FLOAT;FLOAT16;FLOAT16;INT64,ND;NCL;ND;ND;ND;ND;ND;ND,"""9216,4096""",INT32,ND,0,38.554,1272287,2.905,0.075,9.135,0.237,9.378,0.243,32.625,0.846,2.484,0.064,0.022,0.0,0,0.0,0.0,0.0,0.0,0.0,0.0,0.0,0.0,0.0,74.573
3,4294967295,103,47,DequantSwigluQuant,DequantSwigluQuant,dynamic,AI_VECTOR_CORE,1788186117781445.455	,9.020,97.300000,36,0,NO,"""9216,4096;1,4096;9216;;1,2048;;1""",INT32;FLOAT;FLOAT;DT_UNDEFINED;FLOAT;DT_UNDEFINED;INT64,ND;ND;ND;NULL;ND;NULL;ND,"""9216,2048;9216""",INT8;FLOAT,ND;ND,N/A,0.0,0,0.0,0.0,0.0,0.0,0.0,0.0,0.0,0.0,0.0,0.0,0.0,5.233,310869,0.057,0.011,1.563,0.299,0.541,0.103,0.005,0.001,0.185,0.000
3,4294967295,104,47,aclnnGroupedMatmulV5_GroupedMatmul_GroupedMatmul,GroupedMatmul,dynamic,MIX_AIC,1788186117783363.195	,39.600,1908.730000,20,20,NO,"""9216,2048;1,2048,7168;;1,7168;;;;1;9216""",INT8;INT8;INT32;DT_BF16;FLOAT;FLOAT16;FLOAT16;INT64;FLOAT,ND;NCL;ND;ND;ND;ND;ND;ND;ND,"""9216,7168""",DT_BF16,ND,0,30.334,1001008,1.453,0.048,13.566,0.447,4.688,0.155,18.764,0.619,4.825,0.159,0.04,30.015,990489,0.203,0.007,4.529,0.151,2.11,0.07,0.177,0.006,0.128,76.600
3,4294967295,105,47,aclnnDynamicQuantV2_DynamicQuant_DynamicQuant,DynamicQuant,dynamic,AI_VECTOR_CORE,1788186117784067.515	,334.760,664.650000,40,0,NO,"""9216,7168""",DT_BF16,ND,"""9216,7168;9216""",INT8;FLOAT,ND;ND,N/A,0.0,0,0.0,0.0,0.0,0.0,0.0,0.0,0.0,0.0,0.0,0.0,0.0,328.102,21654733,188.861,0.576,31.069,0.095,293.918,0.896,166.891,0.509,0.005,0.000
3,4294967295,106,47,clear_ops,clear_ops,dynamic,MIX_AIC,1788186117784403.475	,30.720,1.240000,20,40,NO,N/A,N/A,N/A,N/A,N/A,N/A,0,28.521,941179,0.0,0.0,4.508,0.158,0.001,0.0,0.001,0.0,0.001,0.0,0.13,28.421,1875788,0.008,0.0,3.714,0.131,0.001,0.0,0.001,0.0,0.149,92.840
3,4294967295,107,47,aclnnGroupedMatmulV5_GroupedMatmul_GroupedMatmul,GroupedMatmul,dynamic,MIX_AIC,1788186117785903.655	,54.320,1469.530000,20,0,NO,"""9216,7168;1,7168,4096;;;;;;1""",INT8;INT8;INT32;UINT64;FLOAT;FLOAT16;FLOAT16;INT64,ND;NCL;ND;ND;ND;ND;ND;ND,"""9216,4096""",INT32,ND,0,40.646,1341313,2.905,0.071,11.353,0.279,9.376,0.231,32.409,0.797,2.399,0.059,0.019,0.0,0,0.0,0.0,0.0,0.0,0.0,0.0,0.0,0.0,0.0,74.827
3,4294967295,108,47,DequantSwigluQuant,DequantSwigluQuant,dynamic,AI_VECTOR_CORE,1788186117786062.775	,8.380,104.680000,36,0,NO,"""9216,4096;1,4096;9216;;1,2048;;1""",INT32;FLOAT;FLOAT;DT_UNDEFINED;FLOAT;DT_UNDEFINED;INT64,ND;ND;ND;NULL;ND;NULL;ND,"""9216,2048;9216""",INT8;FLOAT,ND;ND,N/A,0.0,0,0.0,0.0,0.0,0.0,0.0,0.0,0.0,0.0,0.0,0.0,0.0,4.936,293218,0.057,0.011,1.506,0.305,0.511,0.103,0.005,0.001,0.186,0.000
3,4294967295,109,47,aclnnGroupedMatmulV5_GroupedMatmul_GroupedMatmul,GroupedMatmul,dynamic,MIX_AIC,1788186117787994.255	,39.820,1923.120000,20,20,NO,"""9216,2048;1,2048,7168;;1,7168;;;;1;9216""",INT8;INT8;INT32;DT_BF16;FLOAT;FLOAT16;FLOAT16;INT64;FLOAT,ND;NCL;ND;ND;ND;ND;ND;ND;ND,"""9216,7168""",DT_BF16,ND,0,29.982,989390,1.453,0.048,13.373,0.446,4.687,0.156,18.596,0.62,4.791,0.16,0.039,29.656,978649,0.203,0.007,4.56,0.154,2.137,0.072,0.181,0.006,0.125,75.293
3,4294967295,110,47,aclnnDynamicQuantV2_DynamicQuant_DynamicQuant,DynamicQuant,dynamic,AI_VECTOR_CORE,1788186117788691.695	,330.060,657.680000,40,0,NO,"""9216,7168""",DT_BF16,ND,"""9216,7168;9216""",INT8;FLOAT,ND;ND,N/A,0.0,0,0.0,0.0,0.0,0.0,0.0,0.0,0.0,0.0,0.0,0.0,0.0,324.723,21431749,188.86,0.582,30.261,0.093,292.686,0.901,161.478,0.497,0.005,0.000
3,4294967295,111,47,clear_ops,clear_ops,dynamic,MIX_AIC,1788186117789023.155	,31.700,1.440000,20,40,NO,N/A,N/A,N/A,N/A,N/A,N/A,0,29.513,973931,0.0,0.0,4.602,0.156,0.001,0.0,0.001,0.0,0.001,0.0,0.131,29.413,1941282,0.008,0.0,3.82,0.13,0.001,0.0,0.001,0.0,0.15,93.101
3,4294967295,112,47,aclnnGroupedMatmulV5_GroupedMatmul_GroupedMatmul,GroupedMatmul,dynamic,MIX_AIC,1788186117790532.415	,55.500,1477.550000,20,0,NO,"""9216,7168;1,7168,4096;;;;;;1""",INT8;INT8;INT32;UINT64;FLOAT;FLOAT16;FLOAT16;INT64,ND;NCL;ND;ND;ND;ND;ND;ND,"""9216,4096""",INT32,ND,0,40.757,1344968,2.905,0.071,11.04,0.271,9.368,0.23,32.463,0.797,2.423,0.059,0.019,0.0,0,0.0,0.0,0.0,0.0,0.0,0.0,0.0,0.0,0.0,73.435
3,4294967295,113,47,DequantSwigluQuant,DequantSwigluQuant,dynamic,AI_VECTOR_CORE,1788186117790685.515	,8.860,97.500000,36,0,NO,"""9216,4096;1,4096;9216;;1,2048;;1""",INT32;FLOAT;FLOAT;DT_UNDEFINED;FLOAT;DT_UNDEFINED;INT64,ND;ND;ND;NULL;ND;NULL;ND,"""9216,2048;9216""",INT8;FLOAT,ND;ND,N/A,0.0,0,0.0,0.0,0.0,0.0,0.0,0.0,0.0,0.0,0.0,0.0,0.0,5.143,305515,0.057,0.011,1.617,0.314,0.601,0.117,0.012,0.002,0.186,0.000
3,4294967295,114,47,aclnnGroupedMatmulV5_GroupedMatmul_GroupedMatmul,GroupedMatmul,dynamic,MIX_AIC,1788186117792608.035	,39.500,1913.640000,20,20,NO,"""9216,2048;1,2048,7168;;1,7168;;;;1;9216""",INT8;INT8;INT32;DT_BF16;FLOAT;FLOAT16;FLOAT16;INT64;FLOAT,ND;NCL;ND;ND;ND;ND;ND;ND;ND,"""9216,7168""",DT_BF16,ND,0,29.709,980411,1.453,0.049,12.705,0.428,4.69,0.158,18.559,0.625,4.766,0.16,0.04,29.391,969918,0.21,0.007,4.187,0.142,1.763,0.06,0.183,0.006,0.126,75.214
3,4294967295,115,47,aclnnDynamicQuantV2_DynamicQuant_DynamicQuant,DynamicQuant,dynamic,AI_VECTOR_CORE,1788186117793348.515	,330.140,701.000000,40,0,NO,"""9216,7168""",DT_BF16,ND,"""9216,7168;9216""",INT8;FLOAT,ND;ND,N/A,0.0,0,0.0,0.0,0.0,0.0,0.0,0.0,0.0,0.0,0.0,0.0,0.0,322.31,21272444,188.856,0.586,29.913,0.093,289.59,0.898,161.651,0.502,0.005,0.000
3,4294967295,116,47,clear_ops,clear_ops,dynamic,MIX_AIC,1788186117793679.875	,30.000,1.360000,20,40,NO,N/A,N/A,N/A,N/A,N/A,N/A,0,27.768,916355,0.0,0.0,4.689,0.169,0.001,0.0,0.001,0.0,0.001,0.0,0.126,27.665,1825895,0.008,0.0,3.838,0.139,0.001,0.0,0.001,0.0,0.149,92.561
3,4294967295,117,47,aclnnGroupedMatmulV5_GroupedMatmul_GroupedMatmul,GroupedMatmul,dynamic,MIX_AIC,1788186117795165.175	,51.420,1455.250000,20,0,NO,"""9216,7168;1,7168,4096;;;;;;1""",INT8;INT8;INT32;UINT64;FLOAT;FLOAT16;FLOAT16;INT64,ND;NCL;ND;ND;ND;ND;ND;ND,"""9216,4096""",INT32,ND,0,38.176,1259817,2.905,0.076,8.896,0.233,9.373,0.246,32.426,0.849,2.459,0.064,0.022,0.0,0,0.0,0.0,0.0,0.0,0.0,0.0,0.0,0.0,0.0,74.244
3,4294967295,118,47,DequantSwigluQuant,DequantSwigluQuant,dynamic,AI_VECTOR_CORE,1788186117795316.815	,9.160,100.080000,36,0,NO,"""9216,4096;1,4096;9216;;1,2048;;1""",INT32;FLOAT;FLOAT;DT_UNDEFINED;FLOAT;DT_UNDEFINED;INT64,ND;ND;ND;NULL;ND;NULL;ND,"""9216,2048;9216""",INT8;FLOAT,ND;ND,N/A,0.0,0,0.0,0.0,0.0,0.0,0.0,0.0,0.0,0.0,0.0,0.0,0.0,4.649,276135,0.057,0.012,1.165,0.251,0.291,0.063,0.005,0.001,0.186,0.000
3,4294967295,119,47,aclnnGroupedMatmulV5_GroupedMatmul_GroupedMatmul,GroupedMatmul,dynamic,MIX_AIC,1788186117797283.735	,37.920,1957.840000,20,20,NO,"""9216,2048;1,2048,7168;;1,7168;;;;1;9216""",INT8;INT8;INT32;DT_BF16;FLOAT;FLOAT16;FLOAT16;INT64;FLOAT,ND;NCL;ND;ND;ND;ND;ND;ND;ND,"""9216,7168""",DT_BF16,ND,0,29.683,979524,1.453,0.049,12.769,0.43,4.691,0.158,18.628,0.628,4.757,0.16,0.041,29.357,968784,0.206,0.007,4.365,0.149,1.769,0.06,0.18,0.006,0.126,78.277
3,4294967295,120,47,aclnnDynamicQuantV2_DynamicQuant_DynamicQuant,DynamicQuant,dynamic,AI_VECTOR_CORE,1788186117797972.195	,334.420,650.580000,40,0,NO,"""9216,7168""",DT_BF16,ND,"""9216,7168;9216""",INT8;FLOAT,ND;ND,N/A,0.0,0,0.0,0.0,0.0,0.0,0.0,0.0,0.0,0.0,0.0,0.0,0.0,330.058,21783802,188.861,0.572,31.207,0.095,295.777,0.896,167.127,0.506,0.005,0.000
3,4294967295,121,47,clear_ops,clear_ops,dynamic,MIX_AIC,1788186117798307.935	,30.040,1.330000,20,40,NO,N/A,N/A,N/A,N/A,N/A,N/A,0,27.809,917700,0.0,0.0,4.587,0.165,0.001,0.0,0.001,0.0,0.001,0.0,0.128,27.71,1828834,0.008,0.0,3.729,0.135,0.001,0.0,0.001,0.0,0.149,92.574
3,4294967295,122,47,aclnnGroupedMatmulV5_GroupedMatmul_GroupedMatmul,GroupedMatmul,dynamic,MIX_AIC,1788186117799791.455	,51.960,1453.460000,20,0,NO,"""9216,7168;1,7168,4096;;;;;;1""",INT8;INT8;INT32;UINT64;FLOAT;FLOAT16;FLOAT16;INT64,ND;NCL;ND;ND;ND;ND;ND;ND,"""9216,4096""",INT32,ND,0,37.721,1244777,2.905,0.077,8.491,0.225,9.376,0.249,32.185,0.853,2.461,0.065,0.022,0.0,0,0.0,0.0,0.0,0.0,0.0,0.0,0.0,0.0,0.0,72.595
3,4294967295,123,47,DequantSwigluQuant,DequantSwigluQuant,dynamic,AI_VECTOR_CORE,1788186117799941.915	,8.800,98.540000,36,0,NO,"""9216,4096;1,4096;9216;;1,2048;;1""",INT32;FLOAT;FLOAT;DT_UNDEFINED;FLOAT;DT_UNDEFINED;INT64,ND;ND;ND;NULL;ND;NULL;ND,"""9216,2048;9216""",INT8;FLOAT,ND;ND,N/A,0.0,0,0.0,0.0,0.0,0.0,0.0,0.0,0.0,0.0,0.0,0.0,0.0,5.02,298172,0.057,0.011,1.617,0.322,0.635,0.127,0.005,0.001,0.185,0.000
3,4294967295,124,47,aclnnGroupedMatmulV5_GroupedMatmul_GroupedMatmul,GroupedMatmul,dynamic,MIX_AIC,1788186117801889.995	,43.540,1939.200000,20,20,NO,"""9216,2048;1,2048,7168;;1,7168;;;;1;9216""",INT8;INT8;INT32;DT_BF16;FLOAT;FLOAT16;FLOAT16;INT64;FLOAT,ND;NCL;ND;ND;ND;ND;ND;ND;ND,"""9216,7168""",DT_BF16,ND,0,34.071,1124335,1.453,0.043,16.966,0.498,4.687,0.138,19.071,0.56,4.847,0.142,0.037,33.739,1113389,0.198,0.006,7.086,0.21,2.595,0.077,0.185,0.005,0.127,78.252
3,4294967295,125,47,aclnnDynamicQuantV2_DynamicQuant_DynamicQuant,DynamicQuant,dynamic,AI_VECTOR_CORE,1788186117802590.455	,330.520,656.960000,40,0,NO,"""9216,7168""",DT_BF16,ND,"""9216,7168;9216""",INT8;FLOAT,ND;ND,N/A,0.0,0,0.0,0.0,0.0,0.0,0.0,0.0,0.0,0.0,0.0,0.0,0.0,325.546,21486011,188.864,0.58,30.156,0.093,291.363,0.895,148.018,0.455,0.005,0.000
3,4294967295,126,47,clear_ops,clear_ops,dynamic,MIX_AIC,1788186117802921.995	,31.800,0.980000,20,40,NO,N/A,N/A,N/A,N/A,N/A,N/A,0,29.564,975611,0.0,0.0,4.544,0.154,0.001,0.0,0.001,0.0,0.001,0.0,0.126,29.462,1944464,0.008,0.0,3.748,0.127,0.001,0.0,0.001,0.0,0.149,92.968
3,4294967295,127,47,aclnnGroupedMatmulV5_GroupedMatmul_GroupedMatmul,GroupedMatmul,dynamic,MIX_AIC,1788186117804399.835	,51.720,1445.950000,20,0,NO,"""9216,7168;1,7168,4096;;;;;;1""",INT8;INT8;INT32;UINT64;FLOAT;FLOAT16;FLOAT16;INT64,ND;NCL;ND;ND;ND;ND;ND;ND,"""9216,4096""",INT32,ND,0,38.155,1259120,2.905,0.076,9.417,0.247,9.375,0.246,32.15,0.843,2.443,0.064,0.021,0.0,0,0.0,0.0,0.0,0.0,0.0,0.0,0.0,0.0,0.0,73.773
3,4294967295,128,47,DequantSwigluQuant,DequantSwigluQuant,dynamic,AI_VECTOR_CORE,1788186117804563.375	,9.200,112.030000,36,0,NO,"""9216,4096;1,4096;9216;;1,2048;;1""",INT32;FLOAT;FLOAT;DT_UNDEFINED;FLOAT;DT_UNDEFINED;INT64,ND;ND;ND;NULL;ND;NULL;ND,"""9216,2048;9216""",INT8;FLOAT,ND;ND,N/A,0.0,0,0.0,0.0,0.0,0.0,0.0,0.0,0.0,0.0,0.0,0.0,0.0,5.406,321105,0.057,0.01,1.921,0.355,0.695,0.129,0.005,0.001,0.182,0.000
3,4294967295,129,47,aclnnGroupedMatmulV5_GroupedMatmul_GroupedMatmul,GroupedMatmul,dynamic,MIX_AIC,1788186117806508.055	,44.320,1935.300000,20,20,NO,"""9216,2048;1,2048,7168;;1,7168;;;;1;9216""",INT8;INT8;INT32;DT_BF16;FLOAT;FLOAT16;FLOAT16;INT64;FLOAT,ND;NCL;ND;ND;ND;ND;ND;ND;ND,"""9216,7168""",DT_BF16,ND,0,33.769,1114372,1.453,0.043,16.832,0.498,4.689,0.139,18.983,0.562,4.957,0.147,0.035,33.44,1103524,0.196,0.006,6.926,0.207,2.51,0.075,0.177,0.005,0.127,76.193
3,4294967295,130,47,aclnnDynamicQuantV2_DynamicQuant_DynamicQuant,DynamicQuant,dynamic,AI_VECTOR_CORE,1788186117807203.655	,330.100,651.430000,40,0,NO,"""9216,7168""",DT_BF16,ND,"""9216,7168;9216""",INT8;FLOAT,ND;ND,N/A,0.0,0,0.0,0.0,0.0,0.0,0.0,0.0,0.0,0.0,0.0,0.0,0.0,324.089,21389876,188.863,0.583,30.166,0.093,291.649,0.9,158.503,0.489,0.005,0.000
3,4294967295,131,47,clear_ops,clear_ops,dynamic,MIX_AIC,1788186117807535.215	,29.700,1.400000,20,40,NO,N/A,N/A,N/A,N/A,N/A,N/A,0,27.52,908156,0.0,0.0,4.528,0.165,0.001,0.0,0.001,0.0,0.001,0.0,0.127,27.42,1809724,0.008,0.0,3.674,0.134,0.001,0.0,0.001,0.0,0.149,92.660
3,4294967295,132,47,aclnnGroupedMatmulV5_GroupedMatmul_GroupedMatmul,GroupedMatmul,dynamic,MIX_AIC,1788186117809022.895	,53.100,1458.050000,20,0,NO,"""9216,7168;1,7168,4096;;;;;;1""",INT8;INT8;INT32;UINT64;FLOAT;FLOAT16;FLOAT16;INT64,ND;NCL;ND;ND;ND;ND;ND;ND,"""9216,4096""",INT32,ND,0,38.536,1271676,2.905,0.075,9.271,0.241,9.382,0.243,32.242,0.837,2.392,0.062,0.021,0.0,0,0.0,0.0,0.0,0.0,0.0,0.0,0.0,0.0,0.0,72.572
3,4294967295,133,47,DequantSwigluQuant,DequantSwigluQuant,dynamic,AI_VECTOR_CORE,1788186117809195.495	,9.500,119.400000,36,0,NO,"""9216,4096;1,4096;9216;;1,2048;;1""",INT32;FLOAT;FLOAT;DT_UNDEFINED;FLOAT;DT_UNDEFINED;INT64,ND;ND;ND;NULL;ND;NULL;ND,"""9216,2048;9216""",INT8;FLOAT,ND;ND,N/A,0.0,0,0.0,0.0,0.0,0.0,0.0,0.0,0.0,0.0,0.0,0.0,0.0,5.506,327073,0.057,0.01,1.866,0.339,0.754,0.137,0.005,0.001,0.186,0.000
3,4294967295,134,47,aclnnGroupedMatmulV5_GroupedMatmul_GroupedMatmul,GroupedMatmul,dynamic,MIX_AIC,1788186117811113.915	,43.700,1909.000000,20,20,NO,"""9216,2048;1,2048,7168;;1,7168;;;;1;9216""",INT8;INT8;INT32;DT_BF16;FLOAT;FLOAT16;FLOAT16;INT64;FLOAT,ND;NCL;ND;ND;ND;ND;ND;ND;ND,"""9216,7168""",DT_BF16,ND,0,32.155,1061120,1.453,0.045,14.448,0.449,4.69,0.146,18.662,0.58,4.711,0.146,0.035,31.821,1050095,0.196,0.006,5.388,0.169,2.416,0.076,0.181,0.006,0.127,73.582
3,4294967295,135,47,aclnnDynamicQuantV2_DynamicQuant_DynamicQuant,DynamicQuant,dynamic,AI_VECTOR_CORE,1788186117811806.395	,329.560,648.800000,40,0,NO,"""9216,7168""",DT_BF16,ND,"""9216,7168;9216""",INT8;FLOAT,ND;ND,N/A,0.0,0,0.0,0.0,0.0,0.0,0.0,0.0,0.0,0.0,0.0,0.0,0.0,324.41,21411077,188.864,0.582,31.266,0.096,293.309,0.904,162.883,0.502,0.005,0.000
3,4294967295,136,47,clear_ops,clear_ops,dynamic,MIX_AIC,1788186117812137.375	,28.920,1.440000,20,40,NO,N/A,N/A,N/A,N/A,N/A,N/A,0,26.703,881209,0.0,0.0,4.531,0.17,0.001,0.0,0.001,0.0,0.001,0.0,0.128,26.601,1755690,0.008,0.0,3.753,0.141,0.001,0.0,0.001,0.0,0.149,92.335
3,4294967295,137,47,aclnnGroupedMatmulV5_GroupedMatmul_GroupedMatmul,GroupedMatmul,dynamic,MIX_AIC,1788186117813663.275	,53.380,1496.830000,20,0,NO,"""9216,7168;1,7168,4096;;;;;;1""",INT8;INT8;INT32;UINT64;FLOAT;FLOAT16;FLOAT16;INT64,ND;NCL;ND;ND;ND;ND;ND;ND,"""9216,4096""",INT32,ND,0,38.312,1264286,2.905,0.076,9.016,0.235,9.376,0.245,32.474,0.848,2.474,0.065,0.022,0.0,0,0.0,0.0,0.0,0.0,0.0,0.0,0.0,0.0,0.0,71.772
3,4294967295,138,47,DequantSwigluQuant,DequantSwigluQuant,dynamic,AI_VECTOR_CORE,1788186117813819.815	,7.860,103.120000,36,0,NO,"""9216,4096;1,4096;9216;;1,2048;;1""",INT32;FLOAT;FLOAT;DT_UNDEFINED;FLOAT;DT_UNDEFINED;INT64,ND;ND;ND;NULL;ND;NULL;ND,"""9216,2048;9216""",INT8;FLOAT,ND;ND,N/A,0.0,0,0.0,0.0,0.0,0.0,0.0,0.0,0.0,0.0,0.0,0.0,0.0,4.575,271768,0.057,0.012,1.151,0.252,0.339,0.074,0.005,0.001,0.188,0.000
3,4294967295,139,47,aclnnGroupedMatmulV5_GroupedMatmul_GroupedMatmul,GroupedMatmul,dynamic,MIX_AIC,1788186117815743.995	,40.080,1916.390000,20,20,NO,"""9216,2048;1,2048,7168;;1,7168;;;;1;9216""",INT8;INT8;INT32;DT_BF16;FLOAT;FLOAT16;FLOAT16;INT64;FLOAT,ND;NCL;ND;ND;ND;ND;ND;ND;ND,"""9216,7168""",DT_BF16,ND,0,30.191,996288,1.453,0.048,12.86,0.426,4.688,0.155,18.807,0.623,4.773,0.158,0.04,29.875,985864,0.21,0.007,4.089,0.137,1.733,0.058,0.182,0.006,0.127,75.326
3,4294967295,140,47,aclnnDynamicQuantV2_DynamicQuant_DynamicQuant,DynamicQuant,dynamic,AI_VECTOR_CORE,1788186117816441.895	,330.120,657.920000,40,0,NO,"""9216,7168""",DT_BF16,ND,"""9216,7168;9216""",INT8;FLOAT,ND;ND,N/A,0.0,0,0.0,0.0,0.0,0.0,0.0,0.0,0.0,0.0,0.0,0.0,0.0,323.658,21361445,188.861,0.584,30.094,0.093,291.472,0.901,162.122,0.501,0.005,0.000
3,4294967295,141,47,clear_ops,clear_ops,dynamic,MIX_AIC,1788186117816773.535	,29.820,1.380000,20,40,NO,N/A,N/A,N/A,N/A,N/A,N/A,0,27.573,909920,0.0,0.0,4.652,0.169,0.001,0.0,0.001,0.0,0.001,0.0,0.128,27.47,1813006,0.008,0.0,3.823,0.139,0.001,0.0,0.001,0.0,0.149,92.466
3,4294967295,142,47,aclnnGroupedMatmulV5_GroupedMatmul_GroupedMatmul,GroupedMatmul,dynamic,MIX_AIC,1788186117818268.475	,52.760,1465.180000,20,0,NO,"""9216,7168;1,7168,4096;;;;;;1""",INT8;INT8;INT32;UINT64;FLOAT;FLOAT16;FLOAT16;INT64,ND;NCL;ND;ND;ND;ND;ND;ND,"""9216,4096""",INT32,ND,0,38.038,1255250,2.905,0.076,8.946,0.235,9.371,0.246,32.262,0.848,2.425,0.064,0.022,0.0,0,0.0,0.0,0.0,0.0,0.0,0.0,0.0,0.0,0.0,72.096
3,4294967295,143,47,DequantSwigluQuant,DequantSwigluQuant,dynamic,AI_VECTOR_CORE,1788186117818426.995	,9.160,105.740000,36,0,NO,"""9216,4096;1,4096;9216;;1,2048;;1""",INT32;FLOAT;FLOAT;DT_UNDEFINED;FLOAT;DT_UNDEFINED;INT64,ND;ND;ND;NULL;ND;NULL;ND,"""9216,2048;9216""",INT8;FLOAT,ND;ND,N/A,0.0,0,0.0,0.0,0.0,0.0,0.0,0.0,0.0,0.0,0.0,0.0,0.0,4.393,260953,0.057,0.013,1.247,0.284,0.325,0.074,0.005,0.001,0.186,0.000
3,4294967295,144,47,aclnnGroupedMatmulV5_GroupedMatmul_GroupedMatmul,GroupedMatmul,dynamic,MIX_AIC,1788186117820355.415	,43.540,1919.340000,20,20,NO,"""9216,2048;1,2048,7168;;1,7168;;;;1;9216""",INT8;INT8;INT32;DT_BF16;FLOAT;FLOAT16;FLOAT16;INT64;FLOAT,ND;NCL;ND;ND;ND;ND;ND;ND;ND,"""9216,7168""",DT_BF16,ND,0,32.578,1075059,1.453,0.045,14.619,0.449,4.692,0.144,18.903,0.58,4.807,0.148,0.035,32.258,1064506,0.195,0.006,5.908,0.183,2.572,0.08,0.18,0.006,0.127,74.822
3,4294967295,145,47,aclnnDynamicQuantV2_DynamicQuant_DynamicQuant,DynamicQuant,dynamic,AI_VECTOR_CORE,1788186117821057.995	,330.360,658.960000,40,0,NO,"""9216,7168""",DT_BF16,ND,"""9216,7168;9216""",INT8;FLOAT,ND;ND,N/A,0.0,0,0.0,0.0,0.0,0.0,0.0,0.0,0.0,0.0,0.0,0.0,0.0,323.706,21364587,188.861,0.583,30.149,0.093,291.119,0.899,161.294,0.498,0.005,0.000
3,4294967295,146,47,clear_ops,clear_ops,dynamic,MIX_AIC,1788186117821389.675	,30.220,1.390000,20,40,NO,N/A,N/A,N/A,N/A,N/A,N/A,0,27.99,923685,0.0,0.0,4.496,0.161,0.001,0.0,0.001,0.0,0.001,0.0,0.129,27.891,1840825,0.008,0.0,3.725,0.134,0.001,0.0,0.001,0.0,0.148,92.622
3,4294967295,147,47,aclnnGroupedMatmulV5_GroupedMatmul_GroupedMatmul,GroupedMatmul,dynamic,MIX_AIC,1788186117822880.555	,54.420,1460.530000,20,0,NO,"""9216,7168;1,7168,4096;;;;;;1""",INT8;INT8;INT32;UINT64;FLOAT;FLOAT16;FLOAT16;INT64,ND;NCL;ND;ND;ND;ND;ND;ND,"""9216,4096""",INT32,ND,0,40.538,1337752,2.905,0.072,10.886,0.269,9.38,0.231,32.321,0.797,2.428,0.06,0.019,0.0,0,0.0,0.0,0.0,0.0,0.0,0.0,0.0,0.0,0.0,74.491
3,4294967295,148,47,DequantSwigluQuant,DequantSwigluQuant,dynamic,AI_VECTOR_CORE,1788186117823035.915	,8.560,101.080000,36,0,NO,"""9216,4096;1,4096;9216;;1,2048;;1""",INT32;FLOAT;FLOAT;DT_UNDEFINED;FLOAT;DT_UNDEFINED;INT64,ND;ND;ND;NULL;ND;NULL;ND,"""9216,2048;9216""",INT8;FLOAT,ND;ND,N/A,0.0,0,0.0,0.0,0.0,0.0,0.0,0.0,0.0,0.0,0.0,0.0,0.0,4.905,291353,0.057,0.012,1.595,0.325,0.602,0.123,0.005,0.001,0.186,0.000
3,4294967295,149,47,aclnnGroupedMatmulV5_GroupedMatmul_GroupedMatmul,GroupedMatmul,dynamic,MIX_AIC,1788186117824960.115	,39.200,1915.440000,20,20,NO,"""9216,2048;1,2048,7168;;1,7168;;;;1;9216""",INT8;INT8;INT32;DT_BF16;FLOAT;FLOAT16;FLOAT16;INT64;FLOAT,ND;NCL;ND;ND;ND;ND;ND;ND;ND,"""9216,7168""",DT_BF16,ND,0,30.103,993408,1.453,0.048,12.826,0.426,4.686,0.156,18.85,0.626,4.782,0.159,0.04,29.792,983144,0.209,0.007,4.141,0.139,1.826,0.061,0.186,0.006,0.127,76.794
3,4294967295,150,47,aclnnDynamicQuantV2_DynamicQuant_DynamicQuant,DynamicQuant,dynamic,AI_VECTOR_CORE,1788186117825669.015	,331.400,669.800000,40,0,NO,"""9216,7168""",DT_BF16,ND,"""9216,7168;9216""",INT8;FLOAT,ND;ND,N/A,0.0,0,0.0,0.0,0.0,0.0,0.0,0.0,0.0,0.0,0.0,0.0,0.0,325.709,21496776,188.867,0.58,31.485,0.097,295.28,0.907,168.33,0.517,0.005,0.000
3,4294967295,151,47,clear_ops,clear_ops,dynamic,MIX_AIC,1788186117826001.935	,29.780,1.600000,20,40,NO,N/A,N/A,N/A,N/A,N/A,N/A,0,27.548,909074,0.0,0.0,4.566,0.166,0.001,0.0,0.001,0.0,0.001,0.0,0.128,27.446,1811442,0.008,0.0,3.725,0.136,0.001,0.0,0.001,0.0,0.149,92.504
3,4294967295,152,47,aclnnGroupedMatmulV5_GroupedMatmul_GroupedMatmul,GroupedMatmul,dynamic,MIX_AIC,1788186117827497.095	,50.400,1465.220000,20,0,NO,"""9216,7168;1,7168,4096;;;;;;1""",INT8;INT8;INT32;UINT64;FLOAT;FLOAT16;FLOAT16;INT64,ND;NCL;ND;ND;ND;ND;ND;ND,"""9216,4096""",INT32,ND,0,37.759,1246049,2.905,0.077,8.64,0.229,9.377,0.248,32.25,0.854,2.508,0.066,0.023,0.0,0,0.0,0.0,0.0,0.0,0.0,0.0,0.0,0.0,0.0,74.919
3,4294967295,153,47,DequantSwigluQuant,DequantSwigluQuant,dynamic,AI_VECTOR_CORE,1788186117827653.235	,13.940,105.850000,36,0,NO,"""9216,4096;1,4096;9216;;1,2048;;1""",INT32;FLOAT;FLOAT;DT_UNDEFINED;FLOAT;DT_UNDEFINED;INT64,ND;ND;ND;NULL;ND;NULL;ND,"""9216,2048;9216""",INT8;FLOAT,ND;ND,N/A,0.0,0,0.0,0.0,0.0,0.0,0.0,0.0,0.0,0.0,0.0,0.0,0.0,10.357,615214,0.057,0.005,4.161,0.402,1.776,0.171,0.005,0.001,0.186,0.000
3,4294967295,154,47,aclnnGroupedMatmulV5_GroupedMatmul_GroupedMatmul,GroupedMatmul,dynamic,MIX_AIC,1788186117829578.935	,38.720,1911.810000,20,20,NO,"""9216,2048;1,2048,7168;;1,7168;;;;1;9216""",INT8;INT8;INT32;DT_BF16;FLOAT;FLOAT16;FLOAT16;INT64;FLOAT,ND;NCL;ND;ND;ND;ND;ND;ND;ND,"""9216,7168""",DT_BF16,ND,0,30.214,997065,1.453,0.048,12.156,0.402,4.688,0.155,18.829,0.623,4.81,0.159,0.041,29.904,986833,0.213,0.007,4.033,0.135,1.44,0.048,0.177,0.006,0.128,78.032
3,4294967295,155,47,aclnnDynamicQuantV2_DynamicQuant_DynamicQuant,DynamicQuant,dynamic,AI_VECTOR_CORE,1788186117830278.135	,330.400,660.530000,40,0,NO,"""9216,7168""",DT_BF16,ND,"""9216,7168;9216""",INT8;FLOAT,ND;ND,N/A,0.0,0,0.0,0.0,0.0,0.0,0.0,0.0,0.0,0.0,0.0,0.0,0.0,323.685,21363235,188.859,0.583,30.044,0.093,291.314,0.9,167.015,0.516,0.005,0.000
3,4294967295,156,47,clear_ops,clear_ops,dynamic,MIX_AIC,1788186117830609.795	,31.040,1.100000,20,40,NO,N/A,N/A,N/A,N/A,N/A,N/A,0,28.858,952325,0.0,0.0,4.605,0.16,0.001,0.0,0.001,0.0,0.001,0.0,0.129,28.758,1898049,0.008,0.0,3.817,0.133,0.001,0.0,0.001,0.0,0.149,92.971
3,4294967295,157,47,aclnnGroupedMatmulV5_GroupedMatmul_GroupedMatmul,GroupedMatmul,dynamic,MIX_AIC,1788186117832106.435	,51.980,1465.710000,20,0,NO,"""9216,7168;1,7168,4096;;;;;;1""",INT8;INT8;INT32;UINT64;FLOAT;FLOAT16;FLOAT16;INT64,ND;NCL;ND;ND;ND;ND;ND;ND,"""9216,4096""",INT32,ND,0,38.135,1258466,2.905,0.076,8.594,0.225,9.373,0.246,32.624,0.855,2.477,0.065,0.022,0.0,0,0.0,0.0,0.0,0.0,0.0,0.0,0.0,0.0,0.0,73.365
3,4294967295,158,47,DequantSwigluQuant,DequantSwigluQuant,dynamic,AI_VECTOR_CORE,1788186117832259.855	,8.900,101.270000,36,0,NO,"""9216,4096;1,4096;9216;;1,2048;;1""",INT32;FLOAT;FLOAT;DT_UNDEFINED;FLOAT;DT_UNDEFINED;INT64,ND;ND;ND;NULL;ND;NULL;ND,"""9216,2048;9216""",INT8;FLOAT,ND;ND,N/A,0.0,0,0.0,0.0,0.0,0.0,0.0,0.0,0.0,0.0,0.0,0.0,0.0,5.239,311214,0.057,0.011,1.601,0.306,0.638,0.122,0.005,0.001,0.185,0.000
3,4294967295,159,47,aclnnGroupedMatmulV5_GroupedMatmul_GroupedMatmul,GroupedMatmul,dynamic,MIX_AIC,1788186117834262.895	,41.400,1994.350000,20,20,NO,"""9216,2048;1,2048,7168;;1,7168;;;;1;9216""",INT8;INT8;INT32;DT_BF16;FLOAT;FLOAT16;FLOAT16;INT64;FLOAT,ND;NCL;ND;ND;ND;ND;ND;ND;ND,"""9216,7168""",DT_BF16,ND,0,31.104,1026429,1.453,0.047,13.799,0.444,4.688,0.151,18.782,0.604,4.784,0.154,0.037,30.772,1015492,0.195,0.006,5.123,0.166,2.356,0.077,0.181,0.006,0.127,75.130
3,4294967295,160,47,aclnnDynamicQuantV2_DynamicQuant_DynamicQuant,DynamicQuant,dynamic,AI_VECTOR_CORE,1788186117834966.555	,328.500,662.100000,40,0,NO,"""9216,7168""",DT_BF16,ND,"""9216,7168;9216""",INT8;FLOAT,ND;ND,N/A,0.0,0,0.0,0.0,0.0,0.0,0.0,0.0,0.0,0.0,0.0,0.0,0.0,323.381,21343145,188.864,0.584,31.341,0.097,292.329,0.904,149.614,0.463,0.005,0.000
3,4294967295,161,47,clear_ops,clear_ops,dynamic,MIX_AIC,1788186117835296.155	,30.360,1.250000,20,40,NO,N/A,N/A,N/A,N/A,N/A,N/A,0,28.129,928271,0.0,0.0,4.61,0.164,0.001,0.0,0.001,0.0,0.001,0.0,0.128,28.028,1849857,0.008,0.0,3.838,0.137,0.001,0.0,0.001,0.0,0.149,92.653
3,4294967295,162,47,aclnnGroupedMatmulV5_GroupedMatmul_GroupedMatmul,GroupedMatmul,dynamic,MIX_AIC,1788186117836770.795	,52.160,1444.140000,20,0,NO,"""9216,7168;1,7168,4096;;;;;;1""",INT8;INT8;INT32;UINT64;FLOAT;FLOAT16;FLOAT16;INT64,ND;NCL;ND;ND;ND;ND;ND;ND,"""9216,4096""",INT32,ND,0,38.478,1269775,2.905,0.076,8.954,0.233,9.376,0.244,32.392,0.842,2.451,0.064,0.022,0.0,0,0.0,0.0,0.0,0.0,0.0,0.0,0.0,0.0,0.0,73.769
3,4294967295,163,47,DequantSwigluQuant,DequantSwigluQuant,dynamic,AI_VECTOR_CORE,1788186117836922.675	,9.740,99.840000,36,0,NO,"""9216,4096;1,4096;9216;;1,2048;;1""",INT32;FLOAT;FLOAT;DT_UNDEFINED;FLOAT;DT_UNDEFINED;INT64,ND;ND;ND;NULL;ND;NULL;ND,"""9216,2048;9216""",INT8;FLOAT,ND;ND,N/A,0.0,0,0.0,0.0,0.0,0.0,0.0,0.0,0.0,0.0,0.0,0.0,0.0,5.769,342701,0.057,0.01,2.099,0.364,0.807,0.14,0.005,0.001,0.186,0.000
3,4294967295,164,47,aclnnGroupedMatmulV5_GroupedMatmul_GroupedMatmul,GroupedMatmul,dynamic,MIX_AIC,1788186117838859.235	,39.600,1926.760000,20,20,NO,"""9216,2048;1,2048,7168;;1,7168;;;;1;9216""",INT8;INT8;INT32;DT_BF16;FLOAT;FLOAT16;FLOAT16;INT64;FLOAT,ND;NCL;ND;ND;ND;ND;ND;ND;ND,"""9216,7168""",DT_BF16,ND,0,30.912,1020107,1.453,0.047,14.194,0.459,4.687,0.152,18.964,0.613,4.8,0.155,0.036,30.592,1009531,0.198,0.006,5.281,0.173,2.33,0.076,0.182,0.006,0.127,78.061
3,4294967295,165,47,aclnnDynamicQuantV2_DynamicQuant_DynamicQuant,DynamicQuant,dynamic,AI_VECTOR_CORE,1788186117839551.935	,328.700,653.150000,40,0,NO,"""9216,7168""",DT_BF16,ND,"""9216,7168;9216""",INT8;FLOAT,ND;ND,N/A,0.0,0,0.0,0.0,0.0,0.0,0.0,0.0,0.0,0.0,0.0,0.0,0.0,323.295,21337502,188.864,0.584,30.013,0.093,290.604,0.899,160.622,0.497,0.005,0.000
3,4294967295,166,47,clear_ops,clear_ops,dynamic,MIX_AIC,1788186117839882.155	,29.840,1.550000,20,40,NO,N/A,N/A,N/A,N/A,N/A,N/A,0,27.562,909549,0.0,0.0,4.62,0.168,0.001,0.0,0.001,0.0,0.001,0.0,0.13,27.459,1812298,0.008,0.0,3.827,0.139,0.001,0.0,0.001,0.0,0.149,92.366
3,4294967295,167,47,aclnnGroupedMatmulV5_GroupedMatmul_GroupedMatmul,GroupedMatmul,dynamic,MIX_AIC,1788186117841393.795	,53.160,1481.660000,20,0,NO,"""9216,7168;1,7168,4096;;;;;;1""",INT8;INT8;INT32;UINT64;FLOAT;FLOAT16;FLOAT16;INT64,ND;NCL;ND;ND;ND;ND;ND;ND,"""9216,4096""",INT32,ND,0,38.66,1275782,2.905,0.075,9.243,0.239,9.376,0.243,32.56,0.842,2.449,0.063,0.022,0.0,0,0.0,0.0,0.0,0.0,0.0,0.0,0.0,0.0,0.0,72.724
3,4294967295,168,47,DequantSwigluQuant,DequantSwigluQuant,dynamic,AI_VECTOR_CORE,1788186117841546.295	,9.320,99.340000,36,0,NO,"""9216,4096;1,4096;9216;;1,2048;;1""",INT32;FLOAT;FLOAT;DT_UNDEFINED;FLOAT;DT_UNDEFINED;INT64,ND;ND;ND;NULL;ND;NULL;ND,"""9216,2048;9216""",INT8;FLOAT,ND;ND,N/A,0.0,0,0.0,0.0,0.0,0.0,0.0,0.0,0.0,0.0,0.0,0.0,0.0,4.602,273367,0.057,0.012,1.229,0.267,0.335,0.073,0.005,0.001,0.186,0.000
3,4294967295,169,47,aclnnGroupedMatmulV5_GroupedMatmul_GroupedMatmul,GroupedMatmul,dynamic,MIX_AIC,1788186117843459.495	,38.800,1903.930000,20,20,NO,"""9216,2048;1,2048,7168;;1,7168;;;;1;9216""",INT8;INT8;INT32;DT_BF16;FLOAT;FLOAT16;FLOAT16;INT64;FLOAT,ND;NCL;ND;ND;ND;ND;ND;ND;ND,"""9216,7168""",DT_BF16,ND,0,30.843,1017824,1.453,0.047,12.949,0.42,4.69,0.152,18.856,0.611,4.867,0.158,0.041,30.53,1007505,0.202,0.007,4.404,0.144,1.821,0.06,0.18,0.006,0.127,79.493
3,4294967295,170,47,aclnnDynamicQuantV2_DynamicQuant_DynamicQuant,DynamicQuant,dynamic,AI_VECTOR_CORE,1788186117844163.175	,331.280,664.950000,40,0,NO,"""9216,7168""",DT_BF16,ND,"""9216,7168;9216""",INT8;FLOAT,ND;ND,N/A,0.0,0,0.0,0.0,0.0,0.0,0.0,0.0,0.0,0.0,0.0,0.0,0.0,325.049,21453266,188.86,0.581,30.21,0.093,292.815,0.901,168.684,0.519,0.005,0.000
3,4294967295,171,47,clear_ops,clear_ops,dynamic,MIX_AIC,1788186117844495.855	,31.380,1.220000,20,40,NO,N/A,N/A,N/A,N/A,N/A,N/A,0,29.142,961689,0.0,0.0,4.62,0.159,0.001,0.0,0.001,0.0,0.001,0.0,0.131,29.042,1916746,0.008,0.0,3.812,0.131,0.001,0.0,0.001,0.0,0.15,92.868
3,4294967295,172,47,aclnnGroupedMatmulV5_GroupedMatmul_GroupedMatmul,GroupedMatmul,dynamic,MIX_AIC,1788186117845987.655	,52.400,1460.620000,20,0,NO,"""9216,7168;1,7168,4096;;;;;;1""",INT8;INT8;INT32;UINT64;FLOAT;FLOAT16;FLOAT16;INT64,ND;NCL;ND;ND;ND;ND;ND;ND,"""9216,4096""",INT32,ND,0,38.503,1270588,2.905,0.075,9.169,0.238,9.371,0.243,32.592,0.846,2.479,0.064,0.022,0.0,0,0.0,0.0,0.0,0.0,0.0,0.0,0.0,0.0,0.0,73.478
3,4294967295,173,47,DequantSwigluQuant,DequantSwigluQuant,dynamic,AI_VECTOR_CORE,1788186117846145.595	,7.780,105.350000,36,0,NO,"""9216,4096;1,4096;9216;;1,2048;;1""",INT32;FLOAT;FLOAT;DT_UNDEFINED;FLOAT;DT_UNDEFINED;INT64,ND;ND;ND;NULL;ND;NULL;ND,"""9216,2048;9216""",INT8;FLOAT,ND;ND,N/A,0.0,0,0.0,0.0,0.0,0.0,0.0,0.0,0.0,0.0,0.0,0.0,0.0,4.546,270014,0.057,0.012,1.14,0.251,0.319,0.07,0.005,0.001,0.185,0.000
3,4294967295,174,47,aclnnGroupedMatmulV5_GroupedMatmul_GroupedMatmul,GroupedMatmul,dynamic,MIX_AIC,1788186117848079.015	,41.760,1925.720000,20,20,NO,"""9216,2048;1,2048,7168;;1,7168;;;;1;9216""",INT8;INT8;INT32;DT_BF16;FLOAT;FLOAT16;FLOAT16;INT64;FLOAT,ND;NCL;ND;ND;ND;ND;ND;ND;ND,"""9216,7168""",DT_BF16,ND,0,31.917,1053247,1.453,0.046,15.28,0.479,4.686,0.147,18.846,0.59,4.896,0.153,0.035,31.554,1041271,0.196,0.006,5.697,0.181,2.918,0.092,0.185,0.006,0.127,76.429
3,4294967295,175,47,aclnnDynamicQuantV2_DynamicQuant_DynamicQuant,DynamicQuant,dynamic,AI_VECTOR_CORE,1788186117848783.515	,330.500,662.740000,40,0,NO,"""9216,7168""",DT_BF16,ND,"""9216,7168;9216""",INT8;FLOAT,ND;ND,N/A,0.0,0,0.0,0.0,0.0,0.0,0.0,0.0,0.0,0.0,0.0,0.0,0.0,323.694,21363819,188.858,0.583,30.085,0.093,291.193,0.9,158.407,0.489,0.005,0.000
3,4294967295,176,47,clear_ops,clear_ops,dynamic,MIX_AIC,1788186117849115.115	,29.080,1.000000,20,40,NO,N/A,N/A,N/A,N/A,N/A,N/A,0,26.831,885437,0.0,0.0,4.614,0.172,0.001,0.0,0.001,0.0,0.001,0.0,0.129,26.729,1764125,0.008,0.0,3.787,0.142,0.001,0.0,0.001,0.0,0.148,92.268
3,4294967295,177,47,aclnnGroupedMatmulV5_GroupedMatmul_GroupedMatmul,GroupedMatmul,dynamic,MIX_AIC,1788186117850609.315	,53.960,1465.170000,20,0,NO,"""9216,7168;1,7168,4096;;;;;;1""",INT8;INT8;INT32;UINT64;FLOAT;FLOAT16;FLOAT16;INT64,ND;NCL;ND;ND;ND;ND;ND;ND,"""9216,4096""",INT32,ND,0,40.093,1323059,2.905,0.072,10.892,0.272,9.376,0.234,32.038,0.799,2.412,0.06,0.019,0.0,0,0.0,0.0,0.0,0.0,0.0,0.0,0.0,0.0,0.0,74.301
3,4294967295,178,47,DequantSwigluQuant,DequantSwigluQuant,dynamic,AI_VECTOR_CORE,1788186117850771.815	,8.780,108.540000,36,0,NO,"""9216,4096;1,4096;9216;;1,2048;;1""",INT32;FLOAT;FLOAT;DT_UNDEFINED;FLOAT;DT_UNDEFINED;INT64,ND;ND;ND;NULL;ND;NULL;ND,"""9216,2048;9216""",INT8;FLOAT,ND;ND,N/A,0.0,0,0.0,0.0,0.0,0.0,0.0,0.0,0.0,0.0,0.0,0.0,0.0,5.169,307025,0.057,0.011,1.558,0.301,0.608,0.118,0.005,0.001,0.186,0.000
3,4294967295,179,47,aclnnGroupedMatmulV5_GroupedMatmul_GroupedMatmul,GroupedMatmul,dynamic,MIX_AIC,1788186117852697.115	,38.660,1916.470000,20,20,NO,"""9216,2048;1,2048,7168;;1,7168;;;;1;9216""",INT8;INT8;INT32;DT_BF16;FLOAT;FLOAT16;FLOAT16;INT64;FLOAT,ND;NCL;ND;ND;ND;ND;ND;ND;ND,"""9216,7168""",DT_BF16,ND,0,29.855,985226,1.453,0.049,12.803,0.429,4.692,0.157,18.695,0.626,4.837,0.162,0.041,29.541,974849,0.208,0.007,4.131,0.14,1.798,0.061,0.177,0.006,0.125,77.225
3,4294967295,180,47,aclnnDynamicQuantV2_DynamicQuant_DynamicQuant,DynamicQuant,dynamic,AI_VECTOR_CORE,1788186117853422.435	,329.780,686.840000,40,0,NO,"""9216,7168""",DT_BF16,ND,"""9216,7168;9216""",INT8;FLOAT,ND;ND,N/A,0.0,0,0.0,0.0,0.0,0.0,0.0,0.0,0.0,0.0,0.0,0.0,0.0,323.078,21323145,188.862,0.585,30.374,0.094,290.448,0.899,162.182,0.502,0.005,0.000
3,4294967295,181,47,clear_ops,clear_ops,dynamic,MIX_AIC,1788186117853753.695	,31.180,1.470000,20,40,NO,N/A,N/A,N/A,N/A,N/A,N/A,0,28.979,956309,0.0,0.0,4.524,0.156,0.001,0.0,0.001,0.0,0.001,0.0,0.13,28.879,1906035,0.008,0.0,3.77,0.131,0.001,0.0,0.001,0.0,0.149,92.941
3,4294967295,182,47,aclnnGroupedMatmulV5_GroupedMatmul_GroupedMatmul,GroupedMatmul,dynamic,MIX_AIC,1788186117855251.095	,51.900,1466.070000,20,0,NO,"""9216,7168;1,7168,4096;;;;;;1""",INT8;INT8;INT32;UINT64;FLOAT;FLOAT16;FLOAT16;INT64,ND;NCL;ND;ND;ND;ND;ND;ND,"""9216,4096""",INT32,ND,0,37.687,1243658,2.905,0.077,8.851,0.235,9.377,0.249,31.974,0.848,2.409,0.064,0.022,0.0,0,0.0,0.0,0.0,0.0,0.0,0.0,0.0,0.0,0.0,72.614
3,4294967295,183,47,DequantSwigluQuant,DequantSwigluQuant,dynamic,AI_VECTOR_CORE,1788186117855402.895	,8.360,100.100000,36,0,NO,"""9216,4096;1,4096;9216;;1,2048;;1""",INT32;FLOAT;FLOAT;DT_UNDEFINED;FLOAT;DT_UNDEFINED;INT64,ND;ND;ND;NULL;ND;NULL;ND,"""9216,2048;9216""",INT8;FLOAT,ND;ND,N/A,0.0,0,0.0,0.0,0.0,0.0,0.0,0.0,0.0,0.0,0.0,0.0,0.0,4.897,290906,0.057,0.012,1.427,0.291,0.477,0.097,0.005,0.001,0.185,0.000
3,4294967295,184,47,aclnnGroupedMatmulV5_GroupedMatmul_GroupedMatmul,GroupedMatmul,dynamic,MIX_AIC,1788186117857336.595	,39.480,1925.140000,20,20,NO,"""9216,2048;1,2048,7168;;1,7168;;;;1;9216""",INT8;INT8;INT32;DT_BF16;FLOAT;FLOAT16;FLOAT16;INT64;FLOAT,ND;NCL;ND;ND;ND;ND;ND;ND;ND,"""9216,7168""",DT_BF16,ND,0,29.577,976032,1.453,0.049,12.748,0.431,4.689,0.159,18.683,0.632,4.851,0.164,0.039,29.304,967016,0.207,0.007,4.869,0.166,1.873,0.064,0.181,0.006,0.126,74.916
3,4294967295,185,47,aclnnDynamicQuantV2_DynamicQuant_DynamicQuant,DynamicQuant,dynamic,AI_VECTOR_CORE,1788186117858035.475	,330.320,659.520000,40,0,NO,"""9216,7168""",DT_BF16,ND,"""9216,7168;9216""",INT8;FLOAT,ND;ND,N/A,0.0,0,0.0,0.0,0.0,0.0,0.0,0.0,0.0,0.0,0.0,0.0,0.0,324.554,21420552,188.86,0.582,30.062,0.093,292.227,0.9,156.368,0.482,0.005,0.000
3,4294967295,186,47,clear_ops,clear_ops,dynamic,MIX_AIC,1788186117858367.255	,29.620,1.430000,20,40,NO,N/A,N/A,N/A,N/A,N/A,N/A,0,27.389,903837,0.0,0.0,4.543,0.166,0.001,0.0,0.001,0.0,0.001,0.0,0.127,27.287,1800931,0.008,0.0,3.742,0.137,0.001,0.0,0.001,0.0,0.149,92.468
3,4294967295,187,47,aclnnGroupedMatmulV5_GroupedMatmul_GroupedMatmul,GroupedMatmul,dynamic,MIX_AIC,1788186117859845.055	,50.920,1448.130000,20,0,NO,"""9216,7168;1,7168,4096;;;;;;1""",INT8;INT8;INT32;UINT64;FLOAT;FLOAT16;FLOAT16;INT64,ND;NCL;ND;ND;ND;ND;ND;ND,"""9216,4096""",INT32,ND,0,37.517,1238075,2.905,0.077,8.517,0.227,9.377,0.25,32.155,0.857,2.443,0.065,0.022,0.0,0,0.0,0.0,0.0,0.0,0.0,0.0,0.0,0.0,0.0,73.679
3,4294967295,188,47,DequantSwigluQuant,DequantSwigluQuant,dynamic,AI_VECTOR_CORE,1788186117859999.135	,8.780,103.330000,36,0,NO,"""9216,4096;1,4096;9216;;1,2048;;1""",INT32;FLOAT;FLOAT;DT_UNDEFINED;FLOAT;DT_UNDEFINED;INT64,ND;ND;ND;NULL;ND;NULL;ND,"""9216,2048;9216""",INT8;FLOAT,ND;ND,N/A,0.0,0,0.0,0.0,0.0,0.0,0.0,0.0,0.0,0.0,0.0,0.0,0.0,5.163,306683,0.057,0.011,1.569,0.304,0.567,0.11,0.005,0.001,0.189,0.000
3,4294967295,189,47,aclnnGroupedMatmulV5_GroupedMatmul_GroupedMatmul,GroupedMatmul,dynamic,MIX_AIC,1788186117861950.395	,43.840,1942.470000,20,20,NO,"""9216,2048;1,2048,7168;;1,7168;;;;1;9216""",INT8;INT8;INT32;DT_BF16;FLOAT;FLOAT16;FLOAT16;INT64;FLOAT,ND;NCL;ND;ND;ND;ND;ND;ND;ND,"""9216,7168""",DT_BF16,ND,0,33.143,1093731,1.453,0.044,16.859,0.509,4.687,0.141,18.761,0.566,4.934,0.149,0.036,32.82,1083068,0.197,0.006,6.981,0.213,2.695,0.082,0.182,0.006,0.127,75.601
3,4294967295,190,47,aclnnDynamicQuantV2_DynamicQuant_DynamicQuant,DynamicQuant,dynamic,AI_VECTOR_CORE,1788186117862646.495	,329.780,652.160000,40,0,NO,"""9216,7168""",DT_BF16,ND,"""9216,7168;9216""",INT8;FLOAT,ND;ND,N/A,0.0,0,0.0,0.0,0.0,0.0,0.0,0.0,0.0,0.0,0.0,0.0,0.0,324.012,21384802,188.859,0.583,29.832,0.092,291.107,0.898,169.428,0.523,0.005,0.000
3,4294967295,191,47,clear_ops,clear_ops,dynamic,MIX_AIC,1788186117862977.715	,30.400,1.470000,20,40,NO,N/A,N/A,N/A,N/A,N/A,N/A,0,28.173,929724,0.0,0.0,4.515,0.16,0.001,0.0,0.001,0.0,0.001,0.0,0.127,28.071,1852709,0.008,0.0,3.759,0.134,0.001,0.0,0.001,0.0,0.147,92.676
3,4294967295,192,47,aclnnGroupedMatmulV5_GroupedMatmul_GroupedMatmul,GroupedMatmul,dynamic,MIX_AIC,1788186117864451.315	,54.000,1443.100000,20,0,NO,"""9216,7168;1,7168,4096;;;;;;1""",INT8;INT8;INT32;UINT64;FLOAT;FLOAT16;FLOAT16;INT64,ND;NCL;ND;ND;ND;ND;ND;ND,"""9216,4096""",INT32,ND,0,38.2,1260616,2.905,0.076,9.333,0.244,9.379,0.246,32.189,0.843,2.435,0.064,0.021,0.0,0,0.0,0.0,0.0,0.0,0.0,0.0,0.0,0.0,0.0,70.742
3,4294967295,193,47,DequantSwigluQuant,DequantSwigluQuant,dynamic,AI_VECTOR_CORE,1788186117864601.595	,10.080,96.250000,36,0,NO,"""9216,4096;1,4096;9216;;1,2048;;1""",INT32;FLOAT;FLOAT;DT_UNDEFINED;FLOAT;DT_UNDEFINED;INT64,ND;ND;ND;NULL;ND;NULL;ND,"""9216,2048;9216""",INT8;FLOAT,ND;ND,N/A,0.0,0,0.0,0.0,0.0,0.0,0.0,0.0,0.0,0.0,0.0,0.0,0.0,5.074,301379,0.057,0.011,1.56,0.307,0.504,0.099,0.005,0.001,0.186,0.000
3,4294967295,194,47,aclnnGroupedMatmulV5_GroupedMatmul_GroupedMatmul,GroupedMatmul,dynamic,MIX_AIC,1788186117866553.395	,43.660,1941.920000,20,20,NO,"""9216,2048;1,2048,7168;;1,7168;;;;1;9216""",INT8;INT8;INT32;DT_BF16;FLOAT;FLOAT16;FLOAT16;INT64;FLOAT,ND;NCL;ND;ND;ND;ND;ND;ND;ND,"""9216,7168""",DT_BF16,ND,0,33.749,1113732,1.453,0.043,16.602,0.492,4.688,0.139,19.087,0.566,4.849,0.144,0.036,33.432,1103259,0.195,0.006,6.736,0.201,2.478,0.074,0.18,0.005,0.127,77.301
3,4294967295,195,47,aclnnDynamicQuantV2_DynamicQuant_DynamicQuant,DynamicQuant,dynamic,AI_VECTOR_CORE,1788186117867273.575	,330.900,676.340000,40,0,NO,"""9216,7168""",DT_BF16,ND,"""9216,7168;9216""",INT8;FLOAT,ND;ND,N/A,0.0,0,0.0,0.0,0.0,0.0,0.0,0.0,0.0,0.0,0.0,0.0,0.0,324.835,21439135,188.86,0.581,30.03,0.092,291.715,0.898,158.13,0.487,0.005,0.000
3,4294967295,196,47,clear_ops,clear_ops,dynamic,MIX_AIC,1788186117867605.675	,29.800,1.350000,20,40,NO,N/A,N/A,N/A,N/A,N/A,N/A,0,27.572,909889,0.0,0.0,4.565,0.166,0.001,0.0,0.001,0.0,0.001,0.0,0.131,27.472,1813154,0.008,0.0,3.762,0.137,0.001,0.0,0.001,0.0,0.149,92.525
3,4294967295,197,47,aclnnGroupedMatmulV5_GroupedMatmul_GroupedMatmul,GroupedMatmul,dynamic,MIX_AIC,1788186117869090.975	,52.680,1455.450000,20,0,NO,"""9216,7168;1,7168,4096;;;;;;1""",INT8;INT8;INT32;UINT64;FLOAT;FLOAT16;FLOAT16;INT64,ND;NCL;ND;ND;ND;ND;ND;ND,"""9216,4096""",INT32,ND,0,38.909,1283994,2.905,0.075,9.165,0.236,9.376,0.241,32.558,0.837,2.484,0.064,0.021,0.0,0,0.0,0.0,0.0,0.0,0.0,0.0,0.0,0.0,0.0,73.859
3,4294967295,198,47,DequantSwigluQuant,DequantSwigluQuant,dynamic,AI_VECTOR_CORE,1788186117869264.535	,7.700,120.820000,36,0,NO,"""9216,4096;1,4096;9216;;1,2048;;1""",INT32;FLOAT;FLOAT;DT_UNDEFINED;FLOAT;DT_UNDEFINED;INT64,ND;ND;ND;NULL;ND;NULL;ND,"""9216,2048;9216""",INT8;FLOAT,ND;ND,N/A,0.0,0,0.0,0.0,0.0,0.0,0.0,0.0,0.0,0.0,0.0,0.0,0.0,4.533,269289,0.057,0.012,1.241,0.274,0.397,0.088,0.005,0.001,0.186,0.000
3,4294967295,199,47,aclnnGroupedMatmulV5_GroupedMatmul_GroupedMatmul,GroupedMatmul,dynamic,MIX_AIC,1788186117871186.955	,40.580,1914.800000,20,20,NO,"""9216,2048;1,2048,7168;;1,7168;;;;1;9216""",INT8;INT8;INT32;DT_BF16;FLOAT;FLOAT16;FLOAT16;INT64;FLOAT,ND;NCL;ND;ND;ND;ND;ND;ND;ND,"""9216,7168""",DT_BF16,ND,0,31.227,1030484,1.453,0.047,14.473,0.463,4.688,0.15,18.98,0.608,4.878,0.156,0.035,30.899,1019663,0.197,0.006,5.161,0.167,2.412,0.078,0.187,0.006,0.127,76.951
3,4294967295,200,47,aclnnDynamicQuantV2_DynamicQuant_DynamicQuant,DynamicQuant,dynamic,AI_VECTOR_CORE,1788186117871887.175	,331.380,659.670000,40,0,NO,"""9216,7168""",DT_BF16,ND,"""9216,7168;9216""",INT8;FLOAT,ND;ND,N/A,0.0,0,0.0,0.0,0.0,0.0,0.0,0.0,0.0,0.0,0.0,0.0,0.0,324.608,21424149,188.86,0.582,30.172,0.093,292.523,0.901,160.929,0.496,0.005,0.000
3,4294967295,201,47,clear_ops,clear_ops,dynamic,MIX_AIC,1788186117872219.675	,30.560,1.120000,20,40,NO,N/A,N/A,N/A,N/A,N/A,N/A,0,28.354,935695,0.0,0.0,4.489,0.158,0.001,0.0,0.001,0.0,0.001,0.0,0.129,28.253,1864671,0.008,0.0,3.805,0.135,0.001,0.0,0.001,0.0,0.149,92.783
3,4294967295,202,47,aclnnGroupedMatmulV5_GroupedMatmul_GroupedMatmul,GroupedMatmul,dynamic,MIX_AIC,1788186117873723.515	,51.460,1473.190000,20,0,NO,"""9216,7168;1,7168,4096;;;;;;1""",INT8;INT8;INT32;UINT64;FLOAT;FLOAT16;FLOAT16;INT64,ND;NCL;ND;ND;ND;ND;ND;ND,"""9216,4096""",INT32,ND,0,38.167,1259512,2.905,0.076,9.204,0.241,9.379,0.246,32.325,0.847,2.487,0.065,0.022,0.0,0,0.0,0.0,0.0,0.0,0.0,0.0,0.0,0.0,0.0,74.168
3,4294967295,203,47,DequantSwigluQuant,DequantSwigluQuant,dynamic,AI_VECTOR_CORE,1788186117873877.195	,8.360,102.290000,36,0,NO,"""9216,4096;1,4096;9216;;1,2048;;1""",INT32;FLOAT;FLOAT;DT_UNDEFINED;FLOAT;DT_UNDEFINED;INT64,ND;ND;ND;NULL;ND;NULL;ND,"""9216,2048;9216""",INT8;FLOAT,ND;ND,N/A,0.0,0,0.0,0.0,0.0,0.0,0.0,0.0,0.0,0.0,0.0,0.0,0.0,4.871,289321,0.057,0.012,1.428,0.293,0.488,0.1,0.005,0.001,0.186,0.000
3,4294967295,204,47,aclnnGroupedMatmulV5_GroupedMatmul_GroupedMatmul,GroupedMatmul,dynamic,MIX_AIC,1788186117875796.895	,40.760,1911.390000,20,20,NO,"""9216,2048;1,2048,7168;;1,7168;;;;1;9216""",INT8;INT8;INT32;DT_BF16;FLOAT;FLOAT16;FLOAT16;INT64;FLOAT,ND;NCL;ND;ND;ND;ND;ND;ND;ND,"""9216,7168""",DT_BF16,ND,0,30.203,996686,1.453,0.048,12.732,0.422,4.687,0.155,18.725,0.62,4.675,0.155,0.041,29.867,985617,0.206,0.007,4.104,0.137,1.82,0.061,0.176,0.006,0.128,74.099
3,4294967295,205,47,aclnnDynamicQuantV2_DynamicQuant_DynamicQuant,DynamicQuant,dynamic,AI_VECTOR_CORE,1788186117876496.915	,333.120,659.240000,40,0,NO,"""9216,7168""",DT_BF16,ND,"""9216,7168;9216""",INT8;FLOAT,ND;ND,N/A,0.0,0,0.0,0.0,0.0,0.0,0.0,0.0,0.0,0.0,0.0,0.0,0.0,326.579,21554218,188.865,0.578,30.284,0.093,291.183,0.892,162.95,0.499,0.005,0.000
3,4294967295,206,47,clear_ops,clear_ops,dynamic,MIX_AIC,1788186117876831.255	,29.360,1.130000,20,40,NO,N/A,N/A,N/A,N/A,N/A,N/A,0,27.165,896439,0.0,0.0,4.6,0.169,0.001,0.0,0.001,0.0,0.001,0.0,0.132,27.066,1786338,0.008,0.0,3.778,0.14,0.001,0.0,0.001,0.0,0.148,92.523
3,4294967295,207,47,aclnnGroupedMatmulV5_GroupedMatmul_GroupedMatmul,GroupedMatmul,dynamic,MIX_AIC,1788186117878333.015	,52.280,1472.390000,20,0,NO,"""9216,7168;1,7168,4096;;;;;;1""",INT8;INT8;INT32;UINT64;FLOAT;FLOAT16;FLOAT16;INT64,ND;NCL;ND;ND;ND;ND;ND;ND,"""9216,4096""",INT32,ND,0,38.705,1277251,2.905,0.075,9.228,0.238,9.371,0.242,32.653,0.844,2.518,0.065,0.022,0.0,0,0.0,0.0,0.0,0.0,0.0,0.0,0.0,0.0,0.0,74.033
3,4294967295,208,47,DequantSwigluQuant,DequantSwigluQuant,dynamic,AI_VECTOR_CORE,1788186117878491.315	,7.600,105.970000,36,0,NO,"""9216,4096;1,4096;9216;;1,2048;;1""",INT32;FLOAT;FLOAT;DT_UNDEFINED;FLOAT;DT_UNDEFINED;INT64,ND;ND;ND;NULL;ND;NULL;ND,"""9216,2048;9216""",INT8;FLOAT,ND;ND,N/A,0.0,0,0.0,0.0,0.0,0.0,0.0,0.0,0.0,0.0,0.0,0.0,0.0,4.431,263186,0.057,0.013,1.171,0.264,0.333,0.075,0.005,0.001,0.187,0.000
3,4294967295,209,47,aclnnGroupedMatmulV5_GroupedMatmul_GroupedMatmul,GroupedMatmul,dynamic,MIX_AIC,1788186117880414.795	,42.720,1915.900000,20,20,NO,"""9216,2048;1,2048,7168;;1,7168;;;;1;9216""",INT8;INT8;INT32;DT_BF16;FLOAT;FLOAT16;FLOAT16;INT64;FLOAT,ND;NCL;ND;ND;ND;ND;ND;ND;ND,"""9216,7168""",DT_BF16,ND,0,33.855,1117229,1.453,0.043,15.626,0.462,4.69,0.139,18.38,0.543,4.914,0.145,0.035,33.518,1106093,0.197,0.006,6.393,0.191,2.819,0.084,0.181,0.005,0.127,79.250
3,4294967295,210,47,aclnnDynamicQuantV2_DynamicQuant_DynamicQuant,DynamicQuant,dynamic,AI_VECTOR_CORE,1788186117881107.555	,330.080,650.030000,40,0,NO,"""9216,7168""",DT_BF16,ND,"""9216,7168;9216""",INT8;FLOAT,ND;ND,N/A,0.0,0,0.0,0.0,0.0,0.0,0.0,0.0,0.0,0.0,0.0,0.0,0.0,324.012,21384804,188.859,0.583,30.138,0.093,291.497,0.9,165.732,0.511,0.005,0.000
3,4294967295,211,47,clear_ops,clear_ops,dynamic,MIX_AIC,1788186117881439.135	,30.520,1.670000,20,40,NO,N/A,N/A,N/A,N/A,N/A,N/A,0,28.249,932212,0.0,0.0,4.531,0.16,0.001,0.0,0.001,0.0,0.001,0.0,0.129,28.148,1857782,0.008,0.0,3.792,0.135,0.001,0.0,0.001,0.0,0.147,92.558
3,4294967295,212,47,aclnnGroupedMatmulV5_GroupedMatmul_GroupedMatmul,GroupedMatmul,dynamic,MIX_AIC,1788186117882973.435	,53.480,1503.730000,20,0,NO,"""9216,7168;1,7168,4096;;;;;;1""",INT8;INT8;INT32;UINT64;FLOAT;FLOAT16;FLOAT16;INT64,ND;NCL;ND;ND;ND;ND;ND;ND,"""9216,4096""",INT32,ND,0,40.277,1329153,2.905,0.072,10.773,0.267,9.378,0.233,32.267,0.801,2.438,0.061,0.019,0.0,0,0.0,0.0,0.0,0.0,0.0,0.0,0.0,0.0,0.0,75.313
3,4294967295,213,47,DequantSwigluQuant,DequantSwigluQuant,dynamic,AI_VECTOR_CORE,1788186117883129.655	,8.000,102.770000,36,0,NO,"""9216,4096;1,4096;9216;;1,2048;;1""",INT32;FLOAT;FLOAT;DT_UNDEFINED;FLOAT;DT_UNDEFINED;INT64,ND;ND;ND;NULL;ND;NULL;ND,"""9216,2048;9216""",INT8;FLOAT,ND;ND,N/A,0.0,0,0.0,0.0,0.0,0.0,0.0,0.0,0.0,0.0,0.0,0.0,0.0,4.638,275481,0.057,0.012,1.305,0.281,0.406,0.088,0.005,0.001,0.187,0.000
3,4294967295,214,47,aclnnGroupedMatmulV5_GroupedMatmul_GroupedMatmul,GroupedMatmul,dynamic,MIX_AIC,1788186117885063.295	,39.780,1925.500000,20,20,NO,"""9216,2048;1,2048,7168;;1,7168;;;;1;9216""",INT8;INT8;INT32;DT_BF16;FLOAT;FLOAT16;FLOAT16;INT64;FLOAT,ND;NCL;ND;ND;ND;ND;ND;ND;ND,"""9216,7168""",DT_BF16,ND,0,30.225,997428,1.453,0.048,12.92,0.427,4.687,0.155,18.732,0.62,4.771,0.158,0.04,29.908,986972,0.215,0.007,4.63,0.155,1.746,0.058,0.183,0.006,0.126,75.981
3,4294967295,215,47,aclnnDynamicQuantV2_DynamicQuant_DynamicQuant,DynamicQuant,dynamic,AI_VECTOR_CORE,1788186117885773.855	,330.440,670.720000,40,0,NO,"""9216,7168""",DT_BF16,ND,"""9216,7168;9216""",INT8;FLOAT,ND;ND,N/A,0.0,0,0.0,0.0,0.0,0.0,0.0,0.0,0.0,0.0,0.0,0.0,0.0,324.148,21393739,188.861,0.583,30.184,0.093,291.723,0.9,163.715,0.505,0.005,0.000
3,4294967295,216,47,clear_ops,clear_ops,dynamic,MIX_AIC,1788186117886105.775	,30.940,1.560000,20,40,NO,N/A,N/A,N/A,N/A,N/A,N/A,0,28.754,948875,0.0,0.0,4.731,0.165,0.001,0.0,0.001,0.0,0.001,0.0,0.129,28.653,1891115,0.008,0.0,3.912,0.137,0.001,0.0,0.001,0.0,0.149,92.934
3,4294967295,217,47,aclnnGroupedMatmulV5_GroupedMatmul_GroupedMatmul,GroupedMatmul,dynamic,MIX_AIC,1788186117887606.175	,51.720,1469.560000,20,0,NO,"""9216,7168;1,7168,4096;;;;;;1""",INT8;INT8;INT32;UINT64;FLOAT;FLOAT16;FLOAT16;INT64,ND;NCL;ND;ND;ND;ND;ND;ND,"""9216,4096""",INT32,ND,0,37.93,1251681,2.905,0.077,8.64,0.228,9.377,0.247,32.597,0.859,2.466,0.065,0.023,0.0,0,0.0,0.0,0.0,0.0,0.0,0.0,0.0,0.0,0.0,73.337
3,4294967295,218,47,DequantSwigluQuant,DequantSwigluQuant,dynamic,AI_VECTOR_CORE,1788186117887757.775	,9.540,99.780000,36,0,NO,"""9216,4096;1,4096;9216;;1,2048;;1""",INT32;FLOAT;FLOAT;DT_UNDEFINED;FLOAT;DT_UNDEFINED;INT64,ND;ND;ND;NULL;ND;NULL;ND,"""9216,2048;9216""",INT8;FLOAT,ND;ND,N/A,0.0,0,0.0,0.0,0.0,0.0,0.0,0.0,0.0,0.0,0.0,0.0,0.0,5.343,317400,0.057,0.011,1.835,0.343,0.698,0.131,0.005,0.001,0.186,0.000
3,4294967295,219,47,aclnnGroupedMatmulV5_GroupedMatmul_GroupedMatmul,GroupedMatmul,dynamic,MIX_AIC,1788186117889696.955	,40.540,1929.710000,20,20,NO,"""9216,2048;1,2048,7168;;1,7168;;;;1;9216""",INT8;INT8;INT32;DT_BF16;FLOAT;FLOAT16;FLOAT16;INT64;FLOAT,ND;NCL;ND;ND;ND;ND;ND;ND;ND,"""9216,7168""",DT_BF16,ND,0,30.117,993849,1.453,0.048,11.869,0.394,4.691,0.156,18.708,0.621,4.678,0.155,0.042,29.809,983710,0.212,0.007,4.078,0.137,1.527,0.051,0.18,0.006,0.126,74.289
3,4294967295,220,47,aclnnDynamicQuantV2_DynamicQuant_DynamicQuant,DynamicQuant,dynamic,AI_VECTOR_CORE,1788186117890394.415	,333.480,656.960000,40,0,NO,"""9216,7168""",DT_BF16,ND,"""9216,7168;9216""",INT8;FLOAT,ND;ND,N/A,0.0,0,0.0,0.0,0.0,0.0,0.0,0.0,0.0,0.0,0.0,0.0,0.0,327.604,21621848,188.862,0.576,30.201,0.092,291.982,0.891,160.024,0.488,0.005,0.000
3,4294967295,221,47,clear_ops,clear_ops,dynamic,MIX_AIC,1788186117890729.195	,30.840,1.270000,20,40,NO,N/A,N/A,N/A,N/A,N/A,N/A,0,28.626,944663,0.0,0.0,4.484,0.157,0.001,0.0,0.001,0.0,0.001,0.0,0.128,28.526,1882714,0.008,0.0,3.742,0.131,0.001,0.0,0.001,0.0,0.148,92.822
3,4294967295,222,47,aclnnGroupedMatmulV5_GroupedMatmul_GroupedMatmul,GroupedMatmul,dynamic,MIX_AIC,1788186117892204.495	,50.980,1444.410000,20,0,NO,"""9216,7168;1,7168,4096;;;;;;1""",INT8;INT8;INT32;UINT64;FLOAT;FLOAT16;FLOAT16;INT64,ND;NCL;ND;ND;ND;ND;ND;ND,"""9216,4096""",INT32,ND,0,37.659,1242756,2.905,0.077,8.577,0.228,9.377,0.249,32.144,0.854,2.417,0.064,0.022,0.0,0,0.0,0.0,0.0,0.0,0.0,0.0,0.0,0.0,0.0,73.871
3,4294967295,223,47,DequantSwigluQuant,DequantSwigluQuant,dynamic,AI_VECTOR_CORE,1788186117892361.615	,9.600,106.020000,36,0,NO,"""9216,4096;1,4096;9216;;1,2048;;1""",INT32;FLOAT;FLOAT;DT_UNDEFINED;FLOAT;DT_UNDEFINED;INT64,ND;ND;ND;NULL;ND;NULL;ND,"""9216,2048;9216""",INT8;FLOAT,ND;ND,N/A,0.0,0,0.0,0.0,0.0,0.0,0.0,0.0,0.0,0.0,0.0,0.0,0.0,5.694,338226,0.057,0.01,2.023,0.355,0.878,0.154,0.005,0.001,0.185,0.000
3,4294967295,224,47,aclnnGroupedMatmulV5_GroupedMatmul_GroupedMatmul,GroupedMatmul,dynamic,MIX_AIC,1788186117894300.975	,40.220,1929.900000,20,20,NO,"""9216,2048;1,2048,7168;;1,7168;;;;1;9216""",INT8;INT8;INT32;DT_BF16;FLOAT;FLOAT16;FLOAT16;INT64;FLOAT,ND;NCL;ND;ND;ND;ND;ND;ND;ND,"""9216,7168""",DT_BF16,ND,0,31.004,1023142,1.453,0.047,13.861,0.447,4.696,0.151,18.932,0.611,4.78,0.154,0.037,30.677,1012332,0.198,0.006,5.272,0.172,2.25,0.073,0.185,0.006,0.127,77.087
3,4294967295,225,47,aclnnDynamicQuantV2_DynamicQuant_DynamicQuant,DynamicQuant,dynamic,AI_VECTOR_CORE,1788186117895000.215	,329.500,659.030000,40,0,NO,"""9216,7168""",DT_BF16,ND,"""9216,7168;9216""",INT8;FLOAT,ND;ND,N/A,0.0,0,0.0,0.0,0.0,0.0,0.0,0.0,0.0,0.0,0.0,0.0,0.0,323.97,21382045,188.859,0.583,29.914,0.092,291.442,0.9,162.409,0.501,0.005,0.000
3,4294967295,226,47,clear_ops,clear_ops,dynamic,MIX_AIC,1788186117895331.235	,29.380,1.500000,20,40,NO,N/A,N/A,N/A,N/A,N/A,N/A,0,27.178,896864,0.0,0.0,4.579,0.168,0.001,0.0,0.001,0.0,0.001,0.0,0.127,27.076,1787000,0.008,0.0,3.813,0.141,0.001,0.0,0.001,0.0,0.149,92.504
3,4294967295,227,47,aclnnGroupedMatmulV5_GroupedMatmul_GroupedMatmul,GroupedMatmul,dynamic,MIX_AIC,1788186117896815.895	,53.200,1455.370000,20,0,NO,"""9216,7168;1,7168,4096;;;;;;1""",INT8;INT8;INT32;UINT64;FLOAT;FLOAT16;FLOAT16;INT64,ND;NCL;ND;ND;ND;ND;ND;ND,"""9216,4096""",INT32,ND,0,38.522,1271217,2.905,0.075,8.887,0.231,9.379,0.243,32.182,0.835,2.443,0.063,0.023,0.0,0,0.0,0.0,0.0,0.0,0.0,0.0,0.0,0.0,0.0,72.409
3,4294967295,228,47,DequantSwigluQuant,DequantSwigluQuant,dynamic,AI_VECTOR_CORE,1788186117896971.395	,7.780,102.300000,36,0,NO,"""9216,4096;1,4096;9216;;1,2048;;1""",INT32;FLOAT;FLOAT;DT_UNDEFINED;FLOAT;DT_UNDEFINED;INT64,ND;ND;ND;NULL;ND;NULL;ND,"""9216,2048;9216""",INT8;FLOAT,ND;ND,N/A,0.0,0,0.0,0.0,0.0,0.0,0.0,0.0,0.0,0.0,0.0,0.0,0.0,4.548,270124,0.057,0.012,1.16,0.255,0.331,0.073,0.005,0.001,0.187,0.000
3,4294967295,229,47,aclnnGroupedMatmulV5_GroupedMatmul_GroupedMatmul,GroupedMatmul,dynamic,MIX_AIC,1788186117898956.735	,41.620,1977.470000,20,20,NO,"""9216,2048;1,2048,7168;;1,7168;;;;1;9216""",INT8;INT8;INT32;DT_BF16;FLOAT;FLOAT16;FLOAT16;INT64;FLOAT,ND;NCL;ND;ND;ND;ND;ND;ND;ND,"""9216,7168""",DT_BF16,ND,0,32.304,1066019,1.453,0.045,14.669,0.454,4.688,0.145,19.113,0.592,4.876,0.151,0.036,31.98,1055352,0.196,0.006,5.297,0.166,2.516,0.079,0.176,0.006,0.127,77.616
3,4294967295,230,47,aclnnDynamicQuantV2_DynamicQuant_DynamicQuant,DynamicQuant,dynamic,AI_VECTOR_CORE,1788186117899650.895	,328.560,652.630000,40,0,NO,"""9216,7168""",DT_BF16,ND,"""9216,7168;9216""",INT8;FLOAT,ND;ND,N/A,0.0,0,0.0,0.0,0.0,0.0,0.0,0.0,0.0,0.0,0.0,0.0,0.0,321.793,21238333,188.856,0.587,30.144,0.094,289.652,0.9,152.081,0.473,0.005,0.000
3,4294967295,231,47,clear_ops,clear_ops,dynamic,MIX_AIC,1788186117899980.995	,30.160,1.440000,20,40,NO,N/A,N/A,N/A,N/A,N/A,N/A,0,27.984,923478,0.0,0.0,4.511,0.161,0.001,0.0,0.001,0.0,0.001,0.0,0.129,27.885,1840440,0.008,0.0,3.761,0.135,0.001,0.0,0.001,0.0,0.149,92.786
3,4294967295,232,47,aclnnGroupedMatmulV5_GroupedMatmul_GroupedMatmul,GroupedMatmul,dynamic,MIX_AIC,1788186117901480.915	,52.640,1469.840000,20,0,NO,"""9216,7168;1,7168,4096;;;;;;1""",INT8;INT8;INT32;UINT64;FLOAT;FLOAT16;FLOAT16;INT64,ND;NCL;ND;ND;ND;ND;ND;ND,"""9216,4096""",INT32,ND,0,38.457,1269079,2.905,0.076,9.212,0.24,9.382,0.244,32.465,0.844,2.464,0.064,0.022,0.0,0,0.0,0.0,0.0,0.0,0.0,0.0,0.0,0.0,0.0,73.056
3,4294967295,233,47,DequantSwigluQuant,DequantSwigluQuant,dynamic,AI_VECTOR_CORE,1788186117901638.435	,8.700,104.860000,36,0,NO,"""9216,4096;1,4096;9216;;1,2048;;1""",INT32;FLOAT;FLOAT;DT_UNDEFINED;FLOAT;DT_UNDEFINED;INT64,ND;ND;ND;NULL;ND;NULL;ND,"""9216,2048;9216""",INT8;FLOAT,ND;ND,N/A,0.0,0,0.0,0.0,0.0,0.0,0.0,0.0,0.0,0.0,0.0,0.0,0.0,5.031,298838,0.057,0.011,1.507,0.3,0.554,0.11,0.005,0.001,0.185,0.000
3,4294967295,234,47,aclnnGroupedMatmulV5_GroupedMatmul_GroupedMatmul,GroupedMatmul,dynamic,MIX_AIC,1788186117903564.495	,40.200,1917.300000,20,20,NO,"""9216,2048;1,2048,7168;;1,7168;;;;1;9216""",INT8;INT8;INT32;DT_BF16;FLOAT;FLOAT16;FLOAT16;INT64;FLOAT,ND;NCL;ND;ND;ND;ND;ND;ND;ND,"""9216,7168""",DT_BF16,ND,0,30.632,1010871,1.453,0.047,12.999,0.424,4.688,0.153,18.734,0.612,4.721,0.154,0.041,30.311,1000276,0.206,0.007,4.113,0.136,1.842,0.061,0.181,0.006,0.129,76.200
3,4294967295,235,47,aclnnDynamicQuantV2_DynamicQuant_DynamicQuant,DynamicQuant,dynamic,AI_VECTOR_CORE,1788186117904263.135	,332.600,658.550000,40,0,NO,"""9216,7168""",DT_BF16,ND,"""9216,7168;9216""",INT8;FLOAT,ND;ND,N/A,0.0,0,0.0,0.0,0.0,0.0,0.0,0.0,0.0,0.0,0.0,0.0,0.0,327.019,21583275,188.867,0.578,30.301,0.093,291.027,0.89,161.177,0.493,0.005,0.000
3,4294967295,236,47,clear_ops,clear_ops,dynamic,MIX_AIC,1788186117904597.015	,31.420,1.150000,20,40,NO,N/A,N/A,N/A,N/A,N/A,N/A,0,29.166,962473,0.0,0.0,4.676,0.16,0.001,0.0,0.001,0.0,0.001,0.0,0.127,29.064,1918223,0.008,0.0,3.876,0.133,0.001,0.0,0.001,0.0,0.149,92.826
3,4294967295,237,47,aclnnGroupedMatmulV5_GroupedMatmul_GroupedMatmul,GroupedMatmul,dynamic,MIX_AIC,1788186117906103.935	,53.100,1475.580000,20,0,NO,"""9216,7168;1,7168,4096;;;;;;1""",INT8;INT8;INT32;UINT64;FLOAT;FLOAT16;FLOAT16;INT64,ND;NCL;ND;ND;ND;ND;ND;ND,"""9216,4096""",INT32,ND,0,38.062,1256052,2.905,0.076,9.195,0.242,9.375,0.246,32.198,0.846,2.412,0.063,0.022,0.0,0,0.0,0.0,0.0,0.0,0.0,0.0,0.0,0.0,0.0,71.680
3,4294967295,238,47,DequantSwigluQuant,DequantSwigluQuant,dynamic,AI_VECTOR_CORE,1788186117906259.095	,9.400,101.900000,36,0,NO,"""9216,4096;1,4096;9216;;1,2048;;1""",INT32;FLOAT;FLOAT;DT_UNDEFINED;FLOAT;DT_UNDEFINED;INT64,ND;ND;ND;NULL;ND;NULL;ND,"""9216,2048;9216""",INT8;FLOAT,ND;ND,N/A,0.0,0,0.0,0.0,0.0,0.0,0.0,0.0,0.0,0.0,0.0,0.0,0.0,5.577,331284,0.057,0.01,1.833,0.329,0.706,0.127,0.005,0.001,0.187,0.000
3,4294967295,239,47,aclnnGroupedMatmulV5_GroupedMatmul_GroupedMatmul,GroupedMatmul,dynamic,MIX_AIC,1788186117908167.075	,42.100,1898.600000,20,20,NO,"""9216,2048;1,2048,7168;;1,7168;;;;1;9216""",INT8;INT8;INT32;DT_BF16;FLOAT;FLOAT16;FLOAT16;INT64;FLOAT,ND;NCL;ND;ND;ND;ND;ND;ND;ND,"""9216,7168""",DT_BF16,ND,0,32.188,1062198,1.453,0.045,15.239,0.473,4.694,0.146,18.947,0.589,4.882,0.152,0.035,31.853,1051149,0.197,0.006,5.676,0.178,2.786,0.087,0.183,0.006,0.127,76.456
3,4294967295,240,47,aclnnDynamicQuantV2_DynamicQuant_DynamicQuant,DynamicQuant,dynamic,AI_VECTOR_CORE,1788186117908871.675	,330.120,662.650000,40,0,NO,"""9216,7168""",DT_BF16,ND,"""9216,7168;9216""",INT8;FLOAT,ND;ND,N/A,0.0,0,0.0,0.0,0.0,0.0,0.0,0.0,0.0,0.0,0.0,0.0,0.0,323.594,21357198,188.859,0.584,30.197,0.093,291.165,0.9,172.133,0.532,0.005,0.000
3,4294967295,241,47,clear_ops,clear_ops,dynamic,MIX_AIC,1788186117909203.075	,31.240,1.130000,20,40,NO,N/A,N/A,N/A,N/A,N/A,N/A,0,29.0,956986,0.0,0.0,4.561,0.157,0.001,0.0,0.001,0.0,0.001,0.0,0.131,28.897,1907218,0.008,0.0,3.78,0.131,0.001,0.0,0.001,0.0,0.149,92.828
3,4294967295,242,47,aclnnGroupedMatmulV5_GroupedMatmul_GroupedMatmul,GroupedMatmul,dynamic,MIX_AIC,1788186117910693.795	,54.140,1459.510000,20,0,NO,"""9216,7168;1,7168,4096;;;;;;1""",INT8;INT8;INT32;UINT64;FLOAT;FLOAT16;FLOAT16;INT64,ND;NCL;ND;ND;ND;ND;ND;ND,"""9216,4096""",INT32,ND,0,40.635,1340951,2.905,0.071,10.947,0.269,9.373,0.231,32.536,0.801,2.438,0.06,0.019,0.0,0,0.0,0.0,0.0,0.0,0.0,0.0,0.0,0.0,0.0,75.055
3,4294967295,243,47,DequantSwigluQuant,DequantSwigluQuant,dynamic,AI_VECTOR_CORE,1788186117910845.295	,9.440,97.360000,36,0,NO,"""9216,4096;1,4096;9216;;1,2048;;1""",INT32;FLOAT;FLOAT;DT_UNDEFINED;FLOAT;DT_UNDEFINED;INT64,ND;ND;ND;NULL;ND;NULL;ND,"""9216,2048;9216""",INT8;FLOAT,ND;ND,N/A,0.0,0,0.0,0.0,0.0,0.0,0.0,0.0,0.0,0.0,0.0,0.0,0.0,4.709,279729,0.057,0.012,1.246,0.265,0.335,0.071,0.005,0.001,0.186,0.000
3,4294967295,244,47,aclnnGroupedMatmulV5_GroupedMatmul_GroupedMatmul,GroupedMatmul,dynamic,MIX_AIC,1788186117912778.075	,40.940,1923.310000,20,20,NO,"""9216,2048;1,2048,7168;;1,7168;;;;1;9216""",INT8;INT8;INT32;DT_BF16;FLOAT;FLOAT16;FLOAT16;INT64;FLOAT,ND;NCL;ND;ND;ND;ND;ND;ND;ND,"""9216,7168""",DT_BF16,ND,0,30.748,1014699,1.453,0.047,12.936,0.421,4.685,0.152,18.947,0.616,4.884,0.159,0.041,30.442,1004589,0.205,0.007,4.276,0.14,2.016,0.066,0.181,0.006,0.128,75.106
3,4294967295,245,47,aclnnDynamicQuantV2_DynamicQuant_DynamicQuant,DynamicQuant,dynamic,AI_VECTOR_CORE,1788186117913496.975	,330.100,678.060000,40,0,NO,"""9216,7168""",DT_BF16,ND,"""9216,7168;9216""",INT8;FLOAT,ND;ND,N/A,0.0,0,0.0,0.0,0.0,0.0,0.0,0.0,0.0,0.0,0.0,0.0,0.0,324.619,21424869,188.859,0.582,30.251,0.093,291.993,0.899,167.412,0.516,0.005,0.000
3,4294967295,246,47,clear_ops,clear_ops,dynamic,MIX_AIC,1788186117913828.375	,30.240,1.400000,20,40,NO,N/A,N/A,N/A,N/A,N/A,N/A,0,27.996,923858,0.0,0.0,4.616,0.165,0.001,0.0,0.001,0.0,0.001,0.0,0.129,27.895,1841088,0.008,0.0,3.756,0.135,0.001,0.0,0.001,0.0,0.148,92.578
3,4294967295,247,47,aclnnGroupedMatmulV5_GroupedMatmul_GroupedMatmul,GroupedMatmul,dynamic,MIX_AIC,1788186117915321.875	,52.560,1463.260000,20,0,NO,"""9216,7168;1,7168,4096;;;;;;1""",INT8;INT8;INT32;UINT64;FLOAT;FLOAT16;FLOAT16;INT64,ND;NCL;ND;ND;ND;ND;ND;ND,"""9216,4096""",INT32,ND,0,37.991,1253702,2.905,0.076,8.859,0.233,9.377,0.247,32.187,0.847,2.433,0.064,0.023,0.0,0,0.0,0.0,0.0,0.0,0.0,0.0,0.0,0.0,0.0,72.281
3,4294967295,248,47,DequantSwigluQuant,DequantSwigluQuant,dynamic,AI_VECTOR_CORE,1788186117915478.115	,9.500,103.440000,36,0,NO,"""9216,4096;1,4096;9216;;1,2048;;1""",INT32;FLOAT;FLOAT;DT_UNDEFINED;FLOAT;DT_UNDEFINED;INT64,ND;ND;ND;NULL;ND;NULL;ND,"""9216,2048;9216""",INT8;FLOAT,ND;ND,N/A,0.0,0,0.0,0.0,0.0,0.0,0.0,0.0,0.0,0.0,0.0,0.0,0.0,5.591,332108,0.057,0.01,1.957,0.35,0.85,0.152,0.005,0.001,0.184,0.000
3,4294967295,249,47,aclnnGroupedMatmulV5_GroupedMatmul_GroupedMatmul,GroupedMatmul,dynamic,MIX_AIC,1788186117917433.295	,41.500,1945.750000,20,20,NO,"""9216,2048;1,2048,7168;;1,7168;;;;1;9216""",INT8;INT8;INT32;DT_BF16;FLOAT;FLOAT16;FLOAT16;INT64;FLOAT,ND;NCL;ND;ND;ND;ND;ND;ND;ND,"""9216,7168""",DT_BF16,ND,0,30.169,995568,1.453,0.048,13.033,0.432,4.691,0.155,18.936,0.628,4.9,0.162,0.04,29.867,985616,0.207,0.007,4.254,0.142,1.847,0.062,0.185,0.006,0.125,72.696
3,4294967295,250,47,aclnnDynamicQuantV2_DynamicQuant_DynamicQuant,DynamicQuant,dynamic,AI_VECTOR_CORE,1788186117918126.615	,331.460,651.750000,40,0,NO,"""9216,7168""",DT_BF16,ND,"""9216,7168;9216""",INT8;FLOAT,ND;ND,N/A,0.0,0,0.0,0.0,0.0,0.0,0.0,0.0,0.0,0.0,0.0,0.0,0.0,325.335,21472105,188.86,0.581,30.092,0.092,290.673,0.893,169.297,0.52,0.005,0.000
3,4294967295,251,47,clear_ops,clear_ops,dynamic,MIX_AIC,1788186117918459.255	,29.880,1.290000,20,40,NO,N/A,N/A,N/A,N/A,N/A,N/A,0,27.626,911660,0.0,0.0,4.544,0.164,0.001,0.0,0.001,0.0,0.001,0.0,0.126,27.525,1816672,0.008,0.0,3.752,0.136,0.001,0.0,0.001,0.0,0.148,92.457
3,4294967295,252,47,aclnnGroupedMatmulV5_GroupedMatmul_GroupedMatmul,GroupedMatmul,dynamic,MIX_AIC,1788186117919937.655	,51.620,1448.620000,20,0,NO,"""9216,7168;1,7168,4096;;;;;;1""",INT8;INT8;INT32;UINT64;FLOAT;FLOAT16;FLOAT16;INT64,ND;NCL;ND;ND;ND;ND;ND;ND,"""9216,4096""",INT32,ND,0,38.309,1264205,2.905,0.076,8.646,0.226,9.374,0.245,32.602,0.851,2.467,0.064,0.022,0.0,0,0.0,0.0,0.0,0.0,0.0,0.0,0.0,0.0,0.0,74.214
3,4294967295,253,47,DequantSwigluQuant,DequantSwigluQuant,dynamic,AI_VECTOR_CORE,1788186117920101.455	,9.140,112.130000,36,0,NO,"""9216,4096;1,4096;9216;;1,2048;;1""",INT32;FLOAT;FLOAT;DT_UNDEFINED;FLOAT;DT_UNDEFINED;INT64,ND;ND;ND;NULL;ND;NULL;ND,"""9216,2048;9216""",INT8;FLOAT,ND;ND,N/A,0.0,0,0.0,0.0,0.0,0.0,0.0,0.0,0.0,0.0,0.0,0.0,0.0,5.325,316312,0.057,0.011,1.735,0.326,0.646,0.121,0.005,0.001,0.185,0.000
3,4294967295,254,47,aclnnGroupedMatmulV5_GroupedMatmul_GroupedMatmul,GroupedMatmul,dynamic,MIX_AIC,1788186117922041.275	,44.060,1930.610000,20,20,NO,"""9216,2048;1,2048,7168;;1,7168;;;;1;9216""",INT8;INT8;INT32;DT_BF16;FLOAT;FLOAT16;FLOAT16;INT64;FLOAT,ND;NCL;ND;ND;ND;ND;ND;ND;ND,"""9216,7168""",DT_BF16,ND,0,33.755,1113916,1.453,0.043,17.047,0.505,4.69,0.139,18.81,0.557,4.724,0.14,0.037,33.436,1103389,0.195,0.006,7.113,0.213,2.759,0.083,0.177,0.005,0.127,76.612
3,4294967295,255,47,aclnnDynamicQuantV2_DynamicQuant_DynamicQuant,DynamicQuant,dynamic,AI_VECTOR_CORE,1788186117922742.715	,328.800,657.440000,40,0,NO,"""9216,7168""",DT_BF16,ND,"""9216,7168;9216""",INT8;FLOAT,ND;ND,N/A,0.0,0,0.0,0.0,0.0,0.0,0.0,0.0,0.0,0.0,0.0,0.0,0.0,322.003,21252185,188.86,0.587,30.039,0.093,289.935,0.9,161.292,0.501,0.005,0.000
3,4294967295,256,47,clear_ops,clear_ops,dynamic,MIX_AIC,1788186117923072.675	,31.140,1.200000,20,40,NO,N/A,N/A,N/A,N/A,N/A,N/A,0,28.977,956249,0.0,0.0,4.581,0.158,0.001,0.0,0.001,0.0,0.001,0.0,0.13,28.878,1905960,0.008,0.0,3.791,0.131,0.001,0.0,0.001,0.0,0.15,93.055
3,4294967295,257,47,aclnnGroupedMatmulV5_GroupedMatmul_GroupedMatmul,GroupedMatmul,dynamic,MIX_AIC,1788186117924554.395	,52.500,1450.610000,20,0,NO,"""9216,7168;1,7168,4096;;;;;;1""",INT8;INT8;INT32;UINT64;FLOAT;FLOAT16;FLOAT16;INT64,ND;NCL;ND;ND;ND;ND;ND;ND,"""9216,4096""",INT32,ND,0,37.87,1249724,2.905,0.077,8.792,0.232,9.379,0.248,32.208,0.85,2.471,0.065,0.022,0.0,0,0.0,0.0,0.0,0.0,0.0,0.0,0.0,0.0,0.0,72.134
3,4294967295,258,47,DequantSwigluQuant,DequantSwigluQuant,dynamic,AI_VECTOR_CORE,1788186117924713.135	,8.520,106.250000,36,0,NO,"""9216,4096;1,4096;9216;;1,2048;;1""",INT32;FLOAT;FLOAT;DT_UNDEFINED;FLOAT;DT_UNDEFINED;INT64,ND;ND;ND;NULL;ND;NULL;ND,"""9216,2048;9216""",INT8;FLOAT,ND;ND,N/A,0.0,0,0.0,0.0,0.0,0.0,0.0,0.0,0.0,0.0,0.0,0.0,0.0,5.158,306398,0.057,0.011,1.577,0.306,0.532,0.103,0.005,0.001,0.186,0.000
3,4294967295,259,47,aclnnGroupedMatmulV5_GroupedMatmul_GroupedMatmul,GroupedMatmul,dynamic,MIX_AIC,1788186117926643.215	,39.660,1921.480000,20,20,NO,"""9216,2048;1,2048,7168;;1,7168;;;;1;9216""",INT8;INT8;INT32;DT_BF16;FLOAT;FLOAT16;FLOAT16;INT64;FLOAT,ND;NCL;ND;ND;ND;ND;ND;ND;ND,"""9216,7168""",DT_BF16,ND,0,29.902,986782,1.453,0.049,12.778,0.427,4.689,0.157,18.665,0.624,4.774,0.16,0.04,29.589,976423,0.207,0.007,4.738,0.16,1.786,0.06,0.181,0.006,0.125,75.397
3,4294967295,260,47,aclnnDynamicQuantV2_DynamicQuant_DynamicQuant,DynamicQuant,dynamic,AI_VECTOR_CORE,1788186117927345.335	,328.340,662.340000,40,0,NO,"""9216,7168""",DT_BF16,ND,"""9216,7168;9216""",INT8;FLOAT,ND;ND,N/A,0.0,0,0.0,0.0,0.0,0.0,0.0,0.0,0.0,0.0,0.0,0.0,0.0,324.512,21417761,188.866,0.582,30.314,0.093,292.169,0.9,164.529,0.507,0.005,0.000
3,4294967295,261,47,clear_ops,clear_ops,dynamic,MIX_AIC,1788186117927675.015	,29.880,1.410000,20,40,NO,N/A,N/A,N/A,N/A,N/A,N/A,0,27.626,911668,0.0,0.0,4.471,0.162,0.001,0.0,0.001,0.0,0.001,0.0,0.128,27.524,1816613,0.008,0.0,3.702,0.134,0.001,0.0,0.001,0.0,0.149,92.458
3,4294967295,262,47,aclnnGroupedMatmulV5_GroupedMatmul_GroupedMatmul,GroupedMatmul,dynamic,MIX_AIC,1788186117929147.935	,52.100,1443.120000,20,0,NO,"""9216,7168;1,7168,4096;;;;;;1""",INT8;INT8;INT32;UINT64;FLOAT;FLOAT16;FLOAT16;INT64,ND;NCL;ND;ND;ND;ND;ND;ND,"""9216,4096""",INT32,ND,0,38.15,1258944,2.905,0.076,8.693,0.228,9.378,0.246,32.538,0.853,2.407,0.063,0.022,0.0,0,0.0,0.0,0.0,0.0,0.0,0.0,0.0,0.0,0.0,73.224
3,4294967295,263,47,DequantSwigluQuant,DequantSwigluQuant,dynamic,AI_VECTOR_CORE,1788186117929326.915	,8.440,126.900000,36,0,NO,"""9216,4096;1,4096;9216;;1,2048;;1""",INT32;FLOAT;FLOAT;DT_UNDEFINED;FLOAT;DT_UNDEFINED;INT64,ND;ND;ND;NULL;ND;NULL;ND,"""9216,2048;9216""",INT8;FLOAT,ND;ND,N/A,0.0,0,0.0,0.0,0.0,0.0,0.0,0.0,0.0,0.0,0.0,0.0,0.0,4.935,293145,0.057,0.011,1.442,0.292,0.503,0.102,0.005,0.001,0.186,0.000
3,4294967295,264,47,aclnnGroupedMatmulV5_GroupedMatmul_GroupedMatmul,GroupedMatmul,dynamic,MIX_AIC,1788186117931234.575	,44.940,1899.060000,20,20,NO,"""9216,2048;1,2048,7168;;1,7168;;;;1;9216""",INT8;INT8;INT32;DT_BF16;FLOAT;FLOAT16;FLOAT16;INT64;FLOAT,ND;NCL;ND;ND;ND;ND;ND;ND;ND,"""9216,7168""",DT_BF16,ND,0,33.638,1110067,1.453,0.043,17.045,0.507,4.687,0.139,18.971,0.564,4.984,0.148,0.035,33.3,1098886,0.196,0.006,7.166,0.215,2.726,0.082,0.182,0.005,0.127,74.852
3,4294967295,265,47,aclnnDynamicQuantV2_DynamicQuant_DynamicQuant,DynamicQuant,dynamic,AI_VECTOR_CORE,1788186117931937.615	,330.300,658.060000,40,0,NO,"""9216,7168""",DT_BF16,ND,"""9216,7168;9216""",INT8;FLOAT,ND;ND,N/A,0.0,0,0.0,0.0,0.0,0.0,0.0,0.0,0.0,0.0,0.0,0.0,0.0,323.603,21357804,188.858,0.584,30.115,0.093,291.023,0.899,160.924,0.497,0.005,0.000
3,4294967295,266,47,clear_ops,clear_ops,dynamic,MIX_AIC,1788186117932269.395	,31.140,1.700000,20,40,NO,N/A,N/A,N/A,N/A,N/A,N/A,0,28.937,954925,0.0,0.0,4.487,0.155,0.001,0.0,0.001,0.0,0.001,0.0,0.128,28.834,1903030,0.008,0.0,3.78,0.131,0.001,0.0,0.001,0.0,0.148,92.926
3,4294967295,0,45,aclnnInplaceFillScalar_FillAiCore_Fill,Fill,dynamic,AI_VECTOR_CORE,1788186149638690.835	,3.920,31706390.110000,1,0,NO,"""1;""",INT64;INT64,ND;ND,"""1""",INT64,ND,N/A,0.0,0,0.0,0.0,0.0,0.0,0.0,0.0,0.0,0.0,0.0,0.0,0.0,1.55,2557,0.053,0.034,0.498,0.321,0.178,0.115,0.288,0.186,0.152,0.000
3,4294967295,1,45,aclnnInplaceFillScalar_FillAiCore_Fill,Fill,dynamic,AI_VECTOR_CORE,1788186149638908.375	,3.480,213.830000,1,0,NO,"""1;""",INT64;INT64,ND;ND,"""1""",INT64,ND,N/A,0.0,0,0.0,0.0,0.0,0.0,0.0,0.0,0.0,0.0,0.0,0.0,0.0,1.385,2285,0.053,0.039,0.485,0.351,0.175,0.126,0.26,0.188,0.19,0.000
3,4294967295,2,45,aclnnInplaceFillScalar_FillAiCore_Fill,Fill,dynamic,AI_VECTOR_CORE,1788186149642470.735	,1.700,3558.770000,1,0,NO,"""1;""",INT64;INT64,ND;ND,"""1""",INT64,ND,N/A,0.0,0,0.0,0.0,0.0,0.0,0.0,0.0,0.0,0.0,0.0,0.0,0.0,1.205,1989,0.053,0.044,0.468,0.388,0.094,0.078,0.142,0.118,0.181,0.000
3,4294967295,3,45,aclnnInplaceFillScalar_FillAiCore_Fill,Fill,dynamic,AI_VECTOR_CORE,1788186149642530.675	,3.020,58.300000,1,0,NO,"""1;""",INT64;INT64,ND;ND,"""1""",INT64,ND,N/A,0.0,0,0.0,0.0,0.0,0.0,0.0,0.0,0.0,0.0,0.0,0.0,0.0,2.499,4124,0.053,0.021,0.961,0.384,0.294,0.118,0.476,0.19,0.161,0.000
3,4294967295,267,47,aclnnInplaceCopy_TensorMoveAiCore_TensorMove,TensorMove,dynamic,AI_VECTOR_CORE,1788186149714340.495	,181.340,71806.730000,40,0,NO,"""9216,7168""",INT8,ND,"""9216,7168""",INT8,ND,N/A,0.0,0,0.0,0.0,0.0,0.0,0.0,0.0,0.0,0.0,0.0,0.0,0.0,170.703,11266384,0.008,0.0,1.293,0.008,91.784,0.538,74.884,0.439,0.078,0.000
3,48,0,12,aclnnGroupedMatmulV5_GroupedMatmul_GroupedMatmul,GroupedMatmul,dynamic,MIX_AIC,1788186149716360.895	,53.380,1839.160000,20,0,NO,"""9216,7168;1,7168,4096;;;;;;1""",INT8;INT8;INT32;UINT64;FLOAT;FLOAT16;FLOAT16;INT64,ND;NCL;ND;ND;ND;ND;ND;ND,"""9216,4096""",INT32,ND,0,40.499,1336481,2.905,0.072,6.281,0.155,9.369,0.231,35.225,0.87,2.851,0.07,0.028,0.0,0,0.0,0.0,0.0,0.0,0.0,0.0,0.0,0.0,0.0,75.870
3,48,1,12,DequantSwigluQuant,DequantSwigluQuant,dynamic,AI_VECTOR_CORE,1788186149716415.435	,7.940,1.120000,36,0,NO,"""9216,4096;1,4096;9216;;1,2048;;1""",INT32;FLOAT;FLOAT;DT_UNDEFINED;FLOAT;DT_UNDEFINED;INT64,ND;ND;ND;NULL;ND;NULL;ND,"""9216,2048;9216""",INT8;FLOAT,ND;ND,N/A,0.0,0,0.0,0.0,0.0,0.0,0.0,0.0,0.0,0.0,0.0,0.0,0.0,4.223,250862,0.056,0.013,1.432,0.339,0.083,0.02,0.013,0.003,0.176,0.000
3,48,2,12,aclnnGroupedMatmulV5_GroupedMatmul_GroupedMatmul,GroupedMatmul,dynamic,MIX_AIC,1788186149716424.475	,36.640,1.060000,20,20,NO,"""9216,2048;1,2048,7168;;1,7168;;;;1;9216""",INT8;INT8;INT32;DT_BF16;FLOAT;FLOAT16;FLOAT16;INT64;FLOAT,ND;NCL;ND;ND;ND;ND;ND;ND;ND,"""9216,7168""",DT_BF16,ND,0,29.459,972148,1.453,0.049,11.923,0.405,4.686,0.159,20.206,0.686,5.681,0.193,0.038,29.344,968343,0.188,0.006,6.726,0.229,0.92,0.031,0.174,0.006,0.082,80.401
3,48,3,12,aclnnDynamicQuantV2_DynamicQuant_DynamicQuant,DynamicQuant,dynamic,AI_VECTOR_CORE,1788186149716462.075	,357.780,0.860000,40,0,NO,"""9216,7168""",DT_BF16,ND,"""9216,7168;9216""",INT8;FLOAT,ND;ND,N/A,0.0,0,0.0,0.0,0.0,0.0,0.0,0.0,0.0,0.0,0.0,0.0,0.0,354.715,23411217,188.505,0.531,20.011,0.056,321.141,0.905,190.956,0.538,0.005,0.000
3,48,4,12,clear_ops,clear_ops,dynamic,MIX_AIC,1788186149716821.235	,29.220,1.470000,20,40,NO,N/A,N/A,N/A,N/A,N/A,N/A,0,27.048,892594,0.0,0.0,4.603,0.17,0.001,0.0,0.001,0.0,0.001,0.0,0.127,26.949,1778623,0.008,0.0,3.939,0.146,0.001,0.0,0.001,0.0,0.15,92.568
3,48,5,12,aclnnGroupedMatmulV5_GroupedMatmul_GroupedMatmul,GroupedMatmul,dynamic,MIX_AIC,1788186149716853.375	,50.500,3.030000,20,0,NO,"""9216,7168;1,7168,4096;;;;;;1""",INT8;INT8;INT32;UINT64;FLOAT;FLOAT16;FLOAT16;INT64,ND;NCL;ND;ND;ND;ND;ND;ND,"""9216,4096""",INT32,ND,0,36.847,1215964,2.905,0.079,5.331,0.145,9.377,0.254,32.511,0.882,2.496,0.068,0.032,0.0,0,0.0,0.0,0.0,0.0,0.0,0.0,0.0,0.0,0.0,72.965
3,48,6,12,DequantSwigluQuant,DequantSwigluQuant,dynamic,AI_VECTOR_CORE,1788186149716904.895	,7.800,1.000000,36,0,NO,"""9216,4096;1,4096;9216;;1,2048;;1""",INT32;FLOAT;FLOAT;DT_UNDEFINED;FLOAT;DT_UNDEFINED;INT64,ND;ND;ND;NULL;ND;NULL;ND,"""9216,2048;9216""",INT8;FLOAT,ND;ND,N/A,0.0,0,0.0,0.0,0.0,0.0,0.0,0.0,0.0,0.0,0.0,0.0,0.0,3.66,217377,0.056,0.015,0.782,0.214,0.022,0.006,0.005,0.001,0.183,0.000
3,48,7,12,aclnnGroupedMatmulV5_GroupedMatmul_GroupedMatmul,GroupedMatmul,dynamic,MIX_AIC,1788186149716913.915	,36.500,1.200000,20,20,NO,"""9216,2048;1,2048,7168;;1,7168;;;;1;9216""",INT8;INT8;INT32;DT_BF16;FLOAT;FLOAT16;FLOAT16;INT64;FLOAT,ND;NCL;ND;ND;ND;ND;ND;ND;ND,"""9216,7168""",DT_BF16,ND,0,26.418,871808,1.453,0.055,10.172,0.385,4.691,0.178,18.775,0.711,5.185,0.196,0.044,26.374,870327,0.199,0.008,3.891,0.148,0.665,0.025,0.218,0.008,0.099,72.379
3,48,8,12,aclnnDynamicQuantV2_DynamicQuant_DynamicQuant,DynamicQuant,dynamic,AI_VECTOR_CORE,1788186149716951.495	,332.260,1.000000,40,0,NO,"""9216,7168""",DT_BF16,ND,"""9216,7168;9216""",INT8;FLOAT,ND;ND,N/A,0.0,0,0.0,0.0,0.0,0.0,0.0,0.0,0.0,0.0,0.0,0.0,0.0,326.785,21567837,188.505,0.577,19.937,0.061,293.342,0.898,164.02,0.502,0.004,0.000
3,48,9,12,clear_ops,clear_ops,dynamic,MIX_AIC,1788186149717284.955	,30.900,1.240000,20,40,NO,N/A,N/A,N/A,N/A,N/A,N/A,0,28.675,946290,0.0,0.0,4.535,0.158,0.001,0.0,0.001,0.0,0.001,0.0,0.102,28.574,1885854,0.008,0.0,3.784,0.132,0.001,0.0,0.001,0.0,0.148,92.801
3,48,10,12,aclnnGroupedMatmulV5_GroupedMatmul_GroupedMatmul,GroupedMatmul,dynamic,MIX_AIC,1788186149717318.975	,50.600,3.100000,20,0,NO,"""9216,7168;1,7168,4096;;;;;;1""",INT8;INT8;INT32;UINT64;FLOAT;FLOAT16;FLOAT16;INT64,ND;NCL;ND;ND;ND;ND;ND;ND,"""9216,4096""",INT32,ND,0,37.369,1233175,2.905,0.078,5.378,0.144,9.37,0.251,33.019,0.884,2.529,0.068,0.031,0.0,0,0.0,0.0,0.0,0.0,0.0,0.0,0.0,0.0,0.0,73.852
3,48,11,12,DequantSwigluQuant,DequantSwigluQuant,dynamic,AI_VECTOR_CORE,1788186149717370.515	,7.600,0.900000,36,0,NO,"""9216,4096;1,4096;9216;;1,2048;;1""",INT32;FLOAT;FLOAT;DT_UNDEFINED;FLOAT;DT_UNDEFINED;INT64,ND;ND;ND;NULL;ND;NULL;ND,"""9216,2048;9216""",INT8;FLOAT,ND;ND,N/A,0.0,0,0.0,0.0,0.0,0.0,0.0,0.0,0.0,0.0,0.0,0.0,0.0,3.837,227939,0.056,0.015,0.794,0.207,0.081,0.021,0.005,0.001,0.199,0.000
3,48,12,12,aclnnGroupedMatmulV5_GroupedMatmul_GroupedMatmul,GroupedMatmul,dynamic,MIX_AIC,1788186149717379.575	,36.820,1.400000,20,20,NO,"""9216,2048;1,2048,7168;;1,7168;;;;1;9216""",INT8;INT8;INT32;DT_BF16;FLOAT;FLOAT16;FLOAT16;INT64;FLOAT,ND;NCL;ND;ND;ND;ND;ND;ND;ND,"""9216,7168""",DT_BF16,ND,0,26.039,859301,1.453,0.056,9.741,0.374,4.69,0.18,18.64,0.716,4.925,0.189,0.048,25.964,856817,0.192,0.007,4.012,0.155,0.83,0.032,0.177,0.007,0.094,70.721
3,48,13,12,aclnnDynamicQuantV2_DynamicQuant_DynamicQuant,DynamicQuant,dynamic,AI_VECTOR_CORE,1788186149717417.155	,331.680,0.930000,40,0,NO,"""9216,7168""",DT_BF16,ND,"""9216,7168;9216""",INT8;FLOAT,ND;ND,N/A,0.0,0,0.0,0.0,0.0,0.0,0.0,0.0,0.0,0.0,0.0,0.0,0.0,326.448,21545547,188.504,0.577,19.986,0.061,293.318,0.899,168.689,0.517,0.004,0.000
3,48,14,12,clear_ops,clear_ops,dynamic,MIX_AIC,1788186149717750.035	,28.220,1.070000,20,40,NO,N/A,N/A,N/A,N/A,N/A,N/A,0,26.042,859378,0.0,0.0,4.497,0.173,0.001,0.0,0.001,0.0,0.001,0.0,0.103,25.943,1712266,0.008,0.0,3.748,0.144,0.001,0.0,0.001,0.0,0.149,92.281
3,48,15,12,aclnnGroupedMatmulV5_GroupedMatmul_GroupedMatmul,GroupedMatmul,dynamic,MIX_AIC,1788186149717780.995	,50.760,2.780000,20,0,NO,"""9216,7168;1,7168,4096;;;;;;1""",INT8;INT8;INT32;UINT64;FLOAT;FLOAT16;FLOAT16;INT64,ND;NCL;ND;ND;ND;ND;ND;ND,"""9216,4096""",INT32,ND,0,38.139,1258575,2.905,0.076,6.733,0.177,9.383,0.246,32.77,0.859,2.617,0.069,0.027,0.0,0,0.0,0.0,0.0,0.0,0.0,0.0,0.0,0.0,0.0,75.135
3,48,16,12,DequantSwigluQuant,DequantSwigluQuant,dynamic,AI_VECTOR_CORE,1788186149717832.495	,7.900,0.740000,36,0,NO,"""9216,4096;1,4096;9216;;1,2048;;1""",INT32;FLOAT;FLOAT;DT_UNDEFINED;FLOAT;DT_UNDEFINED;INT64,ND;ND;ND;NULL;ND;NULL;ND,"""9216,2048;9216""",INT8;FLOAT,ND;ND,N/A,0.0,0,0.0,0.0,0.0,0.0,0.0,0.0,0.0,0.0,0.0,0.0,0.0,3.592,213339,0.056,0.016,0.794,0.221,0.02,0.006,0.004,0.001,0.199,0.000
3,48,17,12,aclnnGroupedMatmulV5_GroupedMatmul_GroupedMatmul,GroupedMatmul,dynamic,MIX_AIC,1788186149717841.515	,34.020,1.100000,20,20,NO,"""9216,2048;1,2048,7168;;1,7168;;;;1;9216""",INT8;INT8;INT32;DT_BF16;FLOAT;FLOAT16;FLOAT16;INT64;FLOAT,ND;NCL;ND;ND;ND;ND;ND;ND;ND,"""9216,7168""",DT_BF16,ND,0,25.942,856087,1.453,0.056,9.572,0.369,4.688,0.181,18.77,0.724,5.067,0.195,0.048,25.892,854445,0.204,0.008,3.527,0.136,0.722,0.028,0.176,0.007,0.103,76.255
3,48,18,12,aclnnDynamicQuantV2_DynamicQuant_DynamicQuant,DynamicQuant,dynamic,AI_VECTOR_CORE,1788186149717876.635	,332.120,1.230000,40,0,NO,"""9216,7168""",DT_BF16,ND,"""9216,7168;9216""",INT8;FLOAT,ND;ND,N/A,0.0,0,0.0,0.0,0.0,0.0,0.0,0.0,0.0,0.0,0.0,0.0,0.0,327.347,21604930,188.502,0.576,20.038,0.061,293.306,0.896,165.867,0.507,0.005,0.000
3,48,19,12,clear_ops,clear_ops,dynamic,MIX_AIC,1788186149718209.815	,28.020,0.880000,20,40,NO,N/A,N/A,N/A,N/A,N/A,N/A,0,25.794,851190,0.0,0.0,4.589,0.178,0.001,0.0,0.001,0.0,0.001,0.0,0.1,25.691,1695618,0.008,0.0,3.798,0.148,0.001,0.0,0.001,0.0,0.149,92.054
3,48,20,12,aclnnGroupedMatmulV5_GroupedMatmul_GroupedMatmul,GroupedMatmul,dynamic,MIX_AIC,1788186149718240.755	,52.580,2.980000,20,0,NO,"""9216,7168;1,7168,4096;;;;;;1""",INT8;INT8;INT32;UINT64;FLOAT;FLOAT16;FLOAT16;INT64,ND;NCL;ND;ND;ND;ND;ND;ND,"""9216,4096""",INT32,ND,0,38.109,1257596,2.905,0.076,5.652,0.148,9.375,0.246,33.525,0.88,2.568,0.067,0.031,0.0,0,0.0,0.0,0.0,0.0,0.0,0.0,0.0,0.0,0.0,72.478
3,48,21,12,DequantSwigluQuant,DequantSwigluQuant,dynamic,AI_VECTOR_CORE,1788186149718294.115	,10.620,0.670000,36,0,NO,"""9216,4096;1,4096;9216;;1,2048;;1""",INT32;FLOAT;FLOAT;DT_UNDEFINED;FLOAT;DT_UNDEFINED;INT64,ND;ND;ND;NULL;ND;NULL;ND,"""9216,2048;9216""",INT8;FLOAT,ND;ND,N/A,0.0,0,0.0,0.0,0.0,0.0,0.0,0.0,0.0,0.0,0.0,0.0,0.0,6.561,389735,0.056,0.009,2.43,0.37,0.081,0.012,0.005,0.001,0.19,0.000
3,48,22,12,aclnnGroupedMatmulV5_GroupedMatmul_GroupedMatmul,GroupedMatmul,dynamic,MIX_AIC,1788186149718306.135	,34.560,1.630000,20,20,NO,"""9216,2048;1,2048,7168;;1,7168;;;;1;9216""",INT8;INT8;INT32;DT_BF16;FLOAT;FLOAT16;FLOAT16;INT64;FLOAT,ND;NCL;ND;ND;ND;ND;ND;ND;ND,"""9216,7168""",DT_BF16,ND,0,26.496,874355,1.453,0.055,10.322,0.39,4.691,0.177,18.553,0.7,4.927,0.186,0.047,26.412,871582,0.191,0.007,4.654,0.176,0.789,0.03,0.181,0.007,0.092,76.666
3,48,23,12,aclnnDynamicQuantV2_DynamicQuant_DynamicQuant,DynamicQuant,dynamic,AI_VECTOR_CORE,1788186149718341.915	,332.640,1.190000,40,0,NO,"""9216,7168""",DT_BF16,ND,"""9216,7168;9216""",INT8;FLOAT,ND;ND,N/A,0.0,0,0.0,0.0,0.0,0.0,0.0,0.0,0.0,0.0,0.0,0.0,0.0,328.005,21648348,188.505,0.575,20.004,0.061,294.505,0.898,165.058,0.503,0.005,0.000
3,48,24,12,clear_ops,clear_ops,dynamic,MIX_AIC,1788186149718675.975	,28.240,1.360000,20,40,NO,N/A,N/A,N/A,N/A,N/A,N/A,0,26.013,858421,0.0,0.0,4.545,0.175,0.001,0.0,0.001,0.0,0.001,0.0,0.104,25.913,1710243,0.008,0.0,3.797,0.147,0.001,0.0,0.001,0.0,0.149,92.113
3,48,25,12,aclnnGroupedMatmulV5_GroupedMatmul_GroupedMatmul,GroupedMatmul,dynamic,MIX_AIC,1788186149718706.955	,50.600,2.760000,20,0,NO,"""9216,7168;1,7168,4096;;;;;;1""",INT8;INT8;INT32;UINT64;FLOAT;FLOAT16;FLOAT16;INT64,ND;NCL;ND;ND;ND;ND;ND;ND,"""9216,4096""",INT32,ND,0,37.368,1233147,2.905,0.078,6.591,0.176,9.375,0.251,32.254,0.863,2.48,0.066,0.028,0.0,0,0.0,0.0,0.0,0.0,0.0,0.0,0.0,0.0,0.0,73.850
3,48,26,12,DequantSwigluQuant,DequantSwigluQuant,dynamic,AI_VECTOR_CORE,1788186149718758.515	,7.460,0.900000,36,0,NO,"""9216,4096;1,4096;9216;;1,2048;;1""",INT32;FLOAT;FLOAT;DT_UNDEFINED;FLOAT;DT_UNDEFINED;INT64,ND;ND;ND;NULL;ND;NULL;ND,"""9216,2048;9216""",INT8;FLOAT,ND;ND,N/A,0.0,0,0.0,0.0,0.0,0.0,0.0,0.0,0.0,0.0,0.0,0.0,0.0,3.701,219821,0.056,0.015,0.881,0.238,0.029,0.008,0.005,0.001,0.196,0.000
3,48,27,12,aclnnGroupedMatmulV5_GroupedMatmul_GroupedMatmul,GroupedMatmul,dynamic,MIX_AIC,1788186149718766.935	,34.180,1.040000,20,20,NO,"""9216,2048;1,2048,7168;;1,7168;;;;1;9216""",INT8;INT8;INT32;DT_BF16;FLOAT;FLOAT16;FLOAT16;INT64;FLOAT,ND;NCL;ND;ND;ND;ND;ND;ND;ND,"""9216,7168""",DT_BF16,ND,0,26.546,876016,1.453,0.055,10.186,0.384,4.691,0.177,18.785,0.708,5.062,0.191,0.048,26.461,873228,0.192,0.007,4.265,0.161,0.809,0.031,0.174,0.007,0.095,77.665
3,48,28,12,aclnnDynamicQuantV2_DynamicQuant_DynamicQuant,DynamicQuant,dynamic,AI_VECTOR_CORE,1788186149718802.095	,333.140,0.820000,40,0,NO,"""9216,7168""",DT_BF16,ND,"""9216,7168;9216""",INT8;FLOAT,ND;ND,N/A,0.0,0,0.0,0.0,0.0,0.0,0.0,0.0,0.0,0.0,0.0,0.0,0.0,329.813,21767630,188.51,0.572,21.885,0.066,296.375,0.899,167.621,0.508,0.004,0.000
3,48,29,12,clear_ops,clear_ops,dynamic,MIX_AIC,1788186149719136.215	,28.100,1.110000,20,40,NO,N/A,N/A,N/A,N/A,N/A,N/A,0,25.901,854749,0.0,0.0,4.593,0.177,0.001,0.0,0.001,0.0,0.001,0.0,0.103,25.804,1703049,0.008,0.0,3.826,0.148,0.001,0.0,0.001,0.0,0.149,92.176
3,48,30,12,aclnnGroupedMatmulV5_GroupedMatmul_GroupedMatmul,GroupedMatmul,dynamic,MIX_AIC,1788186149719167.215	,50.820,2.900000,20,0,NO,"""9216,7168;1,7168,4096;;;;;;1""",INT8;INT8;INT32;UINT64;FLOAT;FLOAT16;FLOAT16;INT64,ND;NCL;ND;ND;ND;ND;ND;ND,"""9216,4096""",INT32,ND,0,36.98,1220343,2.905,0.079,5.148,0.139,9.376,0.254,32.718,0.885,2.549,0.069,0.032,0.0,0,0.0,0.0,0.0,0.0,0.0,0.0,0.0,0.0,0.0,72.767
3,48,31,12,DequantSwigluQuant,DequantSwigluQuant,dynamic,AI_VECTOR_CORE,1788186149719218.775	,7.940,0.680000,36,0,NO,"""9216,4096;1,4096;9216;;1,2048;;1""",INT32;FLOAT;FLOAT;DT_UNDEFINED;FLOAT;DT_UNDEFINED;INT64,ND;ND;ND;NULL;ND;NULL;ND,"""9216,2048;9216""",INT8;FLOAT,ND;ND,N/A,0.0,0,0.0,0.0,0.0,0.0,0.0,0.0,0.0,0.0,0.0,0.0,0.0,3.817,226719,0.056,0.015,0.755,0.198,0.024,0.006,0.005,0.001,0.198,0.000
3,48,32,12,aclnnGroupedMatmulV5_GroupedMatmul_GroupedMatmul,GroupedMatmul,dynamic,MIX_AIC,1788186149719227.795	,33.660,1.060000,20,20,NO,"""9216,2048;1,2048,7168;;1,7168;;;;1;9216""",INT8;INT8;INT32;DT_BF16;FLOAT;FLOAT16;FLOAT16;INT64;FLOAT,ND;NCL;ND;ND;ND;ND;ND;ND;ND,"""9216,7168""",DT_BF16,ND,0,25.697,848003,1.453,0.057,9.7,0.377,4.687,0.182,18.583,0.723,5.084,0.198,0.048,25.612,845201,0.2,0.008,4.422,0.173,0.612,0.024,0.18,0.007,0.096,76.343
3,48,33,12,aclnnDynamicQuantV2_DynamicQuant_DynamicQuant,DynamicQuant,dynamic,AI_VECTOR_CORE,1788186149719262.355	,331.720,0.840000,40,0,NO,"""9216,7168""",DT_BF16,ND,"""9216,7168;9216""",INT8;FLOAT,ND;ND,N/A,0.0,0,0.0,0.0,0.0,0.0,0.0,0.0,0.0,0.0,0.0,0.0,0.0,327.305,21602132,188.509,0.576,19.964,0.061,294.57,0.9,167.027,0.51,0.004,0.000
3,48,34,12,clear_ops,clear_ops,dynamic,MIX_AIC,1788186149719595.155	,28.860,1.280000,20,40,NO,N/A,N/A,N/A,N/A,N/A,N/A,0,26.614,878271,0.0,0.0,4.523,0.17,0.001,0.0,0.001,0.0,0.001,0.0,0.103,26.512,1749779,0.008,0.0,3.823,0.144,0.001,0.0,0.001,0.0,0.148,92.219
3,48,35,12,aclnnGroupedMatmulV5_GroupedMatmul_GroupedMatmul,GroupedMatmul,dynamic,MIX_AIC,1788186149719626.755	,52.260,2.640000,20,0,NO,"""9216,7168;1,7168,4096;;;;;;1""",INT8;INT8;INT32;UINT64;FLOAT;FLOAT16;FLOAT16;INT64,ND;NCL;ND;ND;ND;ND;ND;ND,"""9216,4096""",INT32,ND,0,37.093,1224081,2.905,0.078,5.073,0.137,9.371,0.253,32.697,0.881,2.506,0.068,0.032,0.0,0,0.0,0.0,0.0,0.0,0.0,0.0,0.0,0.0,0.0,70.978
3,48,36,12,DequantSwigluQuant,DequantSwigluQuant,dynamic,AI_VECTOR_CORE,1788186149719680.135	,7.500,1.240000,36,0,NO,"""9216,4096;1,4096;9216;;1,2048;;1""",INT32;FLOAT;FLOAT;DT_UNDEFINED;FLOAT;DT_UNDEFINED;INT64,ND;ND;ND;NULL;ND;NULL;ND,"""9216,2048;9216""",INT8;FLOAT,ND;ND,N/A,0.0,0,0.0,0.0,0.0,0.0,0.0,0.0,0.0,0.0,0.0,0.0,0.0,3.859,229231,0.056,0.015,0.795,0.206,0.074,0.019,0.005,0.001,0.198,0.000
3,48,37,12,aclnnGroupedMatmulV5_GroupedMatmul_GroupedMatmul,GroupedMatmul,dynamic,MIX_AIC,1788186149719688.555	,35.260,0.750000,20,20,NO,"""9216,2048;1,2048,7168;;1,7168;;;;1;9216""",INT8;INT8;INT32;DT_BF16;FLOAT;FLOAT16;FLOAT16;INT64;FLOAT,ND;NCL;ND;ND;ND;ND;ND;ND;ND,"""9216,7168""",DT_BF16,ND,0,26.71,881419,1.453,0.054,10.704,0.401,4.69,0.176,18.59,0.696,5.046,0.189,0.047,26.626,878649,0.195,0.007,4.674,0.176,0.806,0.03,0.176,0.007,0.093,75.751
3,48,38,12,aclnnDynamicQuantV2_DynamicQuant_DynamicQuant,DynamicQuant,dynamic,AI_VECTOR_CORE,1788186149719724.935	,331.300,1.240000,40,0,NO,"""9216,7168""",DT_BF16,ND,"""9216,7168;9216""",INT8;FLOAT,ND;ND,N/A,0.0,0,0.0,0.0,0.0,0.0,0.0,0.0,0.0,0.0,0.0,0.0,0.0,327.736,21630551,188.507,0.575,19.998,0.061,295.075,0.9,168.052,0.513,0.004,0.000
3,48,39,12,clear_ops,clear_ops,dynamic,MIX_AIC,1788186149720057.195	,29.300,0.950000,20,40,NO,N/A,N/A,N/A,N/A,N/A,N/A,0,27.086,893853,0.0,0.0,4.525,0.167,0.001,0.0,0.001,0.0,0.001,0.0,0.101,26.987,1781148,0.008,0.0,3.758,0.139,0.001,0.0,0.001,0.0,0.149,92.445
3,48,40,12,aclnnGroupedMatmulV5_GroupedMatmul_GroupedMatmul,GroupedMatmul,dynamic,MIX_AIC,1788186149720089.375	,51.260,2.950000,20,0,NO,"""9216,7168;1,7168,4096;;;;;;1""",INT8;INT8;INT32;UINT64;FLOAT;FLOAT16;FLOAT16;INT64,ND;NCL;ND;ND;ND;ND;ND;ND,"""9216,4096""",INT32,ND,0,37.084,1223761,2.905,0.078,5.304,0.143,9.381,0.253,32.74,0.883,2.506,0.068,0.031,0.0,0,0.0,0.0,0.0,0.0,0.0,0.0,0.0,0.0,0.0,72.344
3,48,41,12,DequantSwigluQuant,DequantSwigluQuant,dynamic,AI_VECTOR_CORE,1788186149720141.515	,8.140,0.740000,36,0,NO,"""9216,4096;1,4096;9216;;1,2048;;1""",INT32;FLOAT;FLOAT;DT_UNDEFINED;FLOAT;DT_UNDEFINED;INT64,ND;ND;ND;NULL;ND;NULL;ND,"""9216,2048;9216""",INT8;FLOAT,ND;ND,N/A,0.0,0,0.0,0.0,0.0,0.0,0.0,0.0,0.0,0.0,0.0,0.0,0.0,3.556,211201,0.056,0.016,0.794,0.223,0.02,0.005,0.004,0.001,0.196,0.000
3,48,42,12,aclnnGroupedMatmulV5_GroupedMatmul_GroupedMatmul,GroupedMatmul,dynamic,MIX_AIC,1788186149720150.555	,35.060,0.860000,20,20,NO,"""9216,2048;1,2048,7168;;1,7168;;;;1;9216""",INT8;INT8;INT32;DT_BF16;FLOAT;FLOAT16;FLOAT16;INT64;FLOAT,ND;NCL;ND;ND;ND;ND;ND;ND;ND,"""9216,7168""",DT_BF16,ND,0,27.116,894842,1.453,0.054,11.048,0.407,4.69,0.173,18.62,0.687,5.034,0.186,0.046,27.049,892619,0.188,0.007,5.743,0.212,0.633,0.023,0.176,0.007,0.085,77.343
3,48,43,12,aclnnDynamicQuantV2_DynamicQuant_DynamicQuant,DynamicQuant,dynamic,AI_VECTOR_CORE,1788186149720186.295	,330.160,0.690000,40,0,NO,"""9216,7168""",DT_BF16,ND,"""9216,7168;9216""",INT8;FLOAT,ND;ND,N/A,0.0,0,0.0,0.0,0.0,0.0,0.0,0.0,0.0,0.0,0.0,0.0,0.0,326.822,21570236,188.51,0.577,19.989,0.061,294.169,0.9,161.159,0.493,0.005,0.000
3,48,44,12,clear_ops,clear_ops,dynamic,MIX_AIC,1788186149720517.915	,27.980,1.590000,20,40,NO,N/A,N/A,N/A,N/A,N/A,N/A,0,25.772,850477,0.0,0.0,4.484,0.174,0.001,0.0,0.001,0.0,0.001,0.0,0.099,25.671,1694293,0.008,0.0,3.765,0.147,0.001,0.0,0.001,0.0,0.149,92.109
3,48,45,12,aclnnGroupedMatmulV5_GroupedMatmul_GroupedMatmul,GroupedMatmul,dynamic,MIX_AIC,1788186149720548.895	,49.920,3.020000,20,0,NO,"""9216,7168;1,7168,4096;;;;;;1""",INT8;INT8;INT32;UINT64;FLOAT;FLOAT16;FLOAT16;INT64,ND;NCL;ND;ND;ND;ND;ND;ND,"""9216,4096""",INT32,ND,0,36.612,1208201,2.905,0.079,5.147,0.141,9.38,0.256,32.398,0.885,2.499,0.068,0.031,0.0,0,0.0,0.0,0.0,0.0,0.0,0.0,0.0,0.0,0.0,73.342
3,48,46,12,DequantSwigluQuant,DequantSwigluQuant,dynamic,AI_VECTOR_CORE,1788186149720599.855	,7.660,0.830000,36,0,NO,"""9216,4096;1,4096;9216;;1,2048;;1""",INT32;FLOAT;FLOAT;DT_UNDEFINED;FLOAT;DT_UNDEFINED;INT64,ND;ND;ND;NULL;ND;NULL;ND,"""9216,2048;9216""",INT8;FLOAT,ND;ND,N/A,0.0,0,0.0,0.0,0.0,0.0,0.0,0.0,0.0,0.0,0.0,0.0,0.0,3.723,221143,0.056,0.015,0.815,0.219,0.044,0.012,0.005,0.001,0.196,0.000
3,48,47,12,aclnnGroupedMatmulV5_GroupedMatmul_GroupedMatmul,GroupedMatmul,dynamic,MIX_AIC,1788186149720608.875	,34.000,1.590000,20,20,NO,"""9216,2048;1,2048,7168;;1,7168;;;;1;9216""",INT8;INT8;INT32;DT_BF16;FLOAT;FLOAT16;FLOAT16;INT64;FLOAT,ND;NCL;ND;ND;ND;ND;ND;ND;ND,"""9216,7168""",DT_BF16,ND,0,25.585,844315,1.453,0.057,9.168,0.358,4.692,0.183,18.543,0.725,5.003,0.196,0.051,25.432,839265,0.206,0.008,3.257,0.128,0.746,0.029,0.181,0.007,0.104,75.251
3,48,48,12,aclnnDynamicQuantV2_DynamicQuant_DynamicQuant,DynamicQuant,dynamic,AI_VECTOR_CORE,1788186149720644.035	,331.580,1.000000,40,0,NO,"""9216,7168""",DT_BF16,ND,"""9216,7168;9216""",INT8;FLOAT,ND;ND,N/A,0.0,0,0.0,0.0,0.0,0.0,0.0,0.0,0.0,0.0,0.0,0.0,0.0,326.804,21569086,188.507,0.577,19.96,0.061,293.709,0.899,166.387,0.509,0.005,0.000
3,48,49,12,clear_ops,clear_ops,dynamic,MIX_AIC,1788186149720976.975	,27.980,1.420000,20,40,NO,N/A,N/A,N/A,N/A,N/A,N/A,0,25.692,847831,0.0,0.0,4.596,0.179,0.001,0.0,0.001,0.0,0.001,0.0,0.101,25.591,1688998,0.008,0.0,3.773,0.147,0.001,0.0,0.001,0.0,0.148,91.822
3,48,50,12,aclnnGroupedMatmulV5_GroupedMatmul_GroupedMatmul,GroupedMatmul,dynamic,MIX_AIC,1788186149721007.915	,51.220,3.020000,20,0,NO,"""9216,7168;1,7168,4096;;;;;;1""",INT8;INT8;INT32;UINT64;FLOAT;FLOAT16;FLOAT16;INT64,ND;NCL;ND;ND;ND;ND;ND;ND,"""9216,4096""",INT32,ND,0,37.701,1244136,2.905,0.077,5.135,0.136,9.378,0.249,33.296,0.883,2.509,0.067,0.032,0.0,0,0.0,0.0,0.0,0.0,0.0,0.0,0.0,0.0,0.0,73.606
3,48,51,12,DequantSwigluQuant,DequantSwigluQuant,dynamic,AI_VECTOR_CORE,1788186149721060.055	,7.860,0.780000,36,0,NO,"""9216,4096;1,4096;9216;;1,2048;;1""",INT32;FLOAT;FLOAT;DT_UNDEFINED;FLOAT;DT_UNDEFINED;INT64,ND;ND;ND;NULL;ND;NULL;ND,"""9216,2048;9216""",INT8;FLOAT,ND;ND,N/A,0.0,0,0.0,0.0,0.0,0.0,0.0,0.0,0.0,0.0,0.0,0.0,0.0,3.789,225045,0.056,0.015,0.882,0.233,0.026,0.007,0.005,0.001,0.197,0.000
3,48,52,12,aclnnGroupedMatmulV5_GroupedMatmul_GroupedMatmul,GroupedMatmul,dynamic,MIX_AIC,1788186149721069.075	,37.340,1.140000,20,20,NO,"""9216,2048;1,2048,7168;;1,7168;;;;1;9216""",INT8;INT8;INT32;DT_BF16;FLOAT;FLOAT16;FLOAT16;INT64;FLOAT,ND;NCL;ND;ND;ND;ND;ND;ND;ND,"""9216,7168""",DT_BF16,ND,0,27.833,918475,1.453,0.052,11.662,0.419,4.689,0.168,18.645,0.67,5.065,0.182,0.045,27.757,915980,0.188,0.007,6.508,0.234,0.835,0.03,0.175,0.006,0.086,74.538
3,48,53,12,aclnnDynamicQuantV2_DynamicQuant_DynamicQuant,DynamicQuant,dynamic,AI_VECTOR_CORE,1788186149721107.295	,332.880,0.910000,40,0,NO,"""9216,7168""",DT_BF16,ND,"""9216,7168;9216""",INT8;FLOAT,ND;ND,N/A,0.0,0,0.0,0.0,0.0,0.0,0.0,0.0,0.0,0.0,0.0,0.0,0.0,327.802,21634952,188.507,0.575,19.935,0.061,294.977,0.9,170.113,0.519,0.005,0.000
3,48,54,12,clear_ops,clear_ops,dynamic,MIX_AIC,1788186149721441.075	,28.180,0.870000,20,40,NO,N/A,N/A,N/A,N/A,N/A,N/A,0,26.007,858229,0.0,0.0,4.58,0.176,0.001,0.0,0.001,0.0,0.001,0.0,0.102,25.908,1709932,0.008,0.0,3.846,0.148,0.001,0.0,0.001,0.0,0.149,92.289
3,48,55,12,aclnnGroupedMatmulV5_GroupedMatmul_GroupedMatmul,GroupedMatmul,dynamic,MIX_AIC,1788186149721472.055	,52.220,2.820000,20,0,NO,"""9216,7168;1,7168,4096;;;;;;1""",INT8;INT8;INT32;UINT64;FLOAT;FLOAT16;FLOAT16;INT64,ND;NCL;ND;ND;ND;ND;ND;ND,"""9216,4096""",INT32,ND,0,38.192,1260346,2.905,0.076,5.432,0.142,9.372,0.245,33.844,0.886,2.493,0.065,0.032,0.0,0,0.0,0.0,0.0,0.0,0.0,0.0,0.0,0.0,0.0,73.137
3,48,56,12,DequantSwigluQuant,DequantSwigluQuant,dynamic,AI_VECTOR_CORE,1788186149721525.095	,7.660,0.780000,36,0,NO,"""9216,4096;1,4096;9216;;1,2048;;1""",INT32;FLOAT;FLOAT;DT_UNDEFINED;FLOAT;DT_UNDEFINED;INT64,ND;ND;ND;NULL;ND;NULL;ND,"""9216,2048;9216""",INT8;FLOAT,ND;ND,N/A,0.0,0,0.0,0.0,0.0,0.0,0.0,0.0,0.0,0.0,0.0,0.0,0.0,3.67,218023,0.056,0.015,0.779,0.212,0.024,0.007,0.005,0.001,0.198,0.000
3,48,57,12,aclnnGroupedMatmulV5_GroupedMatmul_GroupedMatmul,GroupedMatmul,dynamic,MIX_AIC,1788186149721534.035	,35.040,1.340000,20,20,NO,"""9216,2048;1,2048,7168;;1,7168;;;;1;9216""",INT8;INT8;INT32;DT_BF16;FLOAT;FLOAT16;FLOAT16;INT64;FLOAT,ND;NCL;ND;ND;ND;ND;ND;ND;ND,"""9216,7168""",DT_BF16,ND,0,26.292,867628,1.453,0.055,10.228,0.389,4.688,0.178,18.82,0.716,5.194,0.198,0.049,26.177,863834,0.197,0.008,4.168,0.159,0.634,0.024,0.179,0.007,0.093,75.034
3,48,58,12,aclnnDynamicQuantV2_DynamicQuant_DynamicQuant,DynamicQuant,dynamic,AI_VECTOR_CORE,1788186149721569.815	,331.280,0.710000,40,0,NO,"""9216,7168""",DT_BF16,ND,"""9216,7168;9216""",INT8;FLOAT,ND;ND,N/A,0.0,0,0.0,0.0,0.0,0.0,0.0,0.0,0.0,0.0,0.0,0.0,0.0,327.02,21583315,188.508,0.576,19.949,0.061,294.288,0.9,169.26,0.518,0.004,0.000
3,48,59,12,clear_ops,clear_ops,dynamic,MIX_AIC,1788186149721902.255	,27.540,1.220000,20,40,NO,N/A,N/A,N/A,N/A,N/A,N/A,0,25.345,836392,0.0,0.0,4.556,0.18,0.001,0.0,0.001,0.0,0.001,0.0,0.101,25.243,1666027,0.008,0.0,3.807,0.151,0.001,0.0,0.001,0.0,0.148,92.031
3,48,60,12,aclnnGroupedMatmulV5_GroupedMatmul_GroupedMatmul,GroupedMatmul,dynamic,MIX_AIC,1788186149721932.615	,50.820,2.710000,20,0,NO,"""9216,7168;1,7168,4096;;;;;;1""",INT8;INT8;INT32;UINT64;FLOAT;FLOAT16;FLOAT16;INT64,ND;NCL;ND;ND;ND;ND;ND;ND,"""9216,4096""",INT32,ND,0,36.428,1202138,2.905,0.08,5.084,0.14,9.374,0.257,32.198,0.884,2.533,0.07,0.031,0.0,0,0.0,0.0,0.0,0.0,0.0,0.0,0.0,0.0,0.0,71.681
3,48,61,12,DequantSwigluQuant,DequantSwigluQuant,dynamic,AI_VECTOR_CORE,1788186149721984.175	,7.680,0.930000,36,0,NO,"""9216,4096;1,4096;9216;;1,2048;;1""",INT32;FLOAT;FLOAT;DT_UNDEFINED;FLOAT;DT_UNDEFINED;INT64,ND;ND;ND;NULL;ND;NULL;ND,"""9216,2048;9216""",INT8;FLOAT,ND;ND,N/A,0.0,0,0.0,0.0,0.0,0.0,0.0,0.0,0.0,0.0,0.0,0.0,0.0,3.864,229545,0.056,0.015,0.787,0.204,0.077,0.02,0.005,0.001,0.198,0.000
3,48,62,12,aclnnGroupedMatmulV5_GroupedMatmul_GroupedMatmul,GroupedMatmul,dynamic,MIX_AIC,1788186149721993.215	,34.440,1.320000,20,20,NO,"""9216,2048;1,2048,7168;;1,7168;;;;1;9216""",INT8;INT8;INT32;DT_BF16;FLOAT;FLOAT16;FLOAT16;INT64;FLOAT,ND;NCL;ND;ND;ND;ND;ND;ND;ND,"""9216,7168""",DT_BF16,ND,0,26.122,862024,1.453,0.056,10.033,0.384,4.691,0.18,18.696,0.716,5.09,0.195,0.048,26.036,859185,0.191,0.007,3.939,0.151,0.858,0.033,0.177,0.007,0.094,75.848
3,48,63,12,aclnnDynamicQuantV2_DynamicQuant_DynamicQuant,DynamicQuant,dynamic,AI_VECTOR_CORE,1788186149722028.375	,331.480,0.810000,40,0,NO,"""9216,7168""",DT_BF16,ND,"""9216,7168;9216""",INT8;FLOAT,ND;ND,N/A,0.0,0,0.0,0.0,0.0,0.0,0.0,0.0,0.0,0.0,0.0,0.0,0.0,327.357,21605572,188.508,0.576,19.958,0.061,294.843,0.901,167.383,0.511,0.005,0.000
3,48,64,12,clear_ops,clear_ops,dynamic,MIX_AIC,1788186149722361.275	,28.780,1.270000,20,40,NO,N/A,N/A,N/A,N/A,N/A,N/A,0,26.55,876165,0.0,0.0,4.561,0.172,0.001,0.0,0.001,0.0,0.001,0.0,0.104,26.45,1745732,0.008,0.0,3.77,0.143,0.001,0.0,0.001,0.0,0.15,92.253
3,48,65,12,aclnnGroupedMatmulV5_GroupedMatmul_GroupedMatmul,GroupedMatmul,dynamic,MIX_AIC,1788186149722392.895	,50.820,2.970000,20,0,NO,"""9216,7168;1,7168,4096;;;;;;1""",INT8;INT8;INT32;UINT64;FLOAT;FLOAT16;FLOAT16;INT64,ND;NCL;ND;ND;ND;ND;ND;ND,"""9216,4096""",INT32,ND,0,37.238,1228855,2.905,0.078,5.202,0.14,9.384,0.252,32.951,0.885,2.555,0.069,0.032,0.0,0,0.0,0.0,0.0,0.0,0.0,0.0,0.0,0.0,0.0,73.274
3,48,66,12,DequantSwigluQuant,DequantSwigluQuant,dynamic,AI_VECTOR_CORE,1788186149722444.415	,7.800,0.680000,36,0,NO,"""9216,4096;1,4096;9216;;1,2048;;1""",INT32;FLOAT;FLOAT;DT_UNDEFINED;FLOAT;DT_UNDEFINED;INT64,ND;ND;ND;NULL;ND;NULL;ND,"""9216,2048;9216""",INT8;FLOAT,ND;ND,N/A,0.0,0,0.0,0.0,0.0,0.0,0.0,0.0,0.0,0.0,0.0,0.0,0.0,3.6,213869,0.056,0.016,0.82,0.228,0.02,0.005,0.004,0.001,0.196,0.000
3,48,67,12,aclnnGroupedMatmulV5_GroupedMatmul_GroupedMatmul,GroupedMatmul,dynamic,MIX_AIC,1788186149722453.455	,34.260,1.200000,20,20,NO,"""9216,2048;1,2048,7168;;1,7168;;;;1;9216""",INT8;INT8;INT32;DT_BF16;FLOAT;FLOAT16;FLOAT16;INT64;FLOAT,ND;NCL;ND;ND;ND;ND;ND;ND;ND,"""9216,7168""",DT_BF16,ND,0,26.707,881319,1.453,0.054,10.615,0.397,4.689,0.176,18.628,0.698,4.977,0.186,0.046,26.665,879932,0.188,0.007,5.7,0.214,0.676,0.025,0.177,0.007,0.085,77.953
3,48,68,12,aclnnDynamicQuantV2_DynamicQuant_DynamicQuant,DynamicQuant,dynamic,AI_VECTOR_CORE,1788186149722488.635	,330.840,0.990000,40,0,NO,"""9216,7168""",DT_BF16,ND,"""9216,7168;9216""",INT8;FLOAT,ND;ND,N/A,0.0,0,0.0,0.0,0.0,0.0,0.0,0.0,0.0,0.0,0.0,0.0,0.0,327.356,21605519,188.509,0.576,19.963,0.061,294.731,0.9,168.046,0.513,0.004,0.000
3,48,69,12,clear_ops,clear_ops,dynamic,MIX_AIC,1788186149722820.895	,28.560,1.410000,20,40,NO,N/A,N/A,N/A,N/A,N/A,N/A,0,26.354,869679,0.0,0.0,4.63,0.176,0.001,0.0,0.001,0.0,0.001,0.0,0.1,26.251,1732590,0.008,0.0,3.8,0.145,0.001,0.0,0.001,0.0,0.149,92.276
3,48,70,12,aclnnGroupedMatmulV5_GroupedMatmul_GroupedMatmul,GroupedMatmul,dynamic,MIX_AIC,1788186149722852.475	,52.300,2.940000,20,0,NO,"""9216,7168;1,7168,4096;;;;;;1""",INT8;INT8;INT32;UINT64;FLOAT;FLOAT16;FLOAT16;INT64,ND;NCL;ND;ND;ND;ND;ND;ND,"""9216,4096""",INT32,ND,0,37.421,1234890,2.905,0.078,5.203,0.139,9.381,0.251,33.149,0.886,2.585,0.069,0.032,0.0,0,0.0,0.0,0.0,0.0,0.0,0.0,0.0,0.0,0.0,71.550
3,48,71,12,DequantSwigluQuant,DequantSwigluQuant,dynamic,AI_VECTOR_CORE,1788186149722905.655	,7.780,0.950000,36,0,NO,"""9216,4096;1,4096;9216;;1,2048;;1""",INT32;FLOAT;FLOAT;DT_UNDEFINED;FLOAT;DT_UNDEFINED;INT64,ND;ND;ND;NULL;ND;NULL;ND,"""9216,2048;9216""",INT8;FLOAT,ND;ND,N/A,0.0,0,0.0,0.0,0.0,0.0,0.0,0.0,0.0,0.0,0.0,0.0,0.0,3.857,229106,0.056,0.015,0.826,0.214,0.05,0.013,0.005,0.001,0.195,0.000
3,48,72,12,aclnnGroupedMatmulV5_GroupedMatmul_GroupedMatmul,GroupedMatmul,dynamic,MIX_AIC,1788186149722914.675	,35.220,1.220000,20,20,NO,"""9216,2048;1,2048,7168;;1,7168;;;;1;9216""",INT8;INT8;INT32;DT_BF16;FLOAT;FLOAT16;FLOAT16;INT64;FLOAT,ND;NCL;ND;ND;ND;ND;ND;ND;ND,"""9216,7168""",DT_BF16,ND,0,27.131,895336,1.453,0.054,10.87,0.401,4.686,0.173,19.333,0.713,5.342,0.197,0.048,27.051,892697,0.192,0.007,4.453,0.165,0.768,0.028,0.181,0.007,0.093,77.034
3,48,73,12,aclnnDynamicQuantV2_DynamicQuant_DynamicQuant,DynamicQuant,dynamic,AI_VECTOR_CORE,1788186149722951.035	,336.480,1.030000,40,0,NO,"""9216,7168""",DT_BF16,ND,"""9216,7168;9216""",INT8;FLOAT,ND;ND,N/A,0.0,0,0.0,0.0,0.0,0.0,0.0,0.0,0.0,0.0,0.0,0.0,0.0,331.186,21858296,188.504,0.569,19.955,0.06,298.166,0.9,168.609,0.509,0.004,0.000
3,48,74,12,clear_ops,clear_ops,dynamic,MIX_AIC,1788186149723288.755	,28.120,1.270000,20,40,NO,N/A,N/A,N/A,N/A,N/A,N/A,0,25.844,852865,0.0,0.0,4.593,0.178,0.001,0.0,0.001,0.0,0.001,0.0,0.098,25.744,1699099,0.008,0.0,3.862,0.15,0.001,0.0,0.001,0.0,0.147,91.908
3,48,75,12,aclnnGroupedMatmulV5_GroupedMatmul_GroupedMatmul,GroupedMatmul,dynamic,MIX_AIC,1788186149723319.755	,50.920,2.880000,20,0,NO,"""9216,7168;1,7168,4096;;;;;;1""",INT8;INT8;INT32;UINT64;FLOAT;FLOAT16;FLOAT16;INT64,ND;NCL;ND;ND;ND;ND;ND;ND,"""9216,4096""",INT32,ND,0,36.701,1211138,2.905,0.079,5.267,0.144,9.377,0.256,32.389,0.883,2.493,0.068,0.032,0.0,0,0.0,0.0,0.0,0.0,0.0,0.0,0.0,0.0,0.0,72.076
3,48,76,12,DequantSwigluQuant,DequantSwigluQuant,dynamic,AI_VECTOR_CORE,1788186149723371.875	,7.620,1.330000,36,0,NO,"""9216,4096;1,4096;9216;;1,2048;;1""",INT32;FLOAT;FLOAT;DT_UNDEFINED;FLOAT;DT_UNDEFINED;INT64,ND;ND;ND;NULL;ND;NULL;ND,"""9216,2048;9216""",INT8;FLOAT,ND;ND,N/A,0.0,0,0.0,0.0,0.0,0.0,0.0,0.0,0.0,0.0,0.0,0.0,0.0,3.805,226030,0.056,0.015,0.886,0.233,0.028,0.007,0.005,0.001,0.195,0.000
3,48,77,12,aclnnGroupedMatmulV5_GroupedMatmul_GroupedMatmul,GroupedMatmul,dynamic,MIX_AIC,1788186149723380.915	,34.560,1.380000,20,20,NO,"""9216,2048;1,2048,7168;;1,7168;;;;1;9216""",INT8;INT8;INT32;DT_BF16;FLOAT;FLOAT16;FLOAT16;INT64;FLOAT,ND;NCL;ND;ND;ND;ND;ND;ND;ND,"""9216,7168""",DT_BF16,ND,0,26.189,864223,1.453,0.055,10.0,0.382,4.69,0.179,18.673,0.713,5.026,0.192,0.047,26.1,861303,0.196,0.008,3.888,0.149,0.785,0.03,0.174,0.007,0.099,75.777
3,48,78,12,aclnnDynamicQuantV2_DynamicQuant_DynamicQuant,DynamicQuant,dynamic,AI_VECTOR_CORE,1788186149723416.675	,331.280,1.190000,40,0,NO,"""9216,7168""",DT_BF16,ND,"""9216,7168;9216""",INT8;FLOAT,ND;ND,N/A,0.0,0,0.0,0.0,0.0,0.0,0.0,0.0,0.0,0.0,0.0,0.0,0.0,327.003,21582193,188.508,0.576,19.929,0.061,294.412,0.9,160.225,0.49,0.004,0.000
3,48,79,12,clear_ops,clear_ops,dynamic,MIX_AIC,1788186149723748.975	,28.640,0.970000,20,40,NO,N/A,N/A,N/A,N/A,N/A,N/A,0,26.426,872064,0.0,0.0,4.513,0.171,0.001,0.0,0.001,0.0,0.001,0.0,0.103,26.325,1737470,0.008,0.0,3.733,0.142,0.001,0.0,0.001,0.0,0.149,92.270
3,48,80,12,aclnnGroupedMatmulV5_GroupedMatmul_GroupedMatmul,GroupedMatmul,dynamic,MIX_AIC,1788186149723780.515	,51.940,2.860000,20,0,NO,"""9216,7168;1,7168,4096;;;;;;1""",INT8;INT8;INT32;UINT64;FLOAT;FLOAT16;FLOAT16;INT64,ND;NCL;ND;ND;ND;ND;ND;ND,"""9216,4096""",INT32,ND,0,37.11,1224626,2.905,0.078,5.068,0.137,9.37,0.252,32.723,0.882,2.563,0.069,0.033,0.0,0,0.0,0.0,0.0,0.0,0.0,0.0,0.0,0.0,0.0,71.448
3,48,81,12,DequantSwigluQuant,DequantSwigluQuant,dynamic,AI_VECTOR_CORE,1788186149723833.255	,7.620,0.810000,36,0,NO,"""9216,4096;1,4096;9216;;1,2048;;1""",INT32;FLOAT;FLOAT;DT_UNDEFINED;FLOAT;DT_UNDEFINED;INT64,ND;ND;ND;NULL;ND;NULL;ND,"""9216,2048;9216""",INT8;FLOAT,ND;ND,N/A,0.0,0,0.0,0.0,0.0,0.0,0.0,0.0,0.0,0.0,0.0,0.0,0.0,3.739,222085,0.056,0.015,0.765,0.205,0.025,0.007,0.005,0.001,0.201,0.000
3,48,82,12,aclnnGroupedMatmulV5_GroupedMatmul_GroupedMatmul,GroupedMatmul,dynamic,MIX_AIC,1788186149723842.295	,35.780,1.380000,20,20,NO,"""9216,2048;1,2048,7168;;1,7168;;;;1;9216""",INT8;INT8;INT32;DT_BF16;FLOAT;FLOAT16;FLOAT16;INT64;FLOAT,ND;NCL;ND;ND;ND;ND;ND;ND;ND,"""9216,7168""",DT_BF16,ND,0,26.046,859514,1.453,0.056,10.104,0.388,4.691,0.18,18.665,0.717,5.022,0.193,0.047,25.954,856468,0.195,0.008,4.136,0.159,0.63,0.024,0.179,0.007,0.095,72.795
3,48,83,12,aclnnDynamicQuantV2_DynamicQuant_DynamicQuant,DynamicQuant,dynamic,AI_VECTOR_CORE,1788186149723879.275	,331.220,1.220000,40,0,NO,"""9216,7168""",DT_BF16,ND,"""9216,7168;9216""",INT8;FLOAT,ND;ND,N/A,0.0,0,0.0,0.0,0.0,0.0,0.0,0.0,0.0,0.0,0.0,0.0,0.0,326.993,21581518,188.508,0.576,19.933,0.061,294.224,0.9,165.493,0.506,0.004,0.000
3,48,84,12,clear_ops,clear_ops,dynamic,MIX_AIC,1788186149724211.495	,30.280,1.030000,20,40,NO,N/A,N/A,N/A,N/A,N/A,N/A,0,28.069,926271,0.0,0.0,4.523,0.161,0.001,0.0,0.001,0.0,0.001,0.0,0.1,27.966,1845764,0.008,0.0,3.806,0.136,0.001,0.0,0.001,0.0,0.147,92.698
3,48,85,12,aclnnGroupedMatmulV5_GroupedMatmul_GroupedMatmul,GroupedMatmul,dynamic,MIX_AIC,1788186149724244.875	,50.900,3.220000,20,0,NO,"""9216,7168;1,7168,4096;;;;;;1""",INT8;INT8;INT32;UINT64;FLOAT;FLOAT16;FLOAT16;INT64,ND;NCL;ND;ND;ND;ND;ND;ND,"""9216,4096""",INT32,ND,0,37.121,1224995,2.905,0.078,5.707,0.154,9.376,0.253,32.574,0.878,2.506,0.068,0.031,0.0,0,0.0,0.0,0.0,0.0,0.0,0.0,0.0,0.0,0.0,72.929
3,48,86,12,DequantSwigluQuant,DequantSwigluQuant,dynamic,AI_VECTOR_CORE,1788186149724297.015	,7.520,1.100000,36,0,NO,"""9216,4096;1,4096;9216;;1,2048;;1""",INT32;FLOAT;FLOAT;DT_UNDEFINED;FLOAT;DT_UNDEFINED;INT64,ND;ND;ND;NULL;ND;NULL;ND,"""9216,2048;9216""",INT8;FLOAT,ND;ND,N/A,0.0,0,0.0,0.0,0.0,0.0,0.0,0.0,0.0,0.0,0.0,0.0,0.0,3.829,227466,0.056,0.015,0.802,0.209,0.081,0.021,0.005,0.001,0.198,0.000
3,48,87,12,aclnnGroupedMatmulV5_GroupedMatmul_GroupedMatmul,GroupedMatmul,dynamic,MIX_AIC,1788186149724305.475	,34.800,0.980000,20,20,NO,"""9216,2048;1,2048,7168;;1,7168;;;;1;9216""",INT8;INT8;INT32;DT_BF16;FLOAT;FLOAT16;FLOAT16;INT64;FLOAT,ND;NCL;ND;ND;ND;ND;ND;ND;ND,"""9216,7168""",DT_BF16,ND,0,26.559,876457,1.453,0.055,10.555,0.397,4.688,0.177,18.691,0.704,5.085,0.191,0.047,26.478,873777,0.192,0.007,4.654,0.176,0.808,0.031,0.176,0.007,0.092,76.320
3,48,88,12,aclnnDynamicQuantV2_DynamicQuant_DynamicQuant,DynamicQuant,dynamic,AI_VECTOR_CORE,1788186149724341.235	,331.340,0.950000,40,0,NO,"""9216,7168""",DT_BF16,ND,"""9216,7168;9216""",INT8;FLOAT,ND;ND,N/A,0.0,0,0.0,0.0,0.0,0.0,0.0,0.0,0.0,0.0,0.0,0.0,0.0,327.245,21598153,188.507,0.576,19.974,0.061,294.349,0.899,168.65,0.515,0.004,0.000
3,48,89,12,clear_ops,clear_ops,dynamic,MIX_AIC,1788186149724673.515	,28.620,0.910000,20,40,NO,N/A,N/A,N/A,N/A,N/A,N/A,0,26.419,871822,0.0,0.0,4.615,0.175,0.001,0.0,0.001,0.0,0.001,0.0,0.101,26.319,1737043,0.008,0.0,3.786,0.144,0.001,0.0,0.001,0.0,0.149,92.309
3,48,90,12,aclnnGroupedMatmulV5_GroupedMatmul_GroupedMatmul,GroupedMatmul,dynamic,MIX_AIC,1788186149724705.035	,52.040,2.880000,20,0,NO,"""9216,7168;1,7168,4096;;;;;;1""",INT8;INT8;INT32;UINT64;FLOAT;FLOAT16;FLOAT16;INT64,ND;NCL;ND;ND;ND;ND;ND;ND,"""9216,4096""",INT32,ND,0,37.777,1246641,2.905,0.077,5.289,0.14,9.377,0.248,33.458,0.886,2.576,0.068,0.032,0.0,0,0.0,0.0,0.0,0.0,0.0,0.0,0.0,0.0,0.0,72.592
3,48,91,12,DequantSwigluQuant,DequantSwigluQuant,dynamic,AI_VECTOR_CORE,1788186149724757.795	,7.960,0.710000,36,0,NO,"""9216,4096;1,4096;9216;;1,2048;;1""",INT32;FLOAT;FLOAT;DT_UNDEFINED;FLOAT;DT_UNDEFINED;INT64,ND;ND;ND;NULL;ND;NULL;ND,"""9216,2048;9216""",INT8;FLOAT,ND;ND,N/A,0.0,0,0.0,0.0,0.0,0.0,0.0,0.0,0.0,0.0,0.0,0.0,0.0,3.629,215583,0.056,0.015,0.794,0.219,0.022,0.006,0.004,0.001,0.196,0.000
3,48,92,12,aclnnGroupedMatmulV5_GroupedMatmul_GroupedMatmul,GroupedMatmul,dynamic,MIX_AIC,1788186149724766.815	,33.260,1.040000,20,20,NO,"""9216,2048;1,2048,7168;;1,7168;;;;1;9216""",INT8;INT8;INT32;DT_BF16;FLOAT;FLOAT16;FLOAT16;INT64;FLOAT,ND;NCL;ND;ND;ND;ND;ND;ND;ND,"""9216,7168""",DT_BF16,ND,0,25.412,838597,1.453,0.057,9.184,0.361,4.691,0.185,18.669,0.735,4.998,0.197,0.049,25.313,835321,0.202,0.008,3.155,0.125,0.724,0.029,0.177,0.007,0.104,76.404
3,48,93,12,aclnnDynamicQuantV2_DynamicQuant_DynamicQuant,DynamicQuant,dynamic,AI_VECTOR_CORE,1788186149724800.775	,333.480,0.740000,40,0,NO,"""9216,7168""",DT_BF16,ND,"""9216,7168;9216""",INT8;FLOAT,ND;ND,N/A,0.0,0,0.0,0.0,0.0,0.0,0.0,0.0,0.0,0.0,0.0,0.0,0.0,329.869,21771358,188.508,0.571,21.901,0.066,296.318,0.898,162.372,0.492,0.004,0.000
3,48,94,12,clear_ops,clear_ops,dynamic,MIX_AIC,1788186149725135.495	,28.340,1.270000,20,40,NO,N/A,N/A,N/A,N/A,N/A,N/A,0,26.162,863338,0.0,0.0,4.58,0.175,0.001,0.0,0.001,0.0,0.001,0.0,0.102,26.062,1720072,0.008,0.0,3.8,0.146,0.001,0.0,0.001,0.0,0.148,92.314
3,48,95,12,aclnnGroupedMatmulV5_GroupedMatmul_GroupedMatmul,GroupedMatmul,dynamic,MIX_AIC,1788186149725166.435	,50.960,2.660000,20,0,NO,"""9216,7168;1,7168,4096;;;;;;1""",INT8;INT8;INT32;UINT64;FLOAT;FLOAT16;FLOAT16;INT64,ND;NCL;ND;ND;ND;ND;ND;ND,"""9216,4096""",INT32,ND,0,36.948,1219271,2.905,0.079,5.131,0.139,9.377,0.254,32.655,0.884,2.531,0.069,0.032,0.0,0,0.0,0.0,0.0,0.0,0.0,0.0,0.0,0.0,0.0,72.503
3,48,96,12,DequantSwigluQuant,DequantSwigluQuant,dynamic,AI_VECTOR_CORE,1788186149725218.615	,7.820,1.040000,36,0,NO,"""9216,4096;1,4096;9216;;1,2048;;1""",INT32;FLOAT;FLOAT;DT_UNDEFINED;FLOAT;DT_UNDEFINED;INT64,ND;ND;ND;NULL;ND;NULL;ND,"""9216,2048;9216""",INT8;FLOAT,ND;ND,N/A,0.0,0,0.0,0.0,0.0,0.0,0.0,0.0,0.0,0.0,0.0,0.0,0.0,3.877,230301,0.056,0.014,0.838,0.216,0.053,0.014,0.005,0.001,0.203,0.000
3,48,97,12,aclnnGroupedMatmulV5_GroupedMatmul_GroupedMatmul,GroupedMatmul,dynamic,MIX_AIC,1788186149725227.635	,33.600,1.430000,20,20,NO,"""9216,2048;1,2048,7168;;1,7168;;;;1;9216""",INT8;INT8;INT32;DT_BF16;FLOAT;FLOAT16;FLOAT16;INT64;FLOAT,ND;NCL;ND;ND;ND;ND;ND;ND;ND,"""9216,7168""",DT_BF16,ND,0,26.048,859597,1.453,0.056,10.079,0.387,4.692,0.18,18.565,0.713,5.018,0.193,0.048,25.967,856920,0.198,0.008,4.328,0.167,0.726,0.028,0.181,0.007,0.096,77.525
3,48,98,12,aclnnDynamicQuantV2_DynamicQuant_DynamicQuant,DynamicQuant,dynamic,AI_VECTOR_CORE,1788186149725262.215	,332.020,0.900000,40,0,NO,"""9216,7168""",DT_BF16,ND,"""9216,7168;9216""",INT8;FLOAT,ND;ND,N/A,0.0,0,0.0,0.0,0.0,0.0,0.0,0.0,0.0,0.0,0.0,0.0,0.0,326.663,21559743,188.507,0.577,19.965,0.061,293.734,0.899,172.987,0.53,0.004,0.000
3,48,99,12,clear_ops,clear_ops,dynamic,MIX_AIC,1788186149725595.695	,29.020,1.480000,20,40,NO,N/A,N/A,N/A,N/A,N/A,N/A,0,26.773,883518,0.0,0.0,4.471,0.167,0.001,0.0,0.001,0.0,0.001,0.0,0.101,26.672,1760322,0.008,0.0,3.773,0.141,0.001,0.0,0.001,0.0,0.148,92.258
3,48,100,12,aclnnGroupedMatmulV5_GroupedMatmul_GroupedMatmul,GroupedMatmul,dynamic,MIX_AIC,1788186149725627.855	,50.880,2.980000,20,0,NO,"""9216,7168;1,7168,4096;;;;;;1""",INT8;INT8;INT32;UINT64;FLOAT;FLOAT16;FLOAT16;INT64,ND;NCL;ND;ND;ND;ND;ND;ND,"""9216,4096""",INT32,ND,0,37.311,1231258,2.905,0.078,5.401,0.145,9.378,0.251,32.811,0.879,2.511,0.067,0.031,0.0,0,0.0,0.0,0.0,0.0,0.0,0.0,0.0,0.0,0.0,73.331
3,48,101,12,DequantSwigluQuant,DequantSwigluQuant,dynamic,AI_VECTOR_CORE,1788186149725679.995	,7.420,1.370000,36,0,NO,"""9216,4096;1,4096;9216;;1,2048;;1""",INT32;FLOAT;FLOAT;DT_UNDEFINED;FLOAT;DT_UNDEFINED;INT64,ND;ND;ND;NULL;ND;NULL;ND,"""9216,2048;9216""",INT8;FLOAT,ND;ND,N/A,0.0,0,0.0,0.0,0.0,0.0,0.0,0.0,0.0,0.0,0.0,0.0,0.0,3.874,230142,0.056,0.014,0.887,0.229,0.031,0.008,0.005,0.001,0.197,0.000
3,48,102,12,aclnnGroupedMatmulV5_GroupedMatmul_GroupedMatmul,GroupedMatmul,dynamic,MIX_AIC,1788186149725688.415	,34.300,1.080000,20,20,NO,"""9216,2048;1,2048,7168;;1,7168;;;;1;9216""",INT8;INT8;INT32;DT_BF16;FLOAT;FLOAT16;FLOAT16;INT64;FLOAT,ND;NCL;ND;ND;ND;ND;ND;ND;ND,"""9216,7168""",DT_BF16,ND,0,26.37,870203,1.453,0.055,10.078,0.382,4.689,0.178,18.779,0.712,5.112,0.194,0.048,26.288,867506,0.198,0.008,4.055,0.154,0.766,0.029,0.174,0.007,0.098,76.880
3,48,103,12,aclnnDynamicQuantV2_DynamicQuant_DynamicQuant,DynamicQuant,dynamic,AI_VECTOR_CORE,1788186149725723.555	,330.660,0.700000,40,0,NO,"""9216,7168""",DT_BF16,ND,"""9216,7168;9216""",INT8;FLOAT,ND;ND,N/A,0.0,0,0.0,0.0,0.0,0.0,0.0,0.0,0.0,0.0,0.0,0.0,0.0,327.492,21614482,188.508,0.576,19.977,0.061,294.796,0.9,159.614,0.487,0.005,0.000
3,48,104,12,clear_ops,clear_ops,dynamic,MIX_AIC,1788186149726055.235	,27.780,1.090000,20,40,NO,N/A,N/A,N/A,N/A,N/A,N/A,0,25.595,844631,0.0,0.0,4.468,0.175,0.001,0.0,0.001,0.0,0.001,0.0,0.102,25.496,1682727,0.008,0.0,3.77,0.148,0.001,0.0,0.001,0.0,0.148,92.134
3,48,105,12,aclnnGroupedMatmulV5_GroupedMatmul_GroupedMatmul,GroupedMatmul,dynamic,MIX_AIC,1788186149726085.615	,53.380,2.470000,20,0,NO,"""9216,7168;1,7168,4096;;;;;;1""",INT8;INT8;INT32;UINT64;FLOAT;FLOAT16;FLOAT16;INT64,ND;NCL;ND;ND;ND;ND;ND;ND,"""9216,4096""",INT32,ND,0,36.815,1214894,2.905,0.079,5.396,0.147,9.373,0.255,32.401,0.88,2.499,0.068,0.031,0.0,0,0.0,0.0,0.0,0.0,0.0,0.0,0.0,0.0,0.0,68.968
3,48,106,12,DequantSwigluQuant,DequantSwigluQuant,dynamic,AI_VECTOR_CORE,1788186149726140.195	,7.520,1.370000,36,0,NO,"""9216,4096;1,4096;9216;;1,2048;;1""",INT32;FLOAT;FLOAT;DT_UNDEFINED;FLOAT;DT_UNDEFINED;INT64,ND;ND;ND;NULL;ND;NULL;ND,"""9216,2048;9216""",INT8;FLOAT,ND;ND,N/A,0.0,0,0.0,0.0,0.0,0.0,0.0,0.0,0.0,0.0,0.0,0.0,0.0,3.735,221837,0.056,0.015,0.752,0.201,0.024,0.006,0.005,0.001,0.198,0.000
3,48,107,12,aclnnGroupedMatmulV5_GroupedMatmul_GroupedMatmul,GroupedMatmul,dynamic,MIX_AIC,1788186149726148.655	,35.960,0.980000,20,20,NO,"""9216,2048;1,2048,7168;;1,7168;;;;1;9216""",INT8;INT8;INT32;DT_BF16;FLOAT;FLOAT16;FLOAT16;INT64;FLOAT,ND;NCL;ND;ND;ND;ND;ND;ND;ND,"""9216,7168""",DT_BF16,ND,0,27.293,900682,1.453,0.053,11.105,0.407,4.689,0.172,18.671,0.684,5.075,0.186,0.046,27.256,899454,0.188,0.007,5.896,0.216,0.587,0.022,0.18,0.007,0.086,75.899
3,48,108,12,aclnnDynamicQuantV2_DynamicQuant_DynamicQuant,DynamicQuant,dynamic,AI_VECTOR_CORE,1788186149726185.575	,330.740,0.790000,40,0,NO,"""9216,7168""",DT_BF16,ND,"""9216,7168;9216""",INT8;FLOAT,ND;ND,N/A,0.0,0,0.0,0.0,0.0,0.0,0.0,0.0,0.0,0.0,0.0,0.0,0.0,326.437,21544872,188.508,0.577,19.945,0.061,293.513,0.899,162.816,0.499,0.004,0.000
3,48,109,12,clear_ops,clear_ops,dynamic,MIX_AIC,1788186149726517.595	,27.700,1.260000,20,40,NO,N/A,N/A,N/A,N/A,N/A,N/A,0,25.498,841425,0.0,0.0,4.571,0.179,0.001,0.0,0.001,0.0,0.001,0.0,0.1,25.395,1676101,0.008,0.0,3.796,0.149,0.001,0.0,0.001,0.0,0.149,92.050
3,48,110,12,aclnnGroupedMatmulV5_GroupedMatmul_GroupedMatmul,GroupedMatmul,dynamic,MIX_AIC,1788186149726547.975	,50.660,2.800000,20,0,NO,"""9216,7168;1,7168,4096;;;;;;1""",INT8;INT8;INT32;UINT64;FLOAT;FLOAT16;FLOAT16;INT64,ND;NCL;ND;ND;ND;ND;ND;ND,"""9216,4096""",INT32,ND,0,37.753,1245836,2.905,0.077,6.534,0.173,9.375,0.248,32.675,0.866,2.673,0.071,0.028,0.0,0,0.0,0.0,0.0,0.0,0.0,0.0,0.0,0.0,0.0,74.522
3,48,111,12,DequantSwigluQuant,DequantSwigluQuant,dynamic,AI_VECTOR_CORE,1788186149726599.515	,7.660,0.840000,36,0,NO,"""9216,4096;1,4096;9216;;1,2048;;1""",INT32;FLOAT;FLOAT;DT_UNDEFINED;FLOAT;DT_UNDEFINED;INT64,ND;ND;ND;NULL;ND;NULL;ND,"""9216,2048;9216""",INT8;FLOAT,ND;ND,N/A,0.0,0,0.0,0.0,0.0,0.0,0.0,0.0,0.0,0.0,0.0,0.0,0.0,3.878,230350,0.056,0.014,0.785,0.203,0.087,0.022,0.005,0.001,0.196,0.000
3,48,112,12,aclnnGroupedMatmulV5_GroupedMatmul_GroupedMatmul,GroupedMatmul,dynamic,MIX_AIC,1788186149726608.575	,34.040,1.340000,20,20,NO,"""9216,2048;1,2048,7168;;1,7168;;;;1;9216""",INT8;INT8;INT32;DT_BF16;FLOAT;FLOAT16;FLOAT16;INT64;FLOAT,ND;NCL;ND;ND;ND;ND;ND;ND;ND,"""9216,7168""",DT_BF16,ND,0,25.833,852473,1.453,0.056,9.577,0.371,4.687,0.181,18.72,0.725,5.01,0.194,0.049,25.706,848312,0.194,0.008,3.772,0.147,0.818,0.032,0.176,0.007,0.103,75.889
3,48,113,12,aclnnDynamicQuantV2_DynamicQuant_DynamicQuant,DynamicQuant,dynamic,AI_VECTOR_CORE,1788186149726643.735	,332.680,1.210000,40,0,NO,"""9216,7168""",DT_BF16,ND,"""9216,7168;9216""",INT8;FLOAT,ND;ND,N/A,0.0,0,0.0,0.0,0.0,0.0,0.0,0.0,0.0,0.0,0.0,0.0,0.0,327.783,21633695,188.508,0.575,19.963,0.061,295.026,0.9,161.338,0.492,0.004,0.000
3,48,114,12,clear_ops,clear_ops,dynamic,MIX_AIC,1788186149726977.795	,27.620,1.320000,20,40,NO,N/A,N/A,N/A,N/A,N/A,N/A,0,25.402,838265,0.0,0.0,4.517,0.178,0.001,0.0,0.001,0.0,0.001,0.0,0.102,25.303,1669966,0.008,0.0,3.753,0.148,0.001,0.0,0.001,0.0,0.149,91.969
3,48,115,12,aclnnGroupedMatmulV5_GroupedMatmul_GroupedMatmul,GroupedMatmul,dynamic,MIX_AIC,1788186149727008.195	,52.260,2.880000,20,0,NO,"""9216,7168;1,7168,4096;;;;;;1""",INT8;INT8;INT32;UINT64;FLOAT;FLOAT16;FLOAT16;INT64,ND;NCL;ND;ND;ND;ND;ND;ND,"""9216,4096""",INT32,ND,0,37.768,1246332,2.905,0.077,5.068,0.134,9.381,0.248,33.464,0.886,2.617,0.069,0.032,0.0,0,0.0,0.0,0.0,0.0,0.0,0.0,0.0,0.0,0.0,72.269
3,48,116,12,DequantSwigluQuant,DequantSwigluQuant,dynamic,AI_VECTOR_CORE,1788186149727061.535	,10.620,0.990000,36,0,NO,"""9216,4096;1,4096;9216;;1,2048;;1""",INT32;FLOAT;FLOAT;DT_UNDEFINED;FLOAT;DT_UNDEFINED;INT64,ND;ND;ND;NULL;ND;NULL;ND,"""9216,2048;9216""",INT8;FLOAT,ND;ND,N/A,0.0,0,0.0,0.0,0.0,0.0,0.0,0.0,0.0,0.0,0.0,0.0,0.0,6.292,373722,0.056,0.009,2.338,0.372,0.042,0.007,0.004,0.001,0.19,0.000
3,48,117,12,aclnnGroupedMatmulV5_GroupedMatmul_GroupedMatmul,GroupedMatmul,dynamic,MIX_AIC,1788186149727073.555	,36.620,1.380000,20,20,NO,"""9216,2048;1,2048,7168;;1,7168;;;;1;9216""",INT8;INT8;INT32;DT_BF16;FLOAT;FLOAT16;FLOAT16;INT64;FLOAT,ND;NCL;ND;ND;ND;ND;ND;ND;ND,"""9216,7168""",DT_BF16,ND,0,27.917,921268,1.453,0.052,11.733,0.42,4.688,0.168,18.724,0.671,5.165,0.185,0.045,27.857,919296,0.188,0.007,6.522,0.234,0.709,0.025,0.177,0.006,0.086,76.235
3,48,118,12,aclnnDynamicQuantV2_DynamicQuant_DynamicQuant,DynamicQuant,dynamic,AI_VECTOR_CORE,1788186149727111.155	,330.500,1.130000,40,0,NO,"""9216,7168""",DT_BF16,ND,"""9216,7168;9216""",INT8;FLOAT,ND;ND,N/A,0.0,0,0.0,0.0,0.0,0.0,0.0,0.0,0.0,0.0,0.0,0.0,0.0,326.038,21518517,188.507,0.578,19.992,0.061,293.195,0.899,164.24,0.504,0.004,0.000
3,48,119,12,clear_ops,clear_ops,dynamic,MIX_AIC,1788186149727442.755	,30.020,1.000000,20,40,NO,N/A,N/A,N/A,N/A,N/A,N/A,0,27.76,916075,0.0,0.0,4.51,0.162,0.001,0.0,0.001,0.0,0.001,0.0,0.103,27.659,1825467,0.008,0.0,3.75,0.136,0.001,0.0,0.001,0.0,0.149,92.471
3,48,120,12,aclnnGroupedMatmulV5_GroupedMatmul_GroupedMatmul,GroupedMatmul,dynamic,MIX_AIC,1788186149727475.575	,51.900,2.730000,20,0,NO,"""9216,7168;1,7168,4096;;;;;;1""",INT8;INT8;INT32;UINT64;FLOAT;FLOAT16;FLOAT16;INT64,ND;NCL;ND;ND;ND;ND;ND;ND,"""9216,4096""",INT32,ND,0,37.455,1236017,2.905,0.078,6.656,0.178,9.38,0.25,32.331,0.863,2.51,0.067,0.028,0.0,0,0.0,0.0,0.0,0.0,0.0,0.0,0.0,0.0,0.0,72.168
3,48,121,12,DequantSwigluQuant,DequantSwigluQuant,dynamic,AI_VECTOR_CORE,1788186149727528.295	,7.700,0.850000,36,0,NO,"""9216,4096;1,4096;9216;;1,2048;;1""",INT32;FLOAT;FLOAT;DT_UNDEFINED;FLOAT;DT_UNDEFINED;INT64,ND;ND;ND;NULL;ND;NULL;ND,"""9216,2048;9216""",INT8;FLOAT,ND;ND,N/A,0.0,0,0.0,0.0,0.0,0.0,0.0,0.0,0.0,0.0,0.0,0.0,0.0,3.752,222880,0.056,0.015,0.826,0.22,0.056,0.015,0.005,0.001,0.199,0.000
3,48,122,12,aclnnGroupedMatmulV5_GroupedMatmul_GroupedMatmul,GroupedMatmul,dynamic,MIX_AIC,1788186149727537.335	,34.800,1.300000,20,20,NO,"""9216,2048;1,2048,7168;;1,7168;;;;1;9216""",INT8;INT8;INT32;DT_BF16;FLOAT;FLOAT16;FLOAT16;INT64;FLOAT,ND;NCL;ND;ND;ND;ND;ND;ND;ND,"""9216,7168""",DT_BF16,ND,0,26.856,886238,1.453,0.054,10.417,0.388,4.688,0.175,19.152,0.713,5.252,0.196,0.047,26.784,883864,0.193,0.007,4.491,0.168,0.847,0.032,0.182,0.007,0.093,77.172
3,48,123,12,aclnnDynamicQuantV2_DynamicQuant_DynamicQuant,DynamicQuant,dynamic,AI_VECTOR_CORE,1788186149727573.095	,331.640,0.950000,40,0,NO,"""9216,7168""",DT_BF16,ND,"""9216,7168;9216""",INT8;FLOAT,ND;ND,N/A,0.0,0,0.0,0.0,0.0,0.0,0.0,0.0,0.0,0.0,0.0,0.0,0.0,327.069,21586555,188.509,0.576,19.97,0.061,294.46,0.9,171.687,0.525,0.004,0.000
3,48,124,12,clear_ops,clear_ops,dynamic,MIX_AIC,1788186149727906.035	,28.300,1.360000,20,40,NO,N/A,N/A,N/A,N/A,N/A,N/A,0,26.035,859158,0.0,0.0,4.522,0.174,0.001,0.0,0.001,0.0,0.001,0.0,0.1,25.935,1711712,0.008,0.0,3.808,0.147,0.001,0.0,0.001,0.0,0.148,91.997
3,48,125,12,aclnnGroupedMatmulV5_GroupedMatmul_GroupedMatmul,GroupedMatmul,dynamic,MIX_AIC,1788186149727937.015	,50.440,2.700000,20,0,NO,"""9216,7168;1,7168,4096;;;;;;1""",INT8;INT8;INT32;UINT64;FLOAT;FLOAT16;FLOAT16;INT64,ND;NCL;ND;ND;ND;ND;ND;ND,"""9216,4096""",INT32,ND,0,36.968,1219946,2.905,0.079,5.268,0.142,9.375,0.254,32.495,0.879,2.47,0.067,0.032,0.0,0,0.0,0.0,0.0,0.0,0.0,0.0,0.0,0.0,0.0,73.291
3,48,126,12,DequantSwigluQuant,DequantSwigluQuant,dynamic,AI_VECTOR_CORE,1788186149727988.535	,7.860,1.060000,36,0,NO,"""9216,4096;1,4096;9216;;1,2048;;1""",INT32;FLOAT;FLOAT;DT_UNDEFINED;FLOAT;DT_UNDEFINED;INT64,ND;ND;ND;NULL;ND;NULL;ND,"""9216,2048;9216""",INT8;FLOAT,ND;ND,N/A,0.0,0,0.0,0.0,0.0,0.0,0.0,0.0,0.0,0.0,0.0,0.0,0.0,3.814,226542,0.056,0.015,0.897,0.235,0.026,0.007,0.005,0.001,0.195,0.000
3,48,127,12,aclnnGroupedMatmulV5_GroupedMatmul_GroupedMatmul,GroupedMatmul,dynamic,MIX_AIC,1788186149727997.575	,33.200,1.140000,20,20,NO,"""9216,2048;1,2048,7168;;1,7168;;;;1;9216""",INT8;INT8;INT32;DT_BF16;FLOAT;FLOAT16;FLOAT16;INT64;FLOAT,ND;NCL;ND;ND;ND;ND;ND;ND;ND,"""9216,7168""",DT_BF16,ND,0,26.06,859976,1.453,0.056,9.964,0.382,4.69,0.18,18.688,0.717,5.018,0.193,0.048,25.996,857866,0.198,0.008,4.02,0.155,0.758,0.029,0.174,0.007,0.097,78.494
3,48,128,12,aclnnDynamicQuantV2_DynamicQuant_DynamicQuant,DynamicQuant,dynamic,AI_VECTOR_CORE,1788186149728031.495	,331.860,0.800000,40,0,NO,"""9216,7168""",DT_BF16,ND,"""9216,7168;9216""",INT8;FLOAT,ND;ND,N/A,0.0,0,0.0,0.0,0.0,0.0,0.0,0.0,0.0,0.0,0.0,0.0,0.0,326.8,21568780,188.508,0.577,19.935,0.061,294.084,0.9,159.25,0.487,0.005,0.000
3,48,129,12,clear_ops,clear_ops,dynamic,MIX_AIC,1788186149728364.335	,29.040,0.890000,20,40,NO,N/A,N/A,N/A,N/A,N/A,N/A,0,26.832,885469,0.0,0.0,4.534,0.169,0.001,0.0,0.001,0.0,0.001,0.0,0.103,26.733,1764396,0.008,0.0,3.837,0.144,0.001,0.0,0.001,0.0,0.149,92.398
3,48,130,12,aclnnGroupedMatmulV5_GroupedMatmul_GroupedMatmul,GroupedMatmul,dynamic,MIX_AIC,1788186149728396.495	,50.280,3.210000,20,0,NO,"""9216,7168;1,7168,4096;;;;;;1""",INT8;INT8;INT32;UINT64;FLOAT;FLOAT16;FLOAT16;INT64,ND;NCL;ND;ND;ND;ND;ND;ND,"""9216,4096""",INT32,ND,0,36.434,1202329,2.905,0.08,5.088,0.14,9.375,0.257,32.232,0.885,2.487,0.068,0.032,0.0,0,0.0,0.0,0.0,0.0,0.0,0.0,0.0,0.0,0.0,72.463
3,48,131,12,DequantSwigluQuant,DequantSwigluQuant,dynamic,AI_VECTOR_CORE,1788186149728448.035	,7.920,1.220000,36,0,NO,"""9216,4096;1,4096;9216;;1,2048;;1""",INT32;FLOAT;FLOAT;DT_UNDEFINED;FLOAT;DT_UNDEFINED;INT64,ND;ND;ND;NULL;ND;NULL;ND,"""9216,2048;9216""",INT8;FLOAT,ND;ND,N/A,0.0,0,0.0,0.0,0.0,0.0,0.0,0.0,0.0,0.0,0.0,0.0,0.0,3.741,222212,0.056,0.015,0.768,0.205,0.026,0.007,0.005,0.001,0.198,0.000
3,48,132,12,aclnnGroupedMatmulV5_GroupedMatmul_GroupedMatmul,GroupedMatmul,dynamic,MIX_AIC,1788186149728457.055	,35.440,1.080000,20,20,NO,"""9216,2048;1,2048,7168;;1,7168;;;;1;9216""",INT8;INT8;INT32;DT_BF16;FLOAT;FLOAT16;FLOAT16;INT64;FLOAT,ND;NCL;ND;ND;ND;ND;ND;ND;ND,"""9216,7168""",DT_BF16,ND,0,27.74,915430,1.453,0.052,11.494,0.414,4.694,0.169,18.665,0.673,5.123,0.185,0.045,27.67,913094,0.188,0.007,6.537,0.236,0.64,0.023,0.179,0.006,0.086,78.274
3,48,133,12,aclnnDynamicQuantV2_DynamicQuant_DynamicQuant,DynamicQuant,dynamic,AI_VECTOR_CORE,1788186149728493.435	,330.980,1.060000,40,0,NO,"""9216,7168""",DT_BF16,ND,"""9216,7168;9216""",INT8;FLOAT,ND;ND,N/A,0.0,0,0.0,0.0,0.0,0.0,0.0,0.0,0.0,0.0,0.0,0.0,0.0,325.826,21504494,188.505,0.579,19.915,0.061,292.882,0.899,161.786,0.497,0.004,0.000
3,48,134,12,clear_ops,clear_ops,dynamic,MIX_AIC,1788186149728825.655	,28.000,1.270000,20,40,NO,N/A,N/A,N/A,N/A,N/A,N/A,0,25.752,849805,0.0,0.0,4.716,0.183,0.001,0.0,0.001,0.0,0.001,0.0,0.1,25.649,1692821,0.008,0.0,3.996,0.156,0.001,0.0,0.001,0.0,0.15,91.970
3,48,135,12,aclnnGroupedMatmulV5_GroupedMatmul_GroupedMatmul,GroupedMatmul,dynamic,MIX_AIC,1788186149728856.615	,50.180,2.750000,20,0,NO,"""9216,7168;1,7168,4096;;;;;;1""",INT8;INT8;INT32;UINT64;FLOAT;FLOAT16;FLOAT16;INT64,ND;NCL;ND;ND;ND;ND;ND;ND,"""9216,4096""",INT32,ND,0,37.002,1221077,2.905,0.079,5.297,0.143,9.373,0.253,32.574,0.88,2.48,0.067,0.031,0.0,0,0.0,0.0,0.0,0.0,0.0,0.0,0.0,0.0,0.0,73.739
3,48,136,12,DequantSwigluQuant,DequantSwigluQuant,dynamic,AI_VECTOR_CORE,1788186149728907.535	,7.380,0.820000,36,0,NO,"""9216,4096;1,4096;9216;;1,2048;;1""",INT32;FLOAT;FLOAT;DT_UNDEFINED;FLOAT;DT_UNDEFINED;INT64,ND;ND;ND;NULL;ND;NULL;ND,"""9216,2048;9216""",INT8;FLOAT,ND;ND,N/A,0.0,0,0.0,0.0,0.0,0.0,0.0,0.0,0.0,0.0,0.0,0.0,0.0,3.84,228116,0.056,0.015,0.788,0.205,0.084,0.022,0.005,0.001,0.199,0.000
3,48,137,12,aclnnGroupedMatmulV5_GroupedMatmul_GroupedMatmul,GroupedMatmul,dynamic,MIX_AIC,1788186149728915.975	,37.080,1.120000,20,20,NO,"""9216,2048;1,2048,7168;;1,7168;;;;1;9216""",INT8;INT8;INT32;DT_BF16;FLOAT;FLOAT16;FLOAT16;INT64;FLOAT,ND;NCL;ND;ND;ND;ND;ND;ND;ND,"""9216,7168""",DT_BF16,ND,0,26.299,867853,1.453,0.055,10.011,0.381,4.69,0.178,18.823,0.716,5.108,0.194,0.048,26.205,864778,0.196,0.007,4.015,0.153,0.787,0.03,0.177,0.007,0.098,70.924
3,48,138,12,aclnnDynamicQuantV2_DynamicQuant_DynamicQuant,DynamicQuant,dynamic,AI_VECTOR_CORE,1788186149728954.135	,331.980,1.170000,40,0,NO,"""9216,7168""",DT_BF16,ND,"""9216,7168;9216""",INT8;FLOAT,ND;ND,N/A,0.0,0,0.0,0.0,0.0,0.0,0.0,0.0,0.0,0.0,0.0,0.0,0.0,327.349,21605001,188.508,0.576,19.967,0.061,294.534,0.9,169.605,0.518,0.004,0.000
3,48,139,12,clear_ops,clear_ops,dynamic,MIX_AIC,1788186149729287.515	,27.960,1.270000,20,40,NO,N/A,N/A,N/A,N/A,N/A,N/A,0,25.717,848661,0.0,0.0,4.511,0.175,0.001,0.0,0.001,0.0,0.001,0.0,0.101,25.618,1690776,0.008,0.0,3.834,0.15,0.001,0.0,0.001,0.0,0.149,91.978
3,48,140,12,aclnnGroupedMatmulV5_GroupedMatmul_GroupedMatmul,GroupedMatmul,dynamic,MIX_AIC,1788186149729318.435	,50.720,3.040000,20,0,NO,"""9216,7168;1,7168,4096;;;;;;1""",INT8;INT8;INT32;UINT64;FLOAT;FLOAT16;FLOAT16;INT64,ND;NCL;ND;ND;ND;ND;ND;ND,"""9216,4096""",INT32,ND,0,37.361,1232921,2.905,0.078,5.185,0.139,9.377,0.251,33.018,0.884,2.568,0.069,0.032,0.0,0,0.0,0.0,0.0,0.0,0.0,0.0,0.0,0.0,0.0,73.662
3,48,141,12,DequantSwigluQuant,DequantSwigluQuant,dynamic,AI_VECTOR_CORE,1788186149729370.015	,7.820,0.780000,36,0,NO,"""9216,4096;1,4096;9216;;1,2048;;1""",INT32;FLOAT;FLOAT;DT_UNDEFINED;FLOAT;DT_UNDEFINED;INT64,ND;ND;ND;NULL;ND;NULL;ND,"""9216,2048;9216""",INT8;FLOAT,ND;ND,N/A,0.0,0,0.0,0.0,0.0,0.0,0.0,0.0,0.0,0.0,0.0,0.0,0.0,3.555,211147,0.056,0.016,0.785,0.221,0.024,0.007,0.004,0.001,0.197,0.000
3,48,142,12,aclnnGroupedMatmulV5_GroupedMatmul_GroupedMatmul,GroupedMatmul,dynamic,MIX_AIC,1788186149729379.075	,34.080,1.180000,20,20,NO,"""9216,2048;1,2048,7168;;1,7168;;;;1;9216""",INT8;INT8;INT32;DT_BF16;FLOAT;FLOAT16;FLOAT16;INT64;FLOAT,ND;NCL;ND;ND;ND;ND;ND;ND;ND,"""9216,7168""",DT_BF16,ND,0,26.087,860869,1.453,0.056,9.972,0.382,4.691,0.18,18.652,0.715,5.071,0.194,0.048,25.995,857826,0.199,0.008,3.869,0.149,0.825,0.032,0.176,0.007,0.102,76.546
3,48,143,12,aclnnDynamicQuantV2_DynamicQuant_DynamicQuant,DynamicQuant,dynamic,AI_VECTOR_CORE,1788186149729414.235	,330.220,1.170000,40,0,NO,"""9216,7168""",DT_BF16,ND,"""9216,7168;9216""",INT8;FLOAT,ND;ND,N/A,0.0,0,0.0,0.0,0.0,0.0,0.0,0.0,0.0,0.0,0.0,0.0,0.0,326.273,21534018,188.508,0.578,19.935,0.061,293.648,0.9,164.942,0.506,0.005,0.000
3,48,144,12,clear_ops,clear_ops,dynamic,MIX_AIC,1788186149729745.415	,31.120,1.030000,20,40,NO,N/A,N/A,N/A,N/A,N/A,N/A,0,28.886,953249,0.0,0.0,4.508,0.156,0.001,0.0,0.001,0.0,0.001,0.0,0.101,28.786,1899878,0.008,0.0,3.824,0.133,0.001,0.0,0.001,0.0,0.15,92.822
3,48,145,12,aclnnGroupedMatmulV5_GroupedMatmul_GroupedMatmul,GroupedMatmul,dynamic,MIX_AIC,1788186149729779.435	,50.060,2.880000,20,0,NO,"""9216,7168;1,7168,4096;;;;;;1""",INT8;INT8;INT32;UINT64;FLOAT;FLOAT16;FLOAT16;INT64,ND;NCL;ND;ND;ND;ND;ND;ND,"""9216,4096""",INT32,ND,0,36.818,1215008,2.905,0.079,5.192,0.141,9.38,0.255,32.425,0.881,2.512,0.068,0.032,0.0,0,0.0,0.0,0.0,0.0,0.0,0.0,0.0,0.0,0.0,73.549
3,48,146,12,DequantSwigluQuant,DequantSwigluQuant,dynamic,AI_VECTOR_CORE,1788186149729830.415	,7.540,0.940000,36,0,NO,"""9216,4096;1,4096;9216;;1,2048;;1""",INT32;FLOAT;FLOAT;DT_UNDEFINED;FLOAT;DT_UNDEFINED;INT64,ND;ND;ND;NULL;ND;NULL;ND,"""9216,2048;9216""",INT8;FLOAT,ND;ND,N/A,0.0,0,0.0,0.0,0.0,0.0,0.0,0.0,0.0,0.0,0.0,0.0,0.0,3.86,229283,0.056,0.015,0.822,0.213,0.052,0.013,0.005,0.001,0.198,0.000
3,48,147,12,aclnnGroupedMatmulV5_GroupedMatmul_GroupedMatmul,GroupedMatmul,dynamic,MIX_AIC,1788186149729838.835	,37.380,0.710000,20,20,NO,"""9216,2048;1,2048,7168;;1,7168;;;;1;9216""",INT8;INT8;INT32;DT_BF16;FLOAT;FLOAT16;FLOAT16;INT64;FLOAT,ND;NCL;ND;ND;ND;ND;ND;ND;ND,"""9216,7168""",DT_BF16,ND,0,26.11,861626,1.453,0.056,9.671,0.37,4.69,0.18,18.731,0.717,5.038,0.193,0.048,25.997,857895,0.201,0.008,3.768,0.145,0.741,0.029,0.181,0.007,0.099,69.850
3,48,148,12,aclnnDynamicQuantV2_DynamicQuant_DynamicQuant,DynamicQuant,dynamic,AI_VECTOR_CORE,1788186149729877.035	,331.000,0.870000,40,0,NO,"""9216,7168""",DT_BF16,ND,"""9216,7168;9216""",INT8;FLOAT,ND;ND,N/A,0.0,0,0.0,0.0,0.0,0.0,0.0,0.0,0.0,0.0,0.0,0.0,0.0,327.769,21632784,188.508,0.575,19.938,0.061,295.097,0.9,166.359,0.508,0.004,0.000
3,48,149,12,clear_ops,clear_ops,dynamic,MIX_AIC,1788186149730209.255	,28.220,1.250000,20,40,NO,N/A,N/A,N/A,N/A,N/A,N/A,0,25.983,857423,0.0,0.0,4.465,0.172,0.001,0.0,0.001,0.0,0.001,0.0,0.101,25.88,1708099,0.008,0.0,3.799,0.147,0.001,0.0,0.001,0.0,0.148,92.071
3,48,150,12,aclnnGroupedMatmulV5_GroupedMatmul_GroupedMatmul,GroupedMatmul,dynamic,MIX_AIC,1788186149730240.175	,52.280,2.780000,20,0,NO,"""9216,7168;1,7168,4096;;;;;;1""",INT8;INT8;INT32;UINT64;FLOAT;FLOAT16;FLOAT16;INT64,ND;NCL;ND;ND;ND;ND;ND;ND,"""9216,4096""",INT32,ND,0,38.367,1266113,2.905,0.076,5.755,0.15,9.376,0.244,33.78,0.88,2.578,0.067,0.031,0.0,0,0.0,0.0,0.0,0.0,0.0,0.0,0.0,0.0,0.0,73.388
3,48,151,12,DequantSwigluQuant,DequantSwigluQuant,dynamic,AI_VECTOR_CORE,1788186149730293.195	,7.260,0.720000,36,0,NO,"""9216,4096;1,4096;9216;;1,2048;;1""",INT32;FLOAT;FLOAT;DT_UNDEFINED;FLOAT;DT_UNDEFINED;INT64,ND;ND;ND;NULL;ND;NULL;ND,"""9216,2048;9216""",INT8;FLOAT,ND;ND,N/A,0.0,0,0.0,0.0,0.0,0.0,0.0,0.0,0.0,0.0,0.0,0.0,0.0,3.825,227178,0.056,0.015,0.919,0.24,0.035,0.009,0.005,0.001,0.194,0.000
3,48,152,12,aclnnGroupedMatmulV5_GroupedMatmul_GroupedMatmul,GroupedMatmul,dynamic,MIX_AIC,1788186149730301.635	,36.780,1.240000,20,20,NO,"""9216,2048;1,2048,7168;;1,7168;;;;1;9216""",INT8;INT8;INT32;DT_BF16;FLOAT;FLOAT16;FLOAT16;INT64;FLOAT,ND;NCL;ND;ND;ND;ND;ND;ND;ND,"""9216,7168""",DT_BF16,ND,0,28.757,948968,1.453,0.051,11.429,0.397,4.691,0.163,20.653,0.718,5.802,0.202,0.047,28.66,945765,0.191,0.007,4.454,0.155,0.826,0.029,0.175,0.006,0.093,78.185
3,48,153,12,aclnnDynamicQuantV2_DynamicQuant_DynamicQuant,DynamicQuant,dynamic,AI_VECTOR_CORE,1788186149730339.215	,339.560,0.720000,40,0,NO,"""9216,7168""",DT_BF16,ND,"""9216,7168;9216""",INT8;FLOAT,ND;ND,N/A,0.0,0,0.0,0.0,0.0,0.0,0.0,0.0,0.0,0.0,0.0,0.0,0.0,334.24,22059834,188.5,0.564,19.947,0.06,301.082,0.901,173.65,0.52,0.004,0.000
3,48,154,12,clear_ops,clear_ops,dynamic,MIX_AIC,1788186149730680.255	,29.540,1.440000,20,40,NO,N/A,N/A,N/A,N/A,N/A,N/A,0,27.29,900565,0.0,0.0,4.631,0.17,0.001,0.0,0.001,0.0,0.001,0.0,0.102,27.19,1794549,0.008,0.0,3.815,0.14,0.001,0.0,0.001,0.0,0.15,92.383
3,48,155,12,aclnnGroupedMatmulV5_GroupedMatmul_GroupedMatmul,GroupedMatmul,dynamic,MIX_AIC,1788186149730712.415	,51.420,2.710000,20,0,NO,"""9216,7168;1,7168,4096;;;;;;1""",INT8;INT8;INT32;UINT64;FLOAT;FLOAT16;FLOAT16;INT64,ND;NCL;ND;ND;ND;ND;ND;ND,"""9216,4096""",INT32,ND,0,37.432,1235248,2.905,0.078,6.929,0.185,9.377,0.251,32.042,0.856,2.472,0.066,0.028,0.0,0,0.0,0.0,0.0,0.0,0.0,0.0,0.0,0.0,0.0,72.796
3,48,156,12,DequantSwigluQuant,DequantSwigluQuant,dynamic,AI_VECTOR_CORE,1788186149730764.575	,7.820,0.580000,36,0,NO,"""9216,4096;1,4096;9216;;1,2048;;1""",INT32;FLOAT;FLOAT;DT_UNDEFINED;FLOAT;DT_UNDEFINED;INT64,ND;ND;ND;NULL;ND;NULL;ND,"""9216,2048;9216""",INT8;FLOAT,ND;ND,N/A,0.0,0,0.0,0.0,0.0,0.0,0.0,0.0,0.0,0.0,0.0,0.0,0.0,3.606,214202,0.056,0.016,0.769,0.213,0.029,0.008,0.005,0.001,0.197,0.000
3,48,157,12,aclnnGroupedMatmulV5_GroupedMatmul_GroupedMatmul,GroupedMatmul,dynamic,MIX_AIC,1788186149730773.615	,33.920,1.180000,20,20,NO,"""9216,2048;1,2048,7168;;1,7168;;;;1;9216""",INT8;INT8;INT32;DT_BF16;FLOAT;FLOAT16;FLOAT16;INT64;FLOAT,ND;NCL;ND;ND;ND;ND;ND;ND;ND,"""9216,7168""",DT_BF16,ND,0,25.816,851929,1.453,0.056,9.827,0.381,4.691,0.182,18.54,0.718,5.038,0.195,0.048,25.719,848728,0.2,0.008,3.858,0.15,0.627,0.024,0.179,0.007,0.098,76.109
3,48,158,12,aclnnDynamicQuantV2_DynamicQuant_DynamicQuant,DynamicQuant,dynamic,AI_VECTOR_CORE,1788186149730808.735	,331.640,1.330000,40,0,NO,"""9216,7168""",DT_BF16,ND,"""9216,7168;9216""",INT8;FLOAT,ND;ND,N/A,0.0,0,0.0,0.0,0.0,0.0,0.0,0.0,0.0,0.0,0.0,0.0,0.0,326.856,21572489,188.508,0.577,19.942,0.061,294.086,0.9,156.266,0.478,0.004,0.000
3,48,159,12,clear_ops,clear_ops,dynamic,MIX_AIC,1788186149731141.295	,28.160,0.860000,20,40,NO,N/A,N/A,N/A,N/A,N/A,N/A,0,25.91,855043,0.0,0.0,4.47,0.173,0.001,0.0,0.001,0.0,0.001,0.0,0.099,25.808,1703300,0.008,0.0,3.793,0.147,0.001,0.0,0.001,0.0,0.149,92.011
3,48,160,12,aclnnGroupedMatmulV5_GroupedMatmul_GroupedMatmul,GroupedMatmul,dynamic,MIX_AIC,1788186149731172.275	,51.180,2.840000,20,0,NO,"""9216,7168;1,7168,4096;;;;;;1""",INT8;INT8;INT32;UINT64;FLOAT;FLOAT16;FLOAT16;INT64,ND;NCL;ND;ND;ND;ND;ND;ND,"""9216,4096""",INT32,ND,0,37.545,1238998,2.905,0.077,5.681,0.151,9.382,0.25,32.928,0.877,2.495,0.066,0.031,0.0,0,0.0,0.0,0.0,0.0,0.0,0.0,0.0,0.0,0.0,73.360
3,48,161,12,DequantSwigluQuant,DequantSwigluQuant,dynamic,AI_VECTOR_CORE,1788186149731224.435	,10.280,1.070000,36,0,NO,"""9216,4096;1,4096;9216;;1,2048;;1""",INT32;FLOAT;FLOAT;DT_UNDEFINED;FLOAT;DT_UNDEFINED;INT64,ND;ND;ND;NULL;ND;NULL;ND,"""9216,2048;9216""",INT8;FLOAT,ND;ND,N/A,0.0,0,0.0,0.0,0.0,0.0,0.0,0.0,0.0,0.0,0.0,0.0,0.0,6.54,388496,0.056,0.009,2.28,0.349,0.106,0.016,0.005,0.001,0.19,0.000
3,48,162,12,aclnnGroupedMatmulV5_GroupedMatmul_GroupedMatmul,GroupedMatmul,dynamic,MIX_AIC,1788186149731235.875	,35.620,1.220000,20,20,NO,"""9216,2048;1,2048,7168;;1,7168;;;;1;9216""",INT8;INT8;INT32;DT_BF16;FLOAT;FLOAT16;FLOAT16;INT64;FLOAT,ND;NCL;ND;ND;ND;ND;ND;ND;ND,"""9216,7168""",DT_BF16,ND,0,26.414,871654,1.453,0.055,10.158,0.385,4.69,0.178,18.94,0.717,5.203,0.197,0.048,26.303,867993,0.197,0.007,4.248,0.162,0.756,0.029,0.176,0.007,0.095,74.154
3,48,163,12,aclnnDynamicQuantV2_DynamicQuant_DynamicQuant,DynamicQuant,dynamic,AI_VECTOR_CORE,1788186149731272.275	,332.540,0.630000,40,0,NO,"""9216,7168""",DT_BF16,ND,"""9216,7168;9216""",INT8;FLOAT,ND;ND,N/A,0.0,0,0.0,0.0,0.0,0.0,0.0,0.0,0.0,0.0,0.0,0.0,0.0,327.291,21601202,188.507,0.576,20.023,0.061,294.349,0.899,167.027,0.51,0.004,0.000
3,48,164,12,clear_ops,clear_ops,dynamic,MIX_AIC,1788186149731606.015	,29.360,1.210000,20,40,NO,N/A,N/A,N/A,N/A,N/A,N/A,0,27.116,894841,0.0,0.0,4.588,0.169,0.001,0.0,0.001,0.0,0.001,0.0,0.102,27.017,1783143,0.008,0.0,3.795,0.14,0.001,0.0,0.001,0.0,0.148,92.358
3,48,165,12,aclnnGroupedMatmulV5_GroupedMatmul_GroupedMatmul,GroupedMatmul,dynamic,MIX_AIC,1788186149731638.195	,51.420,2.890000,20,0,NO,"""9216,7168;1,7168,4096;;;;;;1""",INT8;INT8;INT32;UINT64;FLOAT;FLOAT16;FLOAT16;INT64,ND;NCL;ND;ND;ND;ND;ND;ND,"""9216,4096""",INT32,ND,0,37.448,1235800,2.905,0.078,5.256,0.14,9.376,0.25,32.952,0.88,2.48,0.066,0.032,0.0,0,0.0,0.0,0.0,0.0,0.0,0.0,0.0,0.0,0.0,72.829
3,48,166,12,DequantSwigluQuant,DequantSwigluQuant,dynamic,AI_VECTOR_CORE,1788186149731690.395	,7.940,0.830000,36,0,NO,"""9216,4096;1,4096;9216;;1,2048;;1""",INT32;FLOAT;FLOAT;DT_UNDEFINED;FLOAT;DT_UNDEFINED;INT64,ND;ND;ND;NULL;ND;NULL;ND,"""9216,2048;9216""",INT8;FLOAT,ND;ND,N/A,0.0,0,0.0,0.0,0.0,0.0,0.0,0.0,0.0,0.0,0.0,0.0,0.0,3.604,214097,0.056,0.016,0.798,0.221,0.019,0.005,0.004,0.001,0.196,0.000
3,48,167,12,aclnnGroupedMatmulV5_GroupedMatmul_GroupedMatmul,GroupedMatmul,dynamic,MIX_AIC,1788186149731699.415	,34.180,1.060000,20,20,NO,"""9216,2048;1,2048,7168;;1,7168;;;;1;9216""",INT8;INT8;INT32;DT_BF16;FLOAT;FLOAT16;FLOAT16;INT64;FLOAT,ND;NCL;ND;ND;ND;ND;ND;ND;ND,"""9216,7168""",DT_BF16,ND,0,26.677,880325,1.453,0.054,10.438,0.391,4.691,0.176,18.668,0.7,5.087,0.191,0.047,26.588,877418,0.197,0.007,4.545,0.171,0.704,0.026,0.176,0.007,0.093,78.047
3,48,168,12,aclnnDynamicQuantV2_DynamicQuant_DynamicQuant,DynamicQuant,dynamic,AI_VECTOR_CORE,1788186149731734.495	,334.240,0.820000,40,0,NO,"""9216,7168""",DT_BF16,ND,"""9216,7168;9216""",INT8;FLOAT,ND;ND,N/A,0.0,0,0.0,0.0,0.0,0.0,0.0,0.0,0.0,0.0,0.0,0.0,0.0,330.415,21807359,188.507,0.571,22.313,0.068,296.608,0.898,162.38,0.491,0.004,0.000
3,48,169,12,clear_ops,clear_ops,dynamic,MIX_AIC,1788186149732069.875	,28.780,1.260000,20,40,NO,N/A,N/A,N/A,N/A,N/A,N/A,0,26.549,876104,0.0,0.0,4.552,0.171,0.001,0.0,0.001,0.0,0.001,0.0,0.103,26.446,1745454,0.008,0.0,3.756,0.142,0.001,0.0,0.001,0.0,0.148,92.247
3,48,170,12,aclnnGroupedMatmulV5_GroupedMatmul_GroupedMatmul,GroupedMatmul,dynamic,MIX_AIC,1788186149732101.455	,50.140,2.720000,20,0,NO,"""9216,7168;1,7168,4096;;;;;;1""",INT8;INT8;INT32;UINT64;FLOAT;FLOAT16;FLOAT16;INT64,ND;NCL;ND;ND;ND;ND;ND;ND,"""9216,4096""",INT32,ND,0,36.733,1212202,2.905,0.079,5.361,0.146,9.378,0.255,32.333,0.88,2.426,0.066,0.03,0.0,0,0.0,0.0,0.0,0.0,0.0,0.0,0.0,0.0,0.0,73.262
3,48,171,12,DequantSwigluQuant,DequantSwigluQuant,dynamic,AI_VECTOR_CORE,1788186149732152.375	,7.640,0.860000,36,0,NO,"""9216,4096;1,4096;9216;;1,2048;;1""",INT32;FLOAT;FLOAT;DT_UNDEFINED;FLOAT;DT_UNDEFINED;INT64,ND;ND;ND;NULL;ND;NULL;ND,"""9216,2048;9216""",INT8;FLOAT,ND;ND,N/A,0.0,0,0.0,0.0,0.0,0.0,0.0,0.0,0.0,0.0,0.0,0.0,0.0,3.747,222545,0.056,0.015,0.826,0.22,0.049,0.013,0.005,0.001,0.199,0.000
3,48,172,12,aclnnGroupedMatmulV5_GroupedMatmul_GroupedMatmul,GroupedMatmul,dynamic,MIX_AIC,1788186149732161.395	,35.200,1.360000,20,20,NO,"""9216,2048;1,2048,7168;;1,7168;;;;1;9216""",INT8;INT8;INT32;DT_BF16;FLOAT;FLOAT16;FLOAT16;INT64;FLOAT,ND;NCL;ND;ND;ND;ND;ND;ND;ND,"""9216,7168""",DT_BF16,ND,0,27.074,893442,1.453,0.054,11.099,0.41,4.687,0.173,18.841,0.696,5.049,0.186,0.046,27.009,891307,0.188,0.007,5.727,0.212,0.763,0.028,0.181,0.007,0.086,76.915
3,48,173,12,aclnnDynamicQuantV2_DynamicQuant_DynamicQuant,DynamicQuant,dynamic,AI_VECTOR_CORE,1788186149732197.795	,330.300,1.050000,40,0,NO,"""9216,7168""",DT_BF16,ND,"""9216,7168;9216""",INT8;FLOAT,ND;ND,N/A,0.0,0,0.0,0.0,0.0,0.0,0.0,0.0,0.0,0.0,0.0,0.0,0.0,326.577,21554056,188.508,0.577,19.946,0.061,293.872,0.9,165.653,0.507,0.004,0.000
3,48,174,12,clear_ops,clear_ops,dynamic,MIX_AIC,1788186149732529.395	,29.380,1.450000,20,40,NO,N/A,N/A,N/A,N/A,N/A,N/A,0,27.133,895401,0.0,0.0,4.52,0.167,0.001,0.0,0.001,0.0,0.001,0.0,0.103,27.032,1784134,0.008,0.0,3.782,0.14,0.001,0.0,0.001,0.0,0.148,92.353
3,48,175,12,aclnnGroupedMatmulV5_GroupedMatmul_GroupedMatmul,GroupedMatmul,dynamic,MIX_AIC,1788186149732561.595	,52.060,2.620000,20,0,NO,"""9216,7168;1,7168,4096;;;;;;1""",INT8;INT8;INT32;UINT64;FLOAT;FLOAT16;FLOAT16;INT64,ND;NCL;ND;ND;ND;ND;ND;ND,"""9216,4096""",INT32,ND,0,36.82,1215047,2.905,0.079,5.215,0.142,9.379,0.255,32.482,0.882,2.462,0.067,0.032,0.0,0,0.0,0.0,0.0,0.0,0.0,0.0,0.0,0.0,0.0,70.725
3,48,176,12,DequantSwigluQuant,DequantSwigluQuant,dynamic,AI_VECTOR_CORE,1788186149732614.375	,7.680,0.940000,36,0,NO,"""9216,4096;1,4096;9216;;1,2048;;1""",INT32;FLOAT;FLOAT;DT_UNDEFINED;FLOAT;DT_UNDEFINED;INT64,ND;ND;ND;NULL;ND;NULL;ND,"""9216,2048;9216""",INT8;FLOAT,ND;ND,N/A,0.0,0,0.0,0.0,0.0,0.0,0.0,0.0,0.0,0.0,0.0,0.0,0.0,3.873,230078,0.056,0.014,0.885,0.229,0.031,0.008,0.005,0.001,0.198,0.000
3,48,177,12,aclnnGroupedMatmulV5_GroupedMatmul_GroupedMatmul,GroupedMatmul,dynamic,MIX_AIC,1788186149732623.395	,37.160,1.320000,20,20,NO,"""9216,2048;1,2048,7168;;1,7168;;;;1;9216""",INT8;INT8;INT32;DT_BF16;FLOAT;FLOAT16;FLOAT16;INT64;FLOAT,ND;NCL;ND;ND;ND;ND;ND;ND;ND,"""9216,7168""",DT_BF16,ND,0,26.097,861203,1.453,0.056,9.95,0.381,4.69,0.18,18.653,0.715,5.139,0.197,0.048,26.001,858041,0.201,0.008,3.889,0.15,0.739,0.028,0.174,0.007,0.099,70.229
3,48,178,12,aclnnDynamicQuantV2_DynamicQuant_DynamicQuant,DynamicQuant,dynamic,AI_VECTOR_CORE,1788186149732661.595	,329.660,0.840000,40,0,NO,"""9216,7168""",DT_BF16,ND,"""9216,7168;9216""",INT8;FLOAT,ND;ND,N/A,0.0,0,0.0,0.0,0.0,0.0,0.0,0.0,0.0,0.0,0.0,0.0,0.0,326.124,21524153,188.509,0.578,19.91,0.061,293.57,0.9,163.356,0.501,0.005,0.000
3,48,179,12,clear_ops,clear_ops,dynamic,MIX_AIC,1788186149732992.635	,28.400,1.590000,20,40,NO,N/A,N/A,N/A,N/A,N/A,N/A,0,26.211,864979,0.0,0.0,4.558,0.174,0.001,0.0,0.001,0.0,0.001,0.0,0.101,26.112,1723400,0.008,0.0,3.788,0.145,0.001,0.0,0.001,0.0,0.149,92.294
3,48,180,12,aclnnGroupedMatmulV5_GroupedMatmul_GroupedMatmul,GroupedMatmul,dynamic,MIX_AIC,1788186149733023.635	,52.300,2.600000,20,0,NO,"""9216,7168;1,7168,4096;;;;;;1""",INT8;INT8;INT32;UINT64;FLOAT;FLOAT16;FLOAT16;INT64,ND;NCL;ND;ND;ND;ND;ND;ND,"""9216,4096""",INT32,ND,0,37.959,1252650,2.905,0.077,5.285,0.139,9.378,0.247,33.637,0.886,2.5,0.066,0.032,0.0,0,0.0,0.0,0.0,0.0,0.0,0.0,0.0,0.0,0.0,72.580
3,48,181,12,DequantSwigluQuant,DequantSwigluQuant,dynamic,AI_VECTOR_CORE,1788186149733076.975	,8.100,0.950000,36,0,NO,"""9216,4096;1,4096;9216;;1,2048;;1""",INT32;FLOAT;FLOAT;DT_UNDEFINED;FLOAT;DT_UNDEFINED;INT64,ND;ND;ND;NULL;ND;NULL;ND,"""9216,2048;9216""",INT8;FLOAT,ND;ND,N/A,0.0,0,0.0,0.0,0.0,0.0,0.0,0.0,0.0,0.0,0.0,0.0,0.0,3.775,224229,0.056,0.015,0.77,0.204,0.029,0.008,0.005,0.001,0.196,0.000
3,48,182,12,aclnnGroupedMatmulV5_GroupedMatmul_GroupedMatmul,GroupedMatmul,dynamic,MIX_AIC,1788186149733086.015	,35.360,0.900000,20,20,NO,"""9216,2048;1,2048,7168;;1,7168;;;;1;9216""",INT8;INT8;INT32;DT_BF16;FLOAT;FLOAT16;FLOAT16;INT64;FLOAT,ND;NCL;ND;ND;ND;ND;ND;ND;ND,"""9216,7168""",DT_BF16,ND,0,27.77,916416,1.453,0.052,11.457,0.413,4.69,0.169,18.931,0.682,5.247,0.189,0.045,27.697,914011,0.188,0.007,6.181,0.223,0.626,0.023,0.179,0.006,0.086,78.536
3,48,183,12,aclnnDynamicQuantV2_DynamicQuant_DynamicQuant,DynamicQuant,dynamic,AI_VECTOR_CORE,1788186149733122.375	,332.400,1.140000,40,0,NO,"""9216,7168""",DT_BF16,ND,"""9216,7168;9216""",INT8;FLOAT,ND;ND,N/A,0.0,0,0.0,0.0,0.0,0.0,0.0,0.0,0.0,0.0,0.0,0.0,0.0,326.191,21528627,188.508,0.578,19.937,0.061,293.45,0.9,162.815,0.499,0.004,0.000
3,48,184,12,clear_ops,clear_ops,dynamic,MIX_AIC,1788186149733455.915	,28.340,1.100000,20,40,NO,N/A,N/A,N/A,N/A,N/A,N/A,0,26.12,861955,0.0,0.0,4.619,0.177,0.001,0.0,0.001,0.0,0.001,0.0,0.101,26.018,1717179,0.008,0.0,3.883,0.149,0.001,0.0,0.001,0.0,0.149,92.166
3,48,185,12,aclnnGroupedMatmulV5_GroupedMatmul_GroupedMatmul,GroupedMatmul,dynamic,MIX_AIC,1788186149733486.855	,50.400,2.410000,20,0,NO,"""9216,7168;1,7168,4096;;;;;;1""",INT8;INT8;INT32;UINT64;FLOAT;FLOAT16;FLOAT16;INT64,ND;NCL;ND;ND;ND;ND;ND;ND,"""9216,4096""",INT32,ND,0,37.201,1227643,2.905,0.078,5.35,0.144,9.375,0.252,32.874,0.884,2.487,0.067,0.031,0.0,0,0.0,0.0,0.0,0.0,0.0,0.0,0.0,0.0,0.0,73.812
3,48,186,12,DequantSwigluQuant,DequantSwigluQuant,dynamic,AI_VECTOR_CORE,1788186149733538.455	,7.560,1.350000,36,0,NO,"""9216,4096;1,4096;9216;;1,2048;;1""",INT32;FLOAT;FLOAT;DT_UNDEFINED;FLOAT;DT_UNDEFINED;INT64,ND;ND;ND;NULL;ND;NULL;ND,"""9216,2048;9216""",INT8;FLOAT,ND;ND,N/A,0.0,0,0.0,0.0,0.0,0.0,0.0,0.0,0.0,0.0,0.0,0.0,0.0,3.862,229386,0.056,0.015,0.785,0.203,0.084,0.022,0.005,0.001,0.198,0.000
3,48,187,12,aclnnGroupedMatmulV5_GroupedMatmul_GroupedMatmul,GroupedMatmul,dynamic,MIX_AIC,1788186149733547.475	,34.580,1.440000,20,20,NO,"""9216,2048;1,2048,7168;;1,7168;;;;1;9216""",INT8;INT8;INT32;DT_BF16;FLOAT;FLOAT16;FLOAT16;INT64;FLOAT,ND;NCL;ND;ND;ND;ND;ND;ND;ND,"""9216,7168""",DT_BF16,ND,0,26.002,858076,1.453,0.056,9.856,0.379,4.691,0.18,18.672,0.718,5.035,0.194,0.048,25.903,854801,0.195,0.008,3.556,0.137,0.774,0.03,0.177,0.007,0.099,75.195
3,48,188,12,aclnnDynamicQuantV2_DynamicQuant_DynamicQuant,DynamicQuant,dynamic,AI_VECTOR_CORE,1788186149733583.255	,332.920,1.170000,40,0,NO,"""9216,7168""",DT_BF16,ND,"""9216,7168;9216""",INT8;FLOAT,ND;ND,N/A,0.0,0,0.0,0.0,0.0,0.0,0.0,0.0,0.0,0.0,0.0,0.0,0.0,327.772,21632922,188.507,0.575,20.002,0.061,294.929,0.9,168.553,0.514,0.005,0.000
3,48,189,12,clear_ops,clear_ops,dynamic,MIX_AIC,1788186149733917.295	,29.540,1.080000,20,40,NO,N/A,N/A,N/A,N/A,N/A,N/A,0,27.265,899750,0.0,0.0,4.625,0.17,0.001,0.0,0.001,0.0,0.001,0.0,0.102,27.165,1792890,0.008,0.0,3.855,0.142,0.001,0.0,0.001,0.0,0.149,92.299
3,48,190,12,aclnnGroupedMatmulV5_GroupedMatmul_GroupedMatmul,GroupedMatmul,dynamic,MIX_AIC,1788186149733949.455	,51.980,2.710000,20,0,NO,"""9216,7168;1,7168,4096;;;;;;1""",INT8;INT8;INT32;UINT64;FLOAT;FLOAT16;FLOAT16;INT64,ND;NCL;ND;ND;ND;ND;ND;ND,"""9216,4096""",INT32,ND,0,37.249,1229227,2.905,0.078,5.18,0.139,9.379,0.252,32.975,0.885,2.503,0.067,0.031,0.0,0,0.0,0.0,0.0,0.0,0.0,0.0,0.0,0.0,0.0,71.661
3,48,191,12,DequantSwigluQuant,DequantSwigluQuant,dynamic,AI_VECTOR_CORE,1788186149734002.175	,7.440,0.770000,36,0,NO,"""9216,4096;1,4096;9216;;1,2048;;1""",INT32;FLOAT;FLOAT;DT_UNDEFINED;FLOAT;DT_UNDEFINED;INT64,ND;ND;ND;NULL;ND;NULL;ND,"""9216,2048;9216""",INT8;FLOAT,ND;ND,N/A,0.0,0,0.0,0.0,0.0,0.0,0.0,0.0,0.0,0.0,0.0,0.0,0.0,3.561,211538,0.056,0.016,0.811,0.228,0.021,0.006,0.004,0.001,0.197,0.000
3,48,192,12,aclnnGroupedMatmulV5_GroupedMatmul_GroupedMatmul,GroupedMatmul,dynamic,MIX_AIC,1788186149734010.615	,34.460,0.810000,20,20,NO,"""9216,2048;1,2048,7168;;1,7168;;;;1;9216""",INT8;INT8;INT32;DT_BF16;FLOAT;FLOAT16;FLOAT16;INT64;FLOAT,ND;NCL;ND;ND;ND;ND;ND;ND;ND,"""9216,7168""",DT_BF16,ND,0,25.746,849613,1.453,0.056,9.417,0.366,4.69,0.182,18.746,0.728,5.001,0.194,0.048,25.649,846425,0.199,0.008,3.495,0.136,0.715,0.028,0.176,0.007,0.103,74.712
3,48,193,12,aclnnDynamicQuantV2_DynamicQuant_DynamicQuant,DynamicQuant,dynamic,AI_VECTOR_CORE,1788186149734045.775	,333.180,0.790000,40,0,NO,"""9216,7168""",DT_BF16,ND,"""9216,7168;9216""",INT8;FLOAT,ND;ND,N/A,0.0,0,0.0,0.0,0.0,0.0,0.0,0.0,0.0,0.0,0.0,0.0,0.0,327.928,21643263,188.507,0.575,19.984,0.061,294.78,0.899,170.634,0.52,0.005,0.000
3,48,194,12,clear_ops,clear_ops,dynamic,MIX_AIC,1788186149734380.395	,28.180,1.570000,20,40,NO,N/A,N/A,N/A,N/A,N/A,N/A,0,25.948,856289,0.0,0.0,4.514,0.174,0.001,0.0,0.001,0.0,0.001,0.0,0.101,25.848,1705945,0.008,0.0,3.782,0.146,0.001,0.0,0.001,0.0,0.149,92.080
3,48,195,12,aclnnGroupedMatmulV5_GroupedMatmul_GroupedMatmul,GroupedMatmul,dynamic,MIX_AIC,1788186149734411.375	,51.340,2.820000,20,0,NO,"""9216,7168;1,7168,4096;;;;;;1""",INT8;INT8;INT32;UINT64;FLOAT;FLOAT16;FLOAT16;INT64,ND;NCL;ND;ND;ND;ND;ND;ND,"""9216,4096""",INT32,ND,0,36.858,1216329,2.905,0.079,5.104,0.138,9.378,0.254,32.508,0.882,2.53,0.069,0.032,0.0,0,0.0,0.0,0.0,0.0,0.0,0.0,0.0,0.0,0.0,71.793
3,48,196,12,DequantSwigluQuant,DequantSwigluQuant,dynamic,AI_VECTOR_CORE,1788186149734463.515	,10.860,0.660000,36,0,NO,"""9216,4096;1,4096;9216;;1,2048;;1""",INT32;FLOAT;FLOAT;DT_UNDEFINED;FLOAT;DT_UNDEFINED;INT64,ND;ND;ND;NULL;ND;NULL;ND,"""9216,2048;9216""",INT8;FLOAT,ND;ND,N/A,0.0,0,0.0,0.0,0.0,0.0,0.0,0.0,0.0,0.0,0.0,0.0,0.0,6.565,389985,0.056,0.009,2.43,0.37,0.085,0.013,0.005,0.001,0.19,0.000
3,48,197,12,aclnnGroupedMatmulV5_GroupedMatmul_GroupedMatmul,GroupedMatmul,dynamic,MIX_AIC,1788186149734475.535	,35.480,1.140000,20,20,NO,"""9216,2048;1,2048,7168;;1,7168;;;;1;9216""",INT8;INT8;INT32;DT_BF16;FLOAT;FLOAT16;FLOAT16;INT64;FLOAT,ND;NCL;ND;ND;ND;ND;ND;ND;ND,"""9216,7168""",DT_BF16,ND,0,27.997,923899,1.453,0.052,11.692,0.418,4.687,0.167,18.818,0.672,5.103,0.182,0.045,27.939,921979,0.188,0.007,6.648,0.238,0.801,0.029,0.181,0.006,0.086,78.909
3,48,198,12,aclnnDynamicQuantV2_DynamicQuant_DynamicQuant,DynamicQuant,dynamic,AI_VECTOR_CORE,1788186149734511.915	,330.860,1.020000,40,0,NO,"""9216,7168""",DT_BF16,ND,"""9216,7168;9216""",INT8;FLOAT,ND;ND,N/A,0.0,0,0.0,0.0,0.0,0.0,0.0,0.0,0.0,0.0,0.0,0.0,0.0,326.907,21575854,188.507,0.577,19.995,0.061,293.935,0.899,163.986,0.502,0.004,0.000
3,48,199,12,clear_ops,clear_ops,dynamic,MIX_AIC,1788186149734844.115	,27.960,1.140000,20,40,NO,N/A,N/A,N/A,N/A,N/A,N/A,0,25.665,846935,0.0,0.0,4.423,0.172,0.001,0.0,0.001,0.0,0.001,0.0,0.102,25.563,1687183,0.008,0.0,3.733,0.146,0.001,0.0,0.001,0.0,0.148,91.791
3,48,200,12,aclnnGroupedMatmulV5_GroupedMatmul_GroupedMatmul,GroupedMatmul,dynamic,MIX_AIC,1788186149734875.035	,52.400,3.040000,20,0,NO,"""9216,7168;1,7168,4096;;;;;;1""",INT8;INT8;INT32;UINT64;FLOAT;FLOAT16;FLOAT16;INT64,ND;NCL;ND;ND;ND;ND;ND;ND,"""9216,4096""",INT32,ND,0,37.011,1221353,2.905,0.078,6.71,0.181,9.38,0.253,31.821,0.86,2.419,0.065,0.028,0.0,0,0.0,0.0,0.0,0.0,0.0,0.0,0.0,0.0,0.0,70.631
3,48,201,12,DequantSwigluQuant,DequantSwigluQuant,dynamic,AI_VECTOR_CORE,1788186149734928.395	,7.540,1.100000,36,0,NO,"""9216,4096;1,4096;9216;;1,2048;;1""",INT32;FLOAT;FLOAT;DT_UNDEFINED;FLOAT;DT_UNDEFINED;INT64,ND;ND;ND;NULL;ND;NULL;ND,"""9216,2048;9216""",INT8;FLOAT,ND;ND,N/A,0.0,0,0.0,0.0,0.0,0.0,0.0,0.0,0.0,0.0,0.0,0.0,0.0,3.845,228406,0.056,0.015,0.881,0.229,0.037,0.01,0.005,0.001,0.195,0.000
3,48,202,12,aclnnGroupedMatmulV5_GroupedMatmul_GroupedMatmul,GroupedMatmul,dynamic,MIX_AIC,1788186149734936.835	,34.520,0.710000,20,20,NO,"""9216,2048;1,2048,7168;;1,7168;;;;1;9216""",INT8;INT8;INT32;DT_BF16;FLOAT;FLOAT16;FLOAT16;INT64;FLOAT,ND;NCL;ND;ND;ND;ND;ND;ND;ND,"""9216,7168""",DT_BF16,ND,0,26.504,874628,1.453,0.055,10.412,0.393,4.688,0.177,18.733,0.707,5.126,0.193,0.047,26.403,871314,0.192,0.007,4.318,0.164,0.782,0.03,0.174,0.007,0.094,76.778
3,48,203,12,aclnnDynamicQuantV2_DynamicQuant_DynamicQuant,DynamicQuant,dynamic,AI_VECTOR_CORE,1788186149734972.615	,331.580,1.230000,40,0,NO,"""9216,7168""",DT_BF16,ND,"""9216,7168;9216""",INT8;FLOAT,ND;ND,N/A,0.0,0,0.0,0.0,0.0,0.0,0.0,0.0,0.0,0.0,0.0,0.0,0.0,326.357,21539547,188.507,0.578,19.933,0.061,293.483,0.899,170.07,0.521,0.004,0.000
3,48,204,12,clear_ops,clear_ops,dynamic,MIX_AIC,1788186149735305.555	,28.360,1.420000,20,40,NO,N/A,N/A,N/A,N/A,N/A,N/A,0,26.177,863837,0.0,0.0,4.539,0.173,0.001,0.0,0.001,0.0,0.001,0.0,0.101,26.079,1721241,0.008,0.0,3.801,0.146,0.001,0.0,0.001,0.0,0.148,92.302
3,48,205,12,aclnnGroupedMatmulV5_GroupedMatmul_GroupedMatmul,GroupedMatmul,dynamic,MIX_AIC,1788186149735336.535	,50.140,2.640000,20,0,NO,"""9216,7168;1,7168,4096;;;;;;1""",INT8;INT8;INT32;UINT64;FLOAT;FLOAT16;FLOAT16;INT64,ND;NCL;ND;ND;ND;ND;ND;ND,"""9216,4096""",INT32,ND,0,36.85,1216063,2.905,0.079,5.223,0.142,9.381,0.255,32.477,0.881,2.495,0.068,0.032,0.0,0,0.0,0.0,0.0,0.0,0.0,0.0,0.0,0.0,0.0,73.495
3,48,206,12,DequantSwigluQuant,DequantSwigluQuant,dynamic,AI_VECTOR_CORE,1788186149735387.475	,7.740,0.860000,36,0,NO,"""9216,4096;1,4096;9216;;1,2048;;1""",INT32;FLOAT;FLOAT;DT_UNDEFINED;FLOAT;DT_UNDEFINED;INT64,ND;ND;ND;NULL;ND;NULL;ND,"""9216,2048;9216""",INT8;FLOAT,ND;ND,N/A,0.0,0,0.0,0.0,0.0,0.0,0.0,0.0,0.0,0.0,0.0,0.0,0.0,3.714,220623,0.056,0.015,0.755,0.203,0.024,0.006,0.005,0.001,0.198,0.000
3,48,207,12,aclnnGroupedMatmulV5_GroupedMatmul_GroupedMatmul,GroupedMatmul,dynamic,MIX_AIC,1788186149735396.495	,34.160,1.260000,20,20,NO,"""9216,2048;1,2048,7168;;1,7168;;;;1;9216""",INT8;INT8;INT32;DT_BF16;FLOAT;FLOAT16;FLOAT16;INT64;FLOAT,ND;NCL;ND;ND;ND;ND;ND;ND;ND,"""9216,7168""",DT_BF16,ND,0,25.914,855150,1.453,0.056,10.047,0.388,4.688,0.181,18.477,0.713,5.007,0.193,0.048,25.836,852575,0.197,0.008,4.209,0.163,0.637,0.025,0.179,0.007,0.095,75.860
3,48,208,12,aclnnDynamicQuantV2_DynamicQuant_DynamicQuant,DynamicQuant,dynamic,AI_VECTOR_CORE,1788186149735431.635	,331.440,1.090000,40,0,NO,"""9216,7168""",DT_BF16,ND,"""9216,7168;9216""",INT8;FLOAT,ND;ND,N/A,0.0,0,0.0,0.0,0.0,0.0,0.0,0.0,0.0,0.0,0.0,0.0,0.0,326.381,21541167,188.508,0.578,19.968,0.061,293.752,0.9,165.85,0.508,0.004,0.000
3,48,209,12,clear_ops,clear_ops,dynamic,MIX_AIC,1788186149735763.995	,27.700,0.810000,20,40,NO,N/A,N/A,N/A,N/A,N/A,N/A,0,25.485,841001,0.0,0.0,4.627,0.182,0.001,0.0,0.001,0.0,0.001,0.0,0.103,25.382,1675222,0.008,0.0,3.753,0.148,0.001,0.0,0.001,0.0,0.149,92.003
3,48,210,12,aclnnGroupedMatmulV5_GroupedMatmul_GroupedMatmul,GroupedMatmul,dynamic,MIX_AIC,1788186149735794.375	,51.140,2.800000,20,0,NO,"""9216,7168;1,7168,4096;;;;;;1""",INT8;INT8;INT32;UINT64;FLOAT;FLOAT16;FLOAT16;INT64,ND;NCL;ND;ND;ND;ND;ND;ND,"""9216,4096""",INT32,ND,0,36.607,1208036,2.905,0.079,5.163,0.141,9.376,0.256,32.272,0.882,2.502,0.068,0.032,0.0,0,0.0,0.0,0.0,0.0,0.0,0.0,0.0,0.0,0.0,71.582
3,48,211,12,DequantSwigluQuant,DequantSwigluQuant,dynamic,AI_VECTOR_CORE,1788186149735846.555	,7.340,0.860000,36,0,NO,"""9216,4096;1,4096;9216;;1,2048;;1""",INT32;FLOAT;FLOAT;DT_UNDEFINED;FLOAT;DT_UNDEFINED;INT64,ND;ND;ND;NULL;ND;NULL;ND,"""9216,2048;9216""",INT8;FLOAT,ND;ND,N/A,0.0,0,0.0,0.0,0.0,0.0,0.0,0.0,0.0,0.0,0.0,0.0,0.0,3.813,226492,0.056,0.015,0.792,0.208,0.072,0.019,0.005,0.001,0.201,0.000
3,48,212,12,aclnnGroupedMatmulV5_GroupedMatmul_GroupedMatmul,GroupedMatmul,dynamic,MIX_AIC,1788186149735855.015	,34.480,1.160000,20,20,NO,"""9216,2048;1,2048,7168;;1,7168;;;;1;9216""",INT8;INT8;INT32;DT_BF16;FLOAT;FLOAT16;FLOAT16;INT64;FLOAT,ND;NCL;ND;ND;ND;ND;ND;ND;ND,"""9216,7168""",DT_BF16,ND,0,26.927,888580,1.453,0.054,10.568,0.392,4.693,0.174,18.809,0.699,5.077,0.189,0.048,26.832,885447,0.192,0.007,4.725,0.176,0.797,0.03,0.177,0.007,0.091,78.094
3,48,213,12,aclnnDynamicQuantV2_DynamicQuant_DynamicQuant,DynamicQuant,dynamic,AI_VECTOR_CORE,1788186149735890.155	,331.880,0.770000,40,0,NO,"""9216,7168""",DT_BF16,ND,"""9216,7168;9216""",INT8;FLOAT,ND;ND,N/A,0.0,0,0.0,0.0,0.0,0.0,0.0,0.0,0.0,0.0,0.0,0.0,0.0,328.555,21684612,188.51,0.574,19.965,0.061,296.044,0.901,165.737,0.504,0.005,0.000
3,48,214,12,clear_ops,clear_ops,dynamic,MIX_AIC,1788186149736223.015	,28.640,0.870000,20,40,NO,N/A,N/A,N/A,N/A,N/A,N/A,0,26.433,872275,0.0,0.0,4.565,0.173,0.001,0.0,0.001,0.0,0.001,0.0,0.101,26.333,1737978,0.008,0.0,3.803,0.144,0.001,0.0,0.001,0.0,0.148,92.293
3,48,215,12,aclnnGroupedMatmulV5_GroupedMatmul_GroupedMatmul,GroupedMatmul,dynamic,MIX_AIC,1788186149736254.635	,52.160,3.110000,20,0,NO,"""9216,7168;1,7168,4096;;;;;;1""",INT8;INT8;INT32;UINT64;FLOAT;FLOAT16;FLOAT16;INT64,ND;NCL;ND;ND;ND;ND;ND;ND,"""9216,4096""",INT32,ND,0,38.004,1254147,2.905,0.076,5.724,0.151,9.382,0.247,33.362,0.878,2.497,0.066,0.031,0.0,0,0.0,0.0,0.0,0.0,0.0,0.0,0.0,0.0,0.0,72.861
3,48,216,12,DequantSwigluQuant,DequantSwigluQuant,dynamic,AI_VECTOR_CORE,1788186149736308.015	,7.780,1.090000,36,0,NO,"""9216,4096;1,4096;9216;;1,2048;;1""",INT32;FLOAT;FLOAT;DT_UNDEFINED;FLOAT;DT_UNDEFINED;INT64,ND;ND;ND;NULL;ND;NULL;ND,"""9216,2048;9216""",INT8;FLOAT,ND;ND,N/A,0.0,0,0.0,0.0,0.0,0.0,0.0,0.0,0.0,0.0,0.0,0.0,0.0,3.573,212241,0.056,0.016,0.799,0.224,0.021,0.006,0.004,0.001,0.198,0.000
3,48,217,12,aclnnGroupedMatmulV5_GroupedMatmul_GroupedMatmul,GroupedMatmul,dynamic,MIX_AIC,1788186149736317.055	,35.760,1.220000,20,20,NO,"""9216,2048;1,2048,7168;;1,7168;;;;1;9216""",INT8;INT8;INT32;DT_BF16;FLOAT;FLOAT16;FLOAT16;INT64;FLOAT,ND;NCL;ND;ND;ND;ND;ND;ND;ND,"""9216,7168""",DT_BF16,ND,0,26.835,885540,1.453,0.054,10.709,0.399,4.691,0.175,18.727,0.698,4.984,0.186,0.047,26.773,883502,0.196,0.007,4.634,0.173,0.712,0.027,0.176,0.007,0.092,75.041
3,48,218,12,aclnnDynamicQuantV2_DynamicQuant_DynamicQuant,DynamicQuant,dynamic,AI_VECTOR_CORE,1788186149736353.995	,331.560,1.240000,40,0,NO,"""9216,7168""",DT_BF16,ND,"""9216,7168;9216""",INT8;FLOAT,ND;ND,N/A,0.0,0,0.0,0.0,0.0,0.0,0.0,0.0,0.0,0.0,0.0,0.0,0.0,328.136,21656986,188.509,0.574,20.009,0.061,295.305,0.9,166.03,0.506,0.005,0.000
3,48,219,12,clear_ops,clear_ops,dynamic,MIX_AIC,1788186149736686.495	,28.860,0.940000,20,40,NO,N/A,N/A,N/A,N/A,N/A,N/A,0,26.683,880532,0.0,0.0,4.507,0.169,0.001,0.0,0.001,0.0,0.001,0.0,0.103,26.583,1754458,0.008,0.0,3.723,0.14,0.001,0.0,0.001,0.0,0.148,92.456
3,48,220,12,aclnnGroupedMatmulV5_GroupedMatmul_GroupedMatmul,GroupedMatmul,dynamic,MIX_AIC,1788186149736718.035	,50.700,2.640000,20,0,NO,"""9216,7168;1,7168,4096;;;;;;1""",INT8;INT8;INT32;UINT64;FLOAT;FLOAT16;FLOAT16;INT64,ND;NCL;ND;ND;ND;ND;ND;ND,"""9216,4096""",INT32,ND,0,36.879,1217002,2.905,0.079,5.1,0.138,9.377,0.254,32.562,0.883,2.522,0.068,0.032,0.0,0,0.0,0.0,0.0,0.0,0.0,0.0,0.0,0.0,0.0,72.739
3,48,221,12,DequantSwigluQuant,DequantSwigluQuant,dynamic,AI_VECTOR_CORE,1788186149736769.575	,7.500,0.800000,36,0,NO,"""9216,4096;1,4096;9216;;1,2048;;1""",INT32;FLOAT;FLOAT;DT_UNDEFINED;FLOAT;DT_UNDEFINED;INT64,ND;ND;ND;NULL;ND;NULL;ND,"""9216,2048;9216""",INT8;FLOAT,ND;ND,N/A,0.0,0,0.0,0.0,0.0,0.0,0.0,0.0,0.0,0.0,0.0,0.0,0.0,3.841,228158,0.056,0.015,0.839,0.218,0.056,0.015,0.005,0.001,0.201,0.000
3,48,222,12,aclnnGroupedMatmulV5_GroupedMatmul_GroupedMatmul,GroupedMatmul,dynamic,MIX_AIC,1788186149736778.015	,34.900,1.000000,20,20,NO,"""9216,2048;1,2048,7168;;1,7168;;;;1;9216""",INT8;INT8;INT32;DT_BF16;FLOAT;FLOAT16;FLOAT16;INT64;FLOAT,ND;NCL;ND;ND;ND;ND;ND;ND;ND,"""9216,7168""",DT_BF16,ND,0,25.717,848655,1.453,0.056,9.373,0.364,4.689,0.182,18.674,0.726,5.043,0.196,0.05,25.566,843673,0.198,0.008,3.503,0.137,0.733,0.029,0.187,0.007,0.099,73.687
3,48,223,12,aclnnDynamicQuantV2_DynamicQuant_DynamicQuant,DynamicQuant,dynamic,AI_VECTOR_CORE,1788186149736813.795	,330.460,0.850000,40,0,NO,"""9216,7168""",DT_BF16,ND,"""9216,7168;9216""",INT8;FLOAT,ND;ND,N/A,0.0,0,0.0,0.0,0.0,0.0,0.0,0.0,0.0,0.0,0.0,0.0,0.0,326.221,21530565,188.508,0.578,19.964,0.061,293.534,0.9,169.142,0.518,0.005,0.000
3,48,224,12,clear_ops,clear_ops,dynamic,MIX_AIC,1788186149737145.555	,27.420,1.290000,20,40,NO,N/A,N/A,N/A,N/A,N/A,N/A,0,25.165,830450,0.0,0.0,4.526,0.18,0.001,0.0,0.001,0.0,0.001,0.0,0.101,25.064,1654210,0.008,0.0,3.761,0.15,0.001,0.0,0.001,0.0,0.149,91.777
3,48,225,12,aclnnGroupedMatmulV5_GroupedMatmul_GroupedMatmul,GroupedMatmul,dynamic,MIX_AIC,1788186149737175.915	,50.580,3.080000,20,0,NO,"""9216,7168;1,7168,4096;;;;;;1""",INT8;INT8;INT32;UINT64;FLOAT;FLOAT16;FLOAT16;INT64,ND;NCL;ND;ND;ND;ND;ND;ND,"""9216,4096""",INT32,ND,0,37.16,1226286,2.905,0.078,5.365,0.144,9.376,0.252,32.859,0.884,2.508,0.068,0.032,0.0,0,0.0,0.0,0.0,0.0,0.0,0.0,0.0,0.0,0.0,73.468
3,48,226,12,DequantSwigluQuant,DequantSwigluQuant,dynamic,AI_VECTOR_CORE,1788186149737227.475	,7.540,0.920000,36,0,NO,"""9216,4096;1,4096;9216;;1,2048;;1""",INT32;FLOAT;FLOAT;DT_UNDEFINED;FLOAT;DT_UNDEFINED;INT64,ND;ND;ND;NULL;ND;NULL;ND,"""9216,2048;9216""",INT8;FLOAT,ND;ND,N/A,0.0,0,0.0,0.0,0.0,0.0,0.0,0.0,0.0,0.0,0.0,0.0,0.0,3.852,228781,0.056,0.015,0.886,0.23,0.034,0.009,0.005,0.001,0.196,0.000
3,48,227,12,aclnnGroupedMatmulV5_GroupedMatmul_GroupedMatmul,GroupedMatmul,dynamic,MIX_AIC,1788186149737235.915	,33.920,0.960000,20,20,NO,"""9216,2048;1,2048,7168;;1,7168;;;;1;9216""",INT8;INT8;INT32;DT_BF16;FLOAT;FLOAT16;FLOAT16;INT64;FLOAT,ND;NCL;ND;ND;ND;ND;ND;ND;ND,"""9216,7168""",DT_BF16,ND,0,26.306,868089,1.453,0.055,9.916,0.377,4.689,0.178,18.86,0.717,5.024,0.191,0.048,26.21,864927,0.198,0.008,3.94,0.15,0.812,0.031,0.174,0.007,0.099,77.552
3,48,228,12,aclnnDynamicQuantV2_DynamicQuant_DynamicQuant,DynamicQuant,dynamic,AI_VECTOR_CORE,1788186149737271.015	,331.380,1.080000,40,0,NO,"""9216,7168""",DT_BF16,ND,"""9216,7168;9216""",INT8;FLOAT,ND;ND,N/A,0.0,0,0.0,0.0,0.0,0.0,0.0,0.0,0.0,0.0,0.0,0.0,0.0,326.952,21578849,188.508,0.577,19.94,0.061,294.266,0.9,165.528,0.506,0.005,0.000
3,48,229,12,clear_ops,clear_ops,dynamic,MIX_AIC,1788186149737603.335	,28.220,0.870000,20,40,NO,N/A,N/A,N/A,N/A,N/A,N/A,0,25.985,857516,0.0,0.0,4.482,0.172,0.001,0.0,0.001,0.0,0.001,0.0,0.102,25.887,1708547,0.008,0.0,3.743,0.145,0.001,0.0,0.001,0.0,0.148,92.081
3,48,230,12,aclnnGroupedMatmulV5_GroupedMatmul_GroupedMatmul,GroupedMatmul,dynamic,MIX_AIC,1788186149737634.275	,51.200,2.780000,20,0,NO,"""9216,7168;1,7168,4096;;;;;;1""",INT8;INT8;INT32;UINT64;FLOAT;FLOAT16;FLOAT16;INT64,ND;NCL;ND;ND;ND;ND;ND;ND,"""9216,4096""",INT32,ND,0,37.974,1253127,2.905,0.077,5.448,0.143,9.378,0.247,33.713,0.888,2.633,0.069,0.031,0.0,0,0.0,0.0,0.0,0.0,0.0,0.0,0.0,0.0,0.0,74.167
3,48,231,12,DequantSwigluQuant,DequantSwigluQuant,dynamic,AI_VECTOR_CORE,1788186149737686.455	,7.740,1.050000,36,0,NO,"""9216,4096;1,4096;9216;;1,2048;;1""",INT32;FLOAT;FLOAT;DT_UNDEFINED;FLOAT;DT_UNDEFINED;INT64,ND;ND;ND;NULL;ND;NULL;ND,"""9216,2048;9216""",INT8;FLOAT,ND;ND,N/A,0.0,0,0.0,0.0,0.0,0.0,0.0,0.0,0.0,0.0,0.0,0.0,0.0,3.73,221550,0.056,0.015,0.778,0.209,0.02,0.005,0.005,0.001,0.197,0.000
3,48,232,12,aclnnGroupedMatmulV5_GroupedMatmul_GroupedMatmul,GroupedMatmul,dynamic,MIX_AIC,1788186149737695.495	,36.060,1.260000,20,20,NO,"""9216,2048;1,2048,7168;;1,7168;;;;1;9216""",INT8;INT8;INT32;DT_BF16;FLOAT;FLOAT16;FLOAT16;INT64;FLOAT,ND;NCL;ND;ND;ND;ND;ND;ND;ND,"""9216,7168""",DT_BF16,ND,0,27.243,899014,1.453,0.053,10.376,0.381,4.69,0.172,19.919,0.731,5.49,0.202,0.048,27.145,895801,0.196,0.007,4.092,0.151,0.603,0.022,0.178,0.007,0.094,75.549
3,48,233,12,aclnnDynamicQuantV2_DynamicQuant_DynamicQuant,DynamicQuant,dynamic,AI_VECTOR_CORE,1788186149737732.435	,341.700,0.940000,40,0,NO,"""9216,7168""",DT_BF16,ND,"""9216,7168;9216""",INT8;FLOAT,ND;ND,N/A,0.0,0,0.0,0.0,0.0,0.0,0.0,0.0,0.0,0.0,0.0,0.0,0.0,334.439,22072984,188.5,0.564,21.973,0.066,300.4,0.898,167.273,0.5,0.004,0.000
3,48,234,12,clear_ops,clear_ops,dynamic,MIX_AIC,1788186149738075.115	,29.400,0.800000,20,40,NO,N/A,N/A,N/A,N/A,N/A,N/A,0,27.179,896916,0.0,0.0,4.574,0.168,0.001,0.0,0.001,0.0,0.001,0.0,0.102,27.077,1787065,0.008,0.0,3.844,0.142,0.001,0.0,0.001,0.0,0.149,92.447
3,48,235,12,aclnnGroupedMatmulV5_GroupedMatmul_GroupedMatmul,GroupedMatmul,dynamic,MIX_AIC,1788186149738107.315	,50.260,2.850000,20,0,NO,"""9216,7168;1,7168,4096;;;;;;1""",INT8;INT8;INT32;UINT64;FLOAT;FLOAT16;FLOAT16;INT64,ND;NCL;ND;ND;ND;ND;ND;ND,"""9216,4096""",INT32,ND,0,36.826,1215245,2.905,0.079,5.333,0.145,9.375,0.255,32.433,0.881,2.465,0.067,0.031,0.0,0,0.0,0.0,0.0,0.0,0.0,0.0,0.0,0.0,0.0,73.270
3,48,236,12,DequantSwigluQuant,DequantSwigluQuant,dynamic,AI_VECTOR_CORE,1788186149738158.775	,7.660,1.240000,36,0,NO,"""9216,4096;1,4096;9216;;1,2048;;1""",INT32;FLOAT;FLOAT;DT_UNDEFINED;FLOAT;DT_UNDEFINED;INT64,ND;ND;ND;NULL;ND;NULL;ND,"""9216,2048;9216""",INT8;FLOAT,ND;ND,N/A,0.0,0,0.0,0.0,0.0,0.0,0.0,0.0,0.0,0.0,0.0,0.0,0.0,3.957,235064,0.056,0.014,0.787,0.199,0.077,0.019,0.005,0.001,0.2,0.000
3,48,237,12,aclnnGroupedMatmulV5_GroupedMatmul_GroupedMatmul,GroupedMatmul,dynamic,MIX_AIC,1788186149738167.815	,35.500,1.340000,20,20,NO,"""9216,2048;1,2048,7168;;1,7168;;;;1;9216""",INT8;INT8;INT32;DT_BF16;FLOAT;FLOAT16;FLOAT16;INT64;FLOAT,ND;NCL;ND;ND;ND;ND;ND;ND;ND,"""9216,7168""",DT_BF16,ND,0,26.951,889381,1.453,0.054,11.097,0.412,4.69,0.174,18.634,0.691,5.176,0.192,0.046,26.882,887116,0.188,0.007,5.765,0.214,0.805,0.03,0.177,0.007,0.087,75.918
3,48,238,12,aclnnDynamicQuantV2_DynamicQuant_DynamicQuant,DynamicQuant,dynamic,AI_VECTOR_CORE,1788186149738204.195	,332.480,1.000000,40,0,NO,"""9216,7168""",DT_BF16,ND,"""9216,7168;9216""",INT8;FLOAT,ND;ND,N/A,0.0,0,0.0,0.0,0.0,0.0,0.0,0.0,0.0,0.0,0.0,0.0,0.0,328.147,21657735,188.508,0.574,19.972,0.061,295.267,0.9,168.72,0.514,0.005,0.000
3,48,239,12,clear_ops,clear_ops,dynamic,MIX_AIC,1788186149738537.775	,28.420,1.020000,20,40,NO,N/A,N/A,N/A,N/A,N/A,N/A,0,26.195,864420,0.0,0.0,4.617,0.176,0.001,0.0,0.001,0.0,0.001,0.0,0.101,26.095,1722267,0.008,0.0,3.802,0.146,0.001,0.0,0.001,0.0,0.149,92.169
3,48,240,12,aclnnGroupedMatmulV5_GroupedMatmul_GroupedMatmul,GroupedMatmul,dynamic,MIX_AIC,1788186149738569.315	,51.020,3.080000,20,0,NO,"""9216,7168;1,7168,4096;;;;;;1""",INT8;INT8;INT32;UINT64;FLOAT;FLOAT16;FLOAT16;INT64,ND;NCL;ND;ND;ND;ND;ND;ND,"""9216,4096""",INT32,ND,0,38.225,1261429,2.905,0.076,5.138,0.134,9.378,0.245,33.735,0.883,2.503,0.065,0.033,0.0,0,0.0,0.0,0.0,0.0,0.0,0.0,0.0,0.0,0.0,74.922
3,48,241,12,DequantSwigluQuant,DequantSwigluQuant,dynamic,AI_VECTOR_CORE,1788186149738621.455	,7.900,1.230000,36,0,NO,"""9216,4096;1,4096;9216;;1,2048;;1""",INT32;FLOAT;FLOAT;DT_UNDEFINED;FLOAT;DT_UNDEFINED;INT64,ND;ND;ND;NULL;ND;NULL;ND,"""9216,2048;9216""",INT8;FLOAT,ND;ND,N/A,0.0,0,0.0,0.0,0.0,0.0,0.0,0.0,0.0,0.0,0.0,0.0,0.0,3.618,214922,0.056,0.015,0.799,0.221,0.019,0.005,0.004,0.001,0.197,0.000
3,48,242,12,aclnnGroupedMatmulV5_GroupedMatmul_GroupedMatmul,GroupedMatmul,dynamic,MIX_AIC,1788186149738630.495	,33.380,1.100000,20,20,NO,"""9216,2048;1,2048,7168;;1,7168;;;;1;9216""",INT8;INT8;INT32;DT_BF16;FLOAT;FLOAT16;FLOAT16;INT64;FLOAT,ND;NCL;ND;ND;ND;ND;ND;ND;ND,"""9216,7168""",DT_BF16,ND,0,25.281,834262,1.453,0.057,9.232,0.365,4.691,0.186,18.407,0.728,4.896,0.194,0.048,25.182,831005,0.199,0.008,3.573,0.142,0.707,0.028,0.177,0.007,0.099,75.736
3,48,243,12,aclnnDynamicQuantV2_DynamicQuant_DynamicQuant,DynamicQuant,dynamic,AI_VECTOR_CORE,1788186149738665.015	,331.240,1.120000,40,0,NO,"""9216,7168""",DT_BF16,ND,"""9216,7168;9216""",INT8;FLOAT,ND;ND,N/A,0.0,0,0.0,0.0,0.0,0.0,0.0,0.0,0.0,0.0,0.0,0.0,0.0,328.06,21651985,188.508,0.575,19.987,0.061,295.533,0.901,172.908,0.527,0.005,0.000
3,48,244,12,clear_ops,clear_ops,dynamic,MIX_AIC,1788186149738997.315	,28.240,1.010000,20,40,NO,N/A,N/A,N/A,N/A,N/A,N/A,0,26.06,859986,0.0,0.0,4.56,0.175,0.001,0.0,0.001,0.0,0.001,0.0,0.101,25.961,1713444,0.008,0.0,3.694,0.142,0.001,0.0,0.001,0.0,0.148,92.281
3,48,245,12,aclnnGroupedMatmulV5_GroupedMatmul_GroupedMatmul,GroupedMatmul,dynamic,MIX_AIC,1788186149739028.295	,52.300,2.760000,20,0,NO,"""9216,7168;1,7168,4096;;;;;;1""",INT8;INT8;INT32;UINT64;FLOAT;FLOAT16;FLOAT16;INT64,ND;NCL;ND;ND;ND;ND;ND;ND,"""9216,4096""",INT32,ND,0,36.67,1210112,2.905,0.079,5.317,0.145,9.375,0.256,32.249,0.879,2.442,0.067,0.031,0.0,0,0.0,0.0,0.0,0.0,0.0,0.0,0.0,0.0,0.0,70.115
3,48,246,12,DequantSwigluQuant,DequantSwigluQuant,dynamic,AI_VECTOR_CORE,1788186149739081.675	,7.180,1.200000,36,0,NO,"""9216,4096;1,4096;9216;;1,2048;;1""",INT32;FLOAT;FLOAT;DT_UNDEFINED;FLOAT;DT_UNDEFINED;INT64,ND;ND;ND;NULL;ND;NULL;ND,"""9216,2048;9216""",INT8;FLOAT,ND;ND,N/A,0.0,0,0.0,0.0,0.0,0.0,0.0,0.0,0.0,0.0,0.0,0.0,0.0,3.69,219161,0.056,0.015,0.853,0.231,0.051,0.014,0.005,0.001,0.196,0.000
3,48,247,12,aclnnGroupedMatmulV5_GroupedMatmul_GroupedMatmul,GroupedMatmul,dynamic,MIX_AIC,1788186149739090.095	,37.560,1.070000,20,20,NO,"""9216,2048;1,2048,7168;;1,7168;;;;1;9216""",INT8;INT8;INT32;DT_BF16;FLOAT;FLOAT16;FLOAT16;INT64;FLOAT,ND;NCL;ND;ND;ND;ND;ND;ND;ND,"""9216,7168""",DT_BF16,ND,0,27.284,900372,1.453,0.053,11.084,0.406,4.687,0.172,18.462,0.677,4.938,0.181,0.046,27.219,898214,0.188,0.007,6.207,0.228,0.787,0.029,0.181,0.007,0.086,72.641
3,48,248,12,aclnnDynamicQuantV2_DynamicQuant_DynamicQuant,DynamicQuant,dynamic,AI_VECTOR_CORE,1788186149739128.335	,331.540,0.690000,40,0,NO,"""9216,7168""",DT_BF16,ND,"""9216,7168;9216""",INT8;FLOAT,ND;ND,N/A,0.0,0,0.0,0.0,0.0,0.0,0.0,0.0,0.0,0.0,0.0,0.0,0.0,326.949,21578608,188.508,0.577,19.94,0.061,294.228,0.9,164.287,0.502,0.004,0.000
3,48,249,12,clear_ops,clear_ops,dynamic,MIX_AIC,1788186149739461.155	,28.620,1.460000,20,40,NO,N/A,N/A,N/A,N/A,N/A,N/A,0,26.368,870128,0.0,0.0,4.561,0.173,0.001,0.0,0.001,0.0,0.001,0.0,0.102,26.269,1733747,0.008,0.0,3.848,0.146,0.001,0.0,0.001,0.0,0.149,92.130
3,4294967295,271,47,aclnnInplaceCopy_TensorMoveAiCore_TensorMove,TensorMove,dynamic,AI_VECTOR_CORE,1788186149743256.795	,185.700,3766.880000,40,0,NO,"""9216,7168""",INT8,ND,"""9216,7168""",INT8,ND,N/A,0.0,0,0.0,0.0,0.0,0.0,0.0,0.0,0.0,0.0,0.0,0.0,0.0,176.188,11628396,0.008,0.0,0.287,0.002,102.132,0.58,71.064,0.403,0.093,0.000
3,48,0,12,aclnnGroupedMatmulV5_GroupedMatmul_GroupedMatmul,GroupedMatmul,dynamic,MIX_AIC,1788186149743559.115	,51.360,116.550000,20,0,NO,"""9216,7168;1,7168,4096;;;;;;1""",INT8;INT8;INT32;UINT64;FLOAT;FLOAT16;FLOAT16;INT64,ND;NCL;ND;ND;ND;ND;ND;ND,"""9216,4096""",INT32,ND,0,38.146,1258820,2.905,0.076,5.304,0.139,9.37,0.246,33.711,0.884,2.508,0.066,0.032,0.0,0,0.0,0.0,0.0,0.0,0.0,0.0,0.0,0.0,0.0,74.272
3,48,1,12,DequantSwigluQuant,DequantSwigluQuant,dynamic,AI_VECTOR_CORE,1788186149743611.235	,7.660,0.890000,36,0,NO,"""9216,4096;1,4096;9216;;1,2048;;1""",INT32;FLOAT;FLOAT;DT_UNDEFINED;FLOAT;DT_UNDEFINED;INT64,ND;ND;ND;NULL;ND;NULL;ND,"""9216,2048;9216""",INT8;FLOAT,ND;ND,N/A,0.0,0,0.0,0.0,0.0,0.0,0.0,0.0,0.0,0.0,0.0,0.0,0.0,3.883,230674,0.056,0.014,0.971,0.25,0.025,0.007,0.005,0.001,0.183,0.000
3,48,2,12,aclnnGroupedMatmulV5_GroupedMatmul_GroupedMatmul,GroupedMatmul,dynamic,MIX_AIC,1788186149743620.275	,36.620,1.340000,20,20,NO,"""9216,2048;1,2048,7168;;1,7168;;;;1;9216""",INT8;INT8;INT32;DT_BF16;FLOAT;FLOAT16;FLOAT16;INT64;FLOAT,ND;NCL;ND;ND;ND;ND;ND;ND;ND,"""9216,7168""",DT_BF16,ND,0,27.188,897196,1.453,0.053,11.194,0.412,4.691,0.173,18.513,0.681,4.906,0.18,0.046,27.105,894459,0.188,0.007,6.319,0.233,0.764,0.028,0.174,0.006,0.085,74.243
3,48,3,12,aclnnDynamicQuantV2_DynamicQuant_DynamicQuant,DynamicQuant,dynamic,AI_VECTOR_CORE,1788186149743657.875	,358.740,1.130000,40,0,NO,"""9216,7168""",DT_BF16,ND,"""9216,7168;9216""",INT8;FLOAT,ND;ND,N/A,0.0,0,0.0,0.0,0.0,0.0,0.0,0.0,0.0,0.0,0.0,0.0,0.0,355.294,23449424,188.509,0.531,19.98,0.056,322.723,0.908,190.103,0.535,0.005,0.000
3,48,4,12,clear_ops,clear_ops,dynamic,MIX_AIC,1788186149744017.595	,30.720,0.760000,20,40,NO,N/A,N/A,N/A,N/A,N/A,N/A,0,28.517,941056,0.0,0.0,4.504,0.158,0.001,0.0,0.001,0.0,0.001,0.0,0.126,28.417,1875524,0.008,0.0,3.75,0.132,0.001,0.0,0.001,0.0,0.15,92.828
3,48,5,12,aclnnGroupedMatmulV5_GroupedMatmul_GroupedMatmul,GroupedMatmul,dynamic,MIX_AIC,1788186149744051.075	,51.320,2.780000,20,0,NO,"""9216,7168;1,7168,4096;;;;;;1""",INT8;INT8;INT32;UINT64;FLOAT;FLOAT16;FLOAT16;INT64,ND;NCL;ND;ND;ND;ND;ND;ND,"""9216,4096""",INT32,ND,0,37.108,1224576,2.905,0.078,5.325,0.143,9.376,0.253,32.629,0.879,2.449,0.066,0.032,0.0,0,0.0,0.0,0.0,0.0,0.0,0.0,0.0,0.0,0.0,72.308
3,48,6,12,DequantSwigluQuant,DequantSwigluQuant,dynamic,AI_VECTOR_CORE,1788186149744103.195	,7.540,0.930000,36,0,NO,"""9216,4096;1,4096;9216;;1,2048;;1""",INT32;FLOAT;FLOAT;DT_UNDEFINED;FLOAT;DT_UNDEFINED;INT64,ND;ND;ND;NULL;ND;NULL;ND,"""9216,2048;9216""",INT8;FLOAT,ND;ND,N/A,0.0,0,0.0,0.0,0.0,0.0,0.0,0.0,0.0,0.0,0.0,0.0,0.0,3.635,215897,0.056,0.015,0.769,0.212,0.027,0.007,0.005,0.001,0.199,0.000
3,48,7,12,aclnnGroupedMatmulV5_GroupedMatmul_GroupedMatmul,GroupedMatmul,dynamic,MIX_AIC,1788186149744111.655	,35.940,0.960000,20,20,NO,"""9216,2048;1,2048,7168;;1,7168;;;;1;9216""",INT8;INT8;INT32;DT_BF16;FLOAT;FLOAT16;FLOAT16;INT64;FLOAT,ND;NCL;ND;ND;ND;ND;ND;ND;ND,"""9216,7168""",DT_BF16,ND,0,26.252,866302,1.453,0.055,9.992,0.381,4.692,0.179,18.702,0.712,5.017,0.191,0.047,26.161,863304,0.199,0.008,4.296,0.164,0.614,0.023,0.18,0.007,0.097,73.043
3,48,8,12,aclnnDynamicQuantV2_DynamicQuant_DynamicQuant,DynamicQuant,dynamic,AI_VECTOR_CORE,1788186149744148.635	,333.100,1.060000,40,0,NO,"""9216,7168""",DT_BF16,ND,"""9216,7168;9216""",INT8;FLOAT,ND;ND,N/A,0.0,0,0.0,0.0,0.0,0.0,0.0,0.0,0.0,0.0,0.0,0.0,0.0,326.783,21567647,188.508,0.577,19.944,0.061,293.818,0.899,167.083,0.511,0.004,0.000
3,48,9,12,clear_ops,clear_ops,dynamic,MIX_AIC,1788186149744482.795	,28.640,0.900000,20,40,NO,N/A,N/A,N/A,N/A,N/A,N/A,0,26.386,870746,0.0,0.0,4.592,0.174,0.001,0.0,0.001,0.0,0.001,0.0,0.101,26.284,1734736,0.008,0.0,3.769,0.143,0.001,0.0,0.001,0.0,0.148,92.131
3,48,10,12,aclnnGroupedMatmulV5_GroupedMatmul_GroupedMatmul,GroupedMatmul,dynamic,MIX_AIC,1788186149744514.395	,51.100,3.110000,20,0,NO,"""9216,7168;1,7168,4096;;;;;;1""",INT8;INT8;INT32;UINT64;FLOAT;FLOAT16;FLOAT16;INT64,ND;NCL;ND;ND;ND;ND;ND;ND,"""9216,4096""",INT32,ND,0,36.501,1204527,2.905,0.08,5.312,0.146,9.377,0.257,32.155,0.881,2.543,0.07,0.031,0.0,0,0.0,0.0,0.0,0.0,0.0,0.0,0.0,0.0,0.0,71.430
3,48,11,12,DequantSwigluQuant,DequantSwigluQuant,dynamic,AI_VECTOR_CORE,1788186149744566.555	,7.780,0.900000,36,0,NO,"""9216,4096;1,4096;9216;;1,2048;;1""",INT32;FLOAT;FLOAT;DT_UNDEFINED;FLOAT;DT_UNDEFINED;INT64,ND;ND;ND;NULL;ND;NULL;ND,"""9216,2048;9216""",INT8;FLOAT,ND;ND,N/A,0.0,0,0.0,0.0,0.0,0.0,0.0,0.0,0.0,0.0,0.0,0.0,0.0,3.804,225987,0.056,0.015,0.794,0.209,0.075,0.02,0.005,0.001,0.199,0.000
3,48,12,12,aclnnGroupedMatmulV5_GroupedMatmul_GroupedMatmul,GroupedMatmul,dynamic,MIX_AIC,1788186149744575.615	,34.400,1.220000,20,20,NO,"""9216,2048;1,2048,7168;;1,7168;;;;1;9216""",INT8;INT8;INT32;DT_BF16;FLOAT;FLOAT16;FLOAT16;INT64;FLOAT,ND;NCL;ND;ND;ND;ND;ND;ND;ND,"""9216,7168""",DT_BF16,ND,0,26.132,862368,1.453,0.056,10.025,0.384,4.69,0.179,18.651,0.714,4.86,0.186,0.048,26.054,859777,0.192,0.007,4.044,0.155,0.847,0.033,0.177,0.007,0.094,75.966
3,48,13,12,aclnnDynamicQuantV2_DynamicQuant_DynamicQuant,DynamicQuant,dynamic,AI_VECTOR_CORE,1788186149744610.775	,333.160,0.850000,40,0,NO,"""9216,7168""",DT_BF16,ND,"""9216,7168;9216""",INT8;FLOAT,ND;ND,N/A,0.0,0,0.0,0.0,0.0,0.0,0.0,0.0,0.0,0.0,0.0,0.0,0.0,328.497,21680831,188.509,0.574,19.972,0.061,295.691,0.9,167.853,0.511,0.005,0.000
3,48,14,12,clear_ops,clear_ops,dynamic,MIX_AIC,1788186149744945.315	,27.700,1.340000,20,40,NO,N/A,N/A,N/A,N/A,N/A,N/A,0,25.474,840638,0.0,0.0,4.536,0.178,0.001,0.0,0.001,0.0,0.001,0.0,0.1,25.374,1674703,0.008,0.0,3.763,0.148,0.001,0.0,0.001,0.0,0.149,91.963
3,48,15,12,aclnnGroupedMatmulV5_GroupedMatmul_GroupedMatmul,GroupedMatmul,dynamic,MIX_AIC,1788186149744975.675	,53.640,2.800000,20,0,NO,"""9216,7168;1,7168,4096;;;;;;1""",INT8;INT8;INT32;UINT64;FLOAT;FLOAT16;FLOAT16;INT64,ND;NCL;ND;ND;ND;ND;ND;ND,"""9216,4096""",INT32,ND,0,38.386,1266736,2.905,0.076,6.823,0.178,9.375,0.244,32.928,0.858,2.511,0.065,0.027,0.0,0,0.0,0.0,0.0,0.0,0.0,0.0,0.0,0.0,0.0,71.562
3,48,16,12,DequantSwigluQuant,DequantSwigluQuant,dynamic,AI_VECTOR_CORE,1788186149745030.255	,7.920,0.860000,36,0,NO,"""9216,4096;1,4096;9216;;1,2048;;1""",INT32;FLOAT;FLOAT;DT_UNDEFINED;FLOAT;DT_UNDEFINED;INT64,ND;ND;ND;NULL;ND;NULL;ND,"""9216,2048;9216""",INT8;FLOAT,ND;ND,N/A,0.0,0,0.0,0.0,0.0,0.0,0.0,0.0,0.0,0.0,0.0,0.0,0.0,3.635,215910,0.056,0.015,0.801,0.22,0.022,0.006,0.004,0.001,0.198,0.000
3,48,17,12,aclnnGroupedMatmulV5_GroupedMatmul_GroupedMatmul,GroupedMatmul,dynamic,MIX_AIC,1788186149745039.295	,33.540,1.080000,20,20,NO,"""9216,2048;1,2048,7168;;1,7168;;;;1;9216""",INT8;INT8;INT32;DT_BF16;FLOAT;FLOAT16;FLOAT16;INT64;FLOAT,ND;NCL;ND;ND;ND;ND;ND;ND;ND,"""9216,7168""",DT_BF16,ND,0,26.221,865292,1.453,0.055,9.796,0.374,4.693,0.179,18.91,0.721,5.205,0.199,0.048,26.119,861920,0.206,0.008,3.496,0.134,0.719,0.028,0.177,0.007,0.103,78.178
3,48,18,12,aclnnDynamicQuantV2_DynamicQuant_DynamicQuant,DynamicQuant,dynamic,AI_VECTOR_CORE,1788186149745073.835	,332.740,0.960000,40,0,NO,"""9216,7168""",DT_BF16,ND,"""9216,7168;9216""",INT8;FLOAT,ND;ND,N/A,0.0,0,0.0,0.0,0.0,0.0,0.0,0.0,0.0,0.0,0.0,0.0,0.0,327.552,21618439,188.507,0.576,19.995,0.061,294.775,0.9,165.278,0.505,0.004,0.000
3,48,19,12,clear_ops,clear_ops,dynamic,MIX_AIC,1788186149745407.595	,28.940,1.010000,20,40,NO,N/A,N/A,N/A,N/A,N/A,N/A,0,26.725,881933,0.0,0.0,4.67,0.175,0.001,0.0,0.001,0.0,0.001,0.0,0.101,26.624,1757201,0.008,0.0,3.84,0.144,0.001,0.0,0.001,0.0,0.148,92.347
3,48,20,12,aclnnGroupedMatmulV5_GroupedMatmul_GroupedMatmul,GroupedMatmul,dynamic,MIX_AIC,1788186149745439.155	,52.140,2.810000,20,0,NO,"""9216,7168;1,7168,4096;;;;;;1""",INT8;INT8;INT32;UINT64;FLOAT;FLOAT16;FLOAT16;INT64,ND;NCL;ND;ND;ND;ND;ND;ND,"""9216,4096""",INT32,ND,0,37.159,1226251,2.905,0.078,5.6,0.151,9.38,0.252,32.647,0.879,2.496,0.067,0.031,0.0,0,0.0,0.0,0.0,0.0,0.0,0.0,0.0,0.0,0.0,71.268
3,48,21,12,DequantSwigluQuant,DequantSwigluQuant,dynamic,AI_VECTOR_CORE,1788186149745492.535	,11.000,1.110000,36,0,NO,"""9216,4096;1,4096;9216;;1,2048;;1""",INT32;FLOAT;FLOAT;DT_UNDEFINED;FLOAT;DT_UNDEFINED;INT64,ND;ND;ND;NULL;ND;NULL;ND,"""9216,2048;9216""",INT8;FLOAT,ND;ND,N/A,0.0,0,0.0,0.0,0.0,0.0,0.0,0.0,0.0,0.0,0.0,0.0,0.0,6.582,390977,0.056,0.009,2.47,0.375,0.088,0.013,0.005,0.001,0.191,0.000
3,48,22,12,aclnnGroupedMatmulV5_GroupedMatmul_GroupedMatmul,GroupedMatmul,dynamic,MIX_AIC,1788186149745504.535	,34.980,1.000000,20,20,NO,"""9216,2048;1,2048,7168;;1,7168;;;;1;9216""",INT8;INT8;INT32;DT_BF16;FLOAT;FLOAT16;FLOAT16;INT64;FLOAT,ND;NCL;ND;ND;ND;ND;ND;ND;ND,"""9216,7168""",DT_BF16,ND,0,26.652,879523,1.453,0.055,10.482,0.393,4.687,0.176,18.784,0.705,5.022,0.188,0.048,26.566,876692,0.19,0.007,4.713,0.177,0.776,0.029,0.182,0.007,0.092,76.193
3,48,23,12,aclnnDynamicQuantV2_DynamicQuant_DynamicQuant,DynamicQuant,dynamic,AI_VECTOR_CORE,1788186149745540.315	,330.380,0.770000,40,0,NO,"""9216,7168""",DT_BF16,ND,"""9216,7168;9216""",INT8;FLOAT,ND;ND,N/A,0.0,0,0.0,0.0,0.0,0.0,0.0,0.0,0.0,0.0,0.0,0.0,0.0,326.848,21571955,188.508,0.577,19.953,0.061,294.074,0.9,160.75,0.492,0.005,0.000
3,48,24,12,clear_ops,clear_ops,dynamic,MIX_AIC,1788186149745871.975	,28.560,1.370000,20,40,NO,N/A,N/A,N/A,N/A,N/A,N/A,0,26.335,869063,0.0,0.0,4.614,0.175,0.001,0.0,0.001,0.0,0.001,0.0,0.1,26.235,1731524,0.008,0.0,3.824,0.146,0.001,0.0,0.001,0.0,0.148,92.210
3,48,25,12,aclnnGroupedMatmulV5_GroupedMatmul_GroupedMatmul,GroupedMatmul,dynamic,MIX_AIC,1788186149745903.555	,50.140,2.940000,20,0,NO,"""9216,7168;1,7168,4096;;;;;;1""",INT8;INT8;INT32;UINT64;FLOAT;FLOAT16;FLOAT16;INT64,ND;NCL;ND;ND;ND;ND;ND;ND,"""9216,4096""",INT32,ND,0,37.728,1245035,2.905,0.077,6.623,0.176,9.374,0.248,32.626,0.865,2.537,0.067,0.028,0.0,0,0.0,0.0,0.0,0.0,0.0,0.0,0.0,0.0,0.0,75.246
3,48,26,12,DequantSwigluQuant,DequantSwigluQuant,dynamic,AI_VECTOR_CORE,1788186149745954.415	,7.500,0.860000,36,0,NO,"""9216,4096;1,4096;9216;;1,2048;;1""",INT32;FLOAT;FLOAT;DT_UNDEFINED;FLOAT;DT_UNDEFINED;INT64,ND;ND;ND;NULL;ND;NULL;ND,"""9216,2048;9216""",INT8;FLOAT,ND;ND,N/A,0.0,0,0.0,0.0,0.0,0.0,0.0,0.0,0.0,0.0,0.0,0.0,0.0,3.666,217734,0.056,0.015,0.892,0.243,0.023,0.006,0.005,0.001,0.198,0.000
3,48,27,12,aclnnGroupedMatmulV5_GroupedMatmul_GroupedMatmul,GroupedMatmul,dynamic,MIX_AIC,1788186149745962.855	,35.740,0.750000,20,20,NO,"""9216,2048;1,2048,7168;;1,7168;;;;1;9216""",INT8;INT8;INT32;DT_BF16;FLOAT;FLOAT16;FLOAT16;INT64;FLOAT,ND;NCL;ND;ND;ND;ND;ND;ND;ND,"""9216,7168""",DT_BF16,ND,0,26.616,878332,1.453,0.055,10.338,0.388,4.688,0.176,18.763,0.705,5.084,0.191,0.047,26.525,875315,0.193,0.007,4.244,0.16,0.846,0.032,0.175,0.007,0.098,74.472
3,48,28,12,aclnnDynamicQuantV2_DynamicQuant_DynamicQuant,DynamicQuant,dynamic,AI_VECTOR_CORE,1788186149745999.835	,333.780,1.260000,40,0,NO,"""9216,7168""",DT_BF16,ND,"""9216,7168;9216""",INT8;FLOAT,ND;ND,N/A,0.0,0,0.0,0.0,0.0,0.0,0.0,0.0,0.0,0.0,0.0,0.0,0.0,329.286,21732892,188.508,0.572,21.873,0.066,296.025,0.899,170.076,0.516,0.004,0.000
3,48,29,12,clear_ops,clear_ops,dynamic,MIX_AIC,1788186149746334.775	,28.440,1.220000,20,40,NO,N/A,N/A,N/A,N/A,N/A,N/A,0,26.257,866494,0.0,0.0,4.493,0.171,0.001,0.0,0.001,0.0,0.001,0.0,0.101,26.159,1726496,0.008,0.0,3.75,0.143,0.001,0.0,0.001,0.0,0.148,92.326
3,48,30,12,aclnnGroupedMatmulV5_GroupedMatmul_GroupedMatmul,GroupedMatmul,dynamic,MIX_AIC,1788186149746366.315	,53.680,3.060000,20,0,NO,"""9216,7168;1,7168,4096;;;;;;1""",INT8;INT8;INT32;UINT64;FLOAT;FLOAT16;FLOAT16;INT64,ND;NCL;ND;ND;ND;ND;ND;ND,"""9216,4096""",INT32,ND,0,38.602,1273857,2.905,0.075,5.227,0.135,9.374,0.243,34.282,0.888,2.552,0.066,0.031,0.0,0,0.0,0.0,0.0,0.0,0.0,0.0,0.0,0.0,0.0,71.911
3,48,31,12,DequantSwigluQuant,DequantSwigluQuant,dynamic,AI_VECTOR_CORE,1788186149746420.975	,7.560,1.070000,36,0,NO,"""9216,4096;1,4096;9216;;1,2048;;1""",INT32;FLOAT;FLOAT;DT_UNDEFINED;FLOAT;DT_UNDEFINED;INT64,ND;ND;ND;NULL;ND;NULL;ND,"""9216,2048;9216""",INT8;FLOAT,ND;ND,N/A,0.0,0,0.0,0.0,0.0,0.0,0.0,0.0,0.0,0.0,0.0,0.0,0.0,3.667,217811,0.056,0.015,0.756,0.206,0.026,0.007,0.005,0.001,0.199,0.000
3,48,32,12,aclnnGroupedMatmulV5_GroupedMatmul_GroupedMatmul,GroupedMatmul,dynamic,MIX_AIC,1788186149746429.995	,35.100,1.440000,20,20,NO,"""9216,2048;1,2048,7168;;1,7168;;;;1;9216""",INT8;INT8;INT32;DT_BF16;FLOAT;FLOAT16;FLOAT16;INT64;FLOAT,ND;NCL;ND;ND;ND;ND;ND;ND;ND,"""9216,7168""",DT_BF16,ND,0,26.199,864554,1.453,0.055,10.021,0.383,4.692,0.179,18.973,0.724,5.197,0.198,0.049,26.094,861116,0.202,0.008,4.415,0.169,0.58,0.022,0.179,0.007,0.098,74.640
3,48,33,12,aclnnDynamicQuantV2_DynamicQuant_DynamicQuant,DynamicQuant,dynamic,AI_VECTOR_CORE,1788186149746465.775	,331.060,0.650000,40,0,NO,"""9216,7168""",DT_BF16,ND,"""9216,7168;9216""",INT8;FLOAT,ND;ND,N/A,0.0,0,0.0,0.0,0.0,0.0,0.0,0.0,0.0,0.0,0.0,0.0,0.0,326.428,21544224,188.508,0.577,19.922,0.061,293.727,0.9,165.998,0.509,0.004,0.000
3,48,34,12,clear_ops,clear_ops,dynamic,MIX_AIC,1788186149746798.015	,28.880,1.190000,20,40,NO,N/A,N/A,N/A,N/A,N/A,N/A,0,26.664,879920,0.0,0.0,4.606,0.173,0.001,0.0,0.001,0.0,0.001,0.0,0.102,26.562,1753062,0.008,0.0,3.839,0.145,0.001,0.0,0.001,0.0,0.149,92.328
3,48,35,12,aclnnGroupedMatmulV5_GroupedMatmul_GroupedMatmul,GroupedMatmul,dynamic,MIX_AIC,1788186149746829.615	,50.760,2.620000,20,0,NO,"""9216,7168;1,7168,4096;;;;;;1""",INT8;INT8;INT32;UINT64;FLOAT;FLOAT16;FLOAT16;INT64,ND;NCL;ND;ND;ND;ND;ND;ND,"""9216,4096""",INT32,ND,0,36.819,1215036,2.905,0.079,5.002,0.136,9.388,0.255,32.523,0.883,2.486,0.068,0.033,0.0,0,0.0,0.0,0.0,0.0,0.0,0.0,0.0,0.0,0.0,72.536
3,48,36,12,DequantSwigluQuant,DequantSwigluQuant,dynamic,AI_VECTOR_CORE,1788186149746881.135	,7.520,0.990000,36,0,NO,"""9216,4096;1,4096;9216;;1,2048;;1""",INT32;FLOAT;FLOAT;DT_UNDEFINED;FLOAT;DT_UNDEFINED;INT64,ND;ND;ND;NULL;ND;NULL;ND,"""9216,2048;9216""",INT8;FLOAT,ND;ND,N/A,0.0,0,0.0,0.0,0.0,0.0,0.0,0.0,0.0,0.0,0.0,0.0,0.0,3.892,231211,0.056,0.014,0.797,0.205,0.077,0.02,0.005,0.001,0.202,0.000
3,48,37,12,aclnnGroupedMatmulV5_GroupedMatmul_GroupedMatmul,GroupedMatmul,dynamic,MIX_AIC,1788186149746889.595	,34.880,0.730000,20,20,NO,"""9216,2048;1,2048,7168;;1,7168;;;;1;9216""",INT8;INT8;INT32;DT_BF16;FLOAT;FLOAT16;FLOAT16;INT64;FLOAT,ND;NCL;ND;ND;ND;ND;ND;ND;ND,"""9216,7168""",DT_BF16,ND,0,26.739,882377,1.453,0.054,10.699,0.4,4.689,0.175,18.616,0.696,5.106,0.191,0.047,26.649,879419,0.194,0.007,4.645,0.174,0.787,0.03,0.177,0.007,0.092,76.659
3,48,38,12,aclnnDynamicQuantV2_DynamicQuant_DynamicQuant,DynamicQuant,dynamic,AI_VECTOR_CORE,1788186149746925.335	,331.400,0.870000,40,0,NO,"""9216,7168""",DT_BF16,ND,"""9216,7168;9216""",INT8;FLOAT,ND;ND,N/A,0.0,0,0.0,0.0,0.0,0.0,0.0,0.0,0.0,0.0,0.0,0.0,0.0,327.56,21618975,188.508,0.575,20.011,0.061,294.862,0.9,162.541,0.496,0.005,0.000
3,48,39,12,clear_ops,clear_ops,dynamic,MIX_AIC,1788186149747257.675	,28.980,1.100000,20,40,NO,N/A,N/A,N/A,N/A,N/A,N/A,0,26.719,881732,0.0,0.0,4.604,0.172,0.001,0.0,0.001,0.0,0.001,0.0,0.103,26.619,1756845,0.008,0.0,3.755,0.141,0.001,0.0,0.001,0.0,0.149,92.199
3,48,40,12,aclnnGroupedMatmulV5_GroupedMatmul_GroupedMatmul,GroupedMatmul,dynamic,MIX_AIC,1788186149747289.215	,50.900,2.520000,20,0,NO,"""9216,7168;1,7168,4096;;;;;;1""",INT8;INT8;INT32;UINT64;FLOAT;FLOAT16;FLOAT16;INT64,ND;NCL;ND;ND;ND;ND;ND;ND,"""9216,4096""",INT32,ND,0,37.434,1235312,2.905,0.078,5.407,0.144,9.376,0.25,33.113,0.885,2.502,0.067,0.031,0.0,0,0.0,0.0,0.0,0.0,0.0,0.0,0.0,0.0,0.0,73.544
3,48,41,12,DequantSwigluQuant,DequantSwigluQuant,dynamic,AI_VECTOR_CORE,1788186149747340.775	,8.000,0.600000,36,0,NO,"""9216,4096;1,4096;9216;;1,2048;;1""",INT32;FLOAT;FLOAT;DT_UNDEFINED;FLOAT;DT_UNDEFINED;INT64,ND;ND;ND;NULL;ND;NULL;ND,"""9216,2048;9216""",INT8;FLOAT,ND;ND,N/A,0.0,0,0.0,0.0,0.0,0.0,0.0,0.0,0.0,0.0,0.0,0.0,0.0,3.957,235046,0.056,0.014,0.796,0.201,0.022,0.006,0.004,0.001,0.196,0.000
3,48,42,12,aclnnGroupedMatmulV5_GroupedMatmul_GroupedMatmul,GroupedMatmul,dynamic,MIX_AIC,1788186149747349.815	,35.580,1.000000,20,20,NO,"""9216,2048;1,2048,7168;;1,7168;;;;1;9216""",INT8;INT8;INT32;DT_BF16;FLOAT;FLOAT16;FLOAT16;INT64;FLOAT,ND;NCL;ND;ND;ND;ND;ND;ND;ND,"""9216,7168""",DT_BF16,ND,0,27.188,897195,1.453,0.053,11.034,0.406,4.687,0.172,18.574,0.683,5.013,0.184,0.046,27.113,894731,0.188,0.007,5.744,0.212,0.676,0.025,0.176,0.007,0.086,76.413
3,48,43,12,aclnnDynamicQuantV2_DynamicQuant_DynamicQuant,DynamicQuant,dynamic,AI_VECTOR_CORE,1788186149747386.215	,331.040,0.920000,40,0,NO,"""9216,7168""",DT_BF16,ND,"""9216,7168;9216""",INT8;FLOAT,ND;ND,N/A,0.0,0,0.0,0.0,0.0,0.0,0.0,0.0,0.0,0.0,0.0,0.0,0.0,326.463,21546530,188.508,0.577,19.962,0.061,293.622,0.899,152.91,0.468,0.005,0.000
3,48,44,12,clear_ops,clear_ops,dynamic,MIX_AIC,1788186149747718.395	,28.020,1.210000,20,40,NO,N/A,N/A,N/A,N/A,N/A,N/A,0,25.773,850496,0.0,0.0,4.526,0.176,0.001,0.0,0.001,0.0,0.001,0.0,0.103,25.671,1694284,0.008,0.0,3.751,0.146,0.001,0.0,0.001,0.0,0.148,91.979
3,48,45,12,aclnnGroupedMatmulV5_GroupedMatmul_GroupedMatmul,GroupedMatmul,dynamic,MIX_AIC,1788186149747749.415	,50.820,2.980000,20,0,NO,"""9216,7168;1,7168,4096;;;;;;1""",INT8;INT8;INT32;UINT64;FLOAT;FLOAT16;FLOAT16;INT64,ND;NCL;ND;ND;ND;ND;ND;ND,"""9216,4096""",INT32,ND,0,36.878,1216967,2.905,0.079,5.164,0.14,9.37,0.254,32.575,0.883,2.444,0.066,0.032,0.0,0,0.0,0.0,0.0,0.0,0.0,0.0,0.0,0.0,0.0,72.566
3,48,46,12,DequantSwigluQuant,DequantSwigluQuant,dynamic,AI_VECTOR_CORE,1788186149747800.915	,7.520,0.680000,36,0,NO,"""9216,4096;1,4096;9216;;1,2048;;1""",INT32;FLOAT;FLOAT;DT_UNDEFINED;FLOAT;DT_UNDEFINED;INT64,ND;ND;ND;NULL;ND;NULL;ND,"""9216,2048;9216""",INT8;FLOAT,ND;ND,N/A,0.0,0,0.0,0.0,0.0,0.0,0.0,0.0,0.0,0.0,0.0,0.0,0.0,3.695,219511,0.056,0.015,0.816,0.221,0.056,0.015,0.005,0.001,0.198,0.000
3,48,47,12,aclnnGroupedMatmulV5_GroupedMatmul_GroupedMatmul,GroupedMatmul,dynamic,MIX_AIC,1788186149747809.355	,33.240,0.730000,20,20,NO,"""9216,2048;1,2048,7168;;1,7168;;;;1;9216""",INT8;INT8;INT32;DT_BF16;FLOAT;FLOAT16;FLOAT16;INT64;FLOAT,ND;NCL;ND;ND;ND;ND;ND;ND;ND,"""9216,7168""",DT_BF16,ND,0,25.586,844347,1.453,0.057,9.317,0.364,4.692,0.183,18.556,0.725,4.983,0.195,0.049,25.458,840103,0.199,0.008,3.31,0.13,0.776,0.03,0.181,0.007,0.102,76.974
3,48,48,12,aclnnDynamicQuantV2_DynamicQuant_DynamicQuant,DynamicQuant,dynamic,AI_VECTOR_CORE,1788186149747843.315	,332.220,0.760000,40,0,NO,"""9216,7168""",DT_BF16,ND,"""9216,7168;9216""",INT8;FLOAT,ND;ND,N/A,0.0,0,0.0,0.0,0.0,0.0,0.0,0.0,0.0,0.0,0.0,0.0,0.0,326.077,21521081,188.508,0.578,19.971,0.061,293.273,0.899,164.004,0.503,0.004,0.000
3,48,49,12,clear_ops,clear_ops,dynamic,MIX_AIC,1788186149748177.015	,28.880,1.530000,20,40,NO,N/A,N/A,N/A,N/A,N/A,N/A,0,26.614,878253,0.0,0.0,4.611,0.173,0.001,0.0,0.001,0.0,0.001,0.0,0.1,26.513,1749828,0.008,0.0,3.829,0.144,0.001,0.0,0.001,0.0,0.149,92.153
3,48,50,12,aclnnGroupedMatmulV5_GroupedMatmul_GroupedMatmul,GroupedMatmul,dynamic,MIX_AIC,1788186149748208.615	,51.860,2.620000,20,0,NO,"""9216,7168;1,7168,4096;;;;;;1""",INT8;INT8;INT32;UINT64;FLOAT;FLOAT16;FLOAT16;INT64,ND;NCL;ND;ND;ND;ND;ND;ND,"""9216,4096""",INT32,ND,0,37.628,1241740,2.905,0.077,5.123,0.136,9.376,0.249,33.301,0.885,2.498,0.066,0.032,0.0,0,0.0,0.0,0.0,0.0,0.0,0.0,0.0,0.0,0.0,72.558
3,48,51,12,DequantSwigluQuant,DequantSwigluQuant,dynamic,AI_VECTOR_CORE,1788186149748261.335	,7.740,0.890000,36,0,NO,"""9216,4096;1,4096;9216;;1,2048;;1""",INT32;FLOAT;FLOAT;DT_UNDEFINED;FLOAT;DT_UNDEFINED;INT64,ND;ND;ND;NULL;ND;NULL;ND,"""9216,2048;9216""",INT8;FLOAT,ND;ND,N/A,0.0,0,0.0,0.0,0.0,0.0,0.0,0.0,0.0,0.0,0.0,0.0,0.0,3.698,219652,0.056,0.015,0.896,0.242,0.025,0.007,0.005,0.001,0.199,0.000
3,48,52,12,aclnnGroupedMatmulV5_GroupedMatmul_GroupedMatmul,GroupedMatmul,dynamic,MIX_AIC,1788186149748270.375	,35.620,1.510000,20,20,NO,"""9216,2048;1,2048,7168;;1,7168;;;;1;9216""",INT8;INT8;INT32;DT_BF16;FLOAT;FLOAT16;FLOAT16;INT64;FLOAT,ND;NCL;ND;ND;ND;ND;ND;ND;ND,"""9216,7168""",DT_BF16,ND,0,27.788,916998,1.453,0.052,11.737,0.422,4.687,0.169,18.599,0.669,5.085,0.183,0.046,27.709,914392,0.188,0.007,6.563,0.237,0.712,0.026,0.174,0.006,0.086,78.012
3,48,53,12,aclnnDynamicQuantV2_DynamicQuant_DynamicQuant,DynamicQuant,dynamic,AI_VECTOR_CORE,1788186149748306.735	,331.740,0.630000,40,0,NO,"""9216,7168""",DT_BF16,ND,"""9216,7168;9216""",INT8;FLOAT,ND;ND,N/A,0.0,0,0.0,0.0,0.0,0.0,0.0,0.0,0.0,0.0,0.0,0.0,0.0,327.243,21598027,188.507,0.576,19.947,0.061,294.459,0.9,163.55,0.5,0.005,0.000
3,48,54,12,clear_ops,clear_ops,dynamic,MIX_AIC,1788186149748639.575	,28.500,1.010000,20,40,NO,N/A,N/A,N/A,N/A,N/A,N/A,0,26.277,867144,0.0,0.0,4.479,0.17,0.001,0.0,0.001,0.0,0.001,0.0,0.1,26.18,1727884,0.008,0.0,3.697,0.141,0.001,0.0,0.001,0.0,0.149,92.200
3,48,55,12,aclnnGroupedMatmulV5_GroupedMatmul_GroupedMatmul,GroupedMatmul,dynamic,MIX_AIC,1788186149748671.175	,51.000,3.250000,20,0,NO,"""9216,7168;1,7168,4096;;;;;;1""",INT8;INT8;INT32;UINT64;FLOAT;FLOAT16;FLOAT16;INT64,ND;NCL;ND;ND;ND;ND;ND;ND,"""9216,4096""",INT32,ND,0,37.266,1229783,2.905,0.078,5.466,0.147,9.377,0.252,32.797,0.88,2.482,0.067,0.031,0.0,0,0.0,0.0,0.0,0.0,0.0,0.0,0.0,0.0,0.0,73.071
3,48,56,12,DequantSwigluQuant,DequantSwigluQuant,dynamic,AI_VECTOR_CORE,1788186149748723.355	,7.700,1.000000,36,0,NO,"""9216,4096;1,4096;9216;;1,2048;;1""",INT32;FLOAT;FLOAT;DT_UNDEFINED;FLOAT;DT_UNDEFINED;INT64,ND;ND;ND;NULL;ND;NULL;ND,"""9216,2048;9216""",INT8;FLOAT,ND;ND,N/A,0.0,0,0.0,0.0,0.0,0.0,0.0,0.0,0.0,0.0,0.0,0.0,0.0,3.586,212984,0.056,0.016,0.771,0.215,0.023,0.006,0.005,0.001,0.198,0.000
3,48,57,12,aclnnGroupedMatmulV5_GroupedMatmul_GroupedMatmul,GroupedMatmul,dynamic,MIX_AIC,1788186149748732.395	,33.820,1.550000,20,20,NO,"""9216,2048;1,2048,7168;;1,7168;;;;1;9216""",INT8;INT8;INT32;DT_BF16;FLOAT;FLOAT16;FLOAT16;INT64;FLOAT,ND;NCL;ND;ND;ND;ND;ND;ND;ND,"""9216,7168""",DT_BF16,ND,0,25.994,857808,1.453,0.056,9.959,0.383,4.69,0.18,18.674,0.718,5.07,0.195,0.048,25.88,854030,0.197,0.008,4.17,0.161,0.597,0.023,0.179,0.007,0.093,76.860
3,48,58,12,aclnnDynamicQuantV2_DynamicQuant_DynamicQuant,DynamicQuant,dynamic,AI_VECTOR_CORE,1788186149748766.935	,329.800,0.680000,40,0,NO,"""9216,7168""",DT_BF16,ND,"""9216,7168;9216""",INT8;FLOAT,ND;ND,N/A,0.0,0,0.0,0.0,0.0,0.0,0.0,0.0,0.0,0.0,0.0,0.0,0.0,325.906,21509799,188.507,0.578,19.961,0.061,292.844,0.899,167.636,0.514,0.004,0.000
3,48,59,12,clear_ops,clear_ops,dynamic,MIX_AIC,1788186149749098.015	,29.860,1.200000,20,40,NO,N/A,N/A,N/A,N/A,N/A,N/A,0,27.622,911521,0.0,0.0,4.631,0.168,0.001,0.0,0.001,0.0,0.001,0.0,0.1,27.519,1816243,0.008,0.0,3.849,0.14,0.001,0.0,0.001,0.0,0.148,92.505
3,48,60,12,aclnnGroupedMatmulV5_GroupedMatmul_GroupedMatmul,GroupedMatmul,dynamic,MIX_AIC,1788186149749130.815	,50.580,2.890000,20,0,NO,"""9216,7168;1,7168,4096;;;;;;1""",INT8;INT8;INT32;UINT64;FLOAT;FLOAT16;FLOAT16;INT64,ND;NCL;ND;ND;ND;ND;ND;ND,"""9216,4096""",INT32,ND,0,37.374,1233336,2.905,0.078,5.202,0.139,9.378,0.251,33.08,0.885,2.612,0.07,0.032,0.0,0,0.0,0.0,0.0,0.0,0.0,0.0,0.0,0.0,0.0,73.891
3,48,61,12,DequantSwigluQuant,DequantSwigluQuant,dynamic,AI_VECTOR_CORE,1788186149749182.235	,7.400,0.920000,36,0,NO,"""9216,4096;1,4096;9216;;1,2048;;1""",INT32;FLOAT;FLOAT;DT_UNDEFINED;FLOAT;DT_UNDEFINED;INT64,ND;ND;ND;NULL;ND;NULL;ND,"""9216,2048;9216""",INT8;FLOAT,ND;ND,N/A,0.0,0,0.0,0.0,0.0,0.0,0.0,0.0,0.0,0.0,0.0,0.0,0.0,3.729,221530,0.056,0.015,0.79,0.212,0.082,0.022,0.005,0.001,0.199,0.000
3,48,62,12,aclnnGroupedMatmulV5_GroupedMatmul_GroupedMatmul,GroupedMatmul,dynamic,MIX_AIC,1788186149749190.675	,35.300,1.100000,20,20,NO,"""9216,2048;1,2048,7168;;1,7168;;;;1;9216""",INT8;INT8;INT32;DT_BF16;FLOAT;FLOAT16;FLOAT16;INT64;FLOAT,ND;NCL;ND;ND;ND;ND;ND;ND;ND,"""9216,7168""",DT_BF16,ND,0,27.325,901726,1.453,0.053,10.453,0.383,4.689,0.172,19.895,0.728,5.479,0.2,0.048,27.251,899276,0.193,0.007,4.038,0.148,0.841,0.031,0.177,0.006,0.095,77.408
3,48,63,12,aclnnDynamicQuantV2_DynamicQuant_DynamicQuant,DynamicQuant,dynamic,AI_VECTOR_CORE,1788186149749227.035	,339.120,0.950000,40,0,NO,"""9216,7168""",DT_BF16,ND,"""9216,7168;9216""",INT8;FLOAT,ND;ND,N/A,0.0,0,0.0,0.0,0.0,0.0,0.0,0.0,0.0,0.0,0.0,0.0,0.0,333.301,21997873,188.508,0.566,19.975,0.06,300.299,0.901,175.587,0.527,0.004,0.000
3,48,64,12,clear_ops,clear_ops,dynamic,MIX_AIC,1788186149749567.355	,29.720,1.130000,20,40,NO,N/A,N/A,N/A,N/A,N/A,N/A,0,27.484,906959,0.0,0.0,4.567,0.166,0.001,0.0,0.001,0.0,0.001,0.0,0.1,27.387,1807532,0.008,0.0,3.79,0.138,0.001,0.0,0.001,0.0,0.147,92.475
3,48,65,12,aclnnGroupedMatmulV5_GroupedMatmul_GroupedMatmul,GroupedMatmul,dynamic,MIX_AIC,1788186149749600.155	,50.980,3.280000,20,0,NO,"""9216,7168;1,7168,4096;;;;;;1""",INT8;INT8;INT32;UINT64;FLOAT;FLOAT16;FLOAT16;INT64,ND;NCL;ND;ND;ND;ND;ND;ND,"""9216,4096""",INT32,ND,0,38.008,1254263,2.905,0.076,5.238,0.138,9.372,0.247,33.632,0.885,2.524,0.066,0.032,0.0,0,0.0,0.0,0.0,0.0,0.0,0.0,0.0,0.0,0.0,74.555
3,48,66,12,DequantSwigluQuant,DequantSwigluQuant,dynamic,AI_VECTOR_CORE,1788186149749652.295	,7.860,1.020000,36,0,NO,"""9216,4096;1,4096;9216;;1,2048;;1""",INT32;FLOAT;FLOAT;DT_UNDEFINED;FLOAT;DT_UNDEFINED;INT64,ND;ND;ND;NULL;ND;NULL;ND,"""9216,2048;9216""",INT8;FLOAT,ND;ND,N/A,0.0,0,0.0,0.0,0.0,0.0,0.0,0.0,0.0,0.0,0.0,0.0,0.0,3.56,211442,0.056,0.016,0.826,0.232,0.021,0.006,0.004,0.001,0.194,0.000
3,48,67,12,aclnnGroupedMatmulV5_GroupedMatmul_GroupedMatmul,GroupedMatmul,dynamic,MIX_AIC,1788186149749661.335	,35.340,1.140000,20,20,NO,"""9216,2048;1,2048,7168;;1,7168;;;;1;9216""",INT8;INT8;INT32;DT_BF16;FLOAT;FLOAT16;FLOAT16;INT64;FLOAT,ND;NCL;ND;ND;ND;ND;ND;ND;ND,"""9216,7168""",DT_BF16,ND,0,26.856,886232,1.453,0.054,10.874,0.405,4.691,0.175,18.757,0.698,5.151,0.192,0.046,26.806,884590,0.188,0.007,5.657,0.211,0.68,0.025,0.176,0.007,0.086,75.992
3,48,68,12,aclnnDynamicQuantV2_DynamicQuant_DynamicQuant,DynamicQuant,dynamic,AI_VECTOR_CORE,1788186149749697.755	,330.780,1.160000,40,0,NO,"""9216,7168""",DT_BF16,ND,"""9216,7168;9216""",INT8;FLOAT,ND;ND,N/A,0.0,0,0.0,0.0,0.0,0.0,0.0,0.0,0.0,0.0,0.0,0.0,0.0,326.657,21559351,188.508,0.577,20.051,0.061,293.79,0.899,168.253,0.515,0.005,0.000
3,48,69,12,clear_ops,clear_ops,dynamic,MIX_AIC,1788186149750029.515	,28.660,0.970000,20,40,NO,N/A,N/A,N/A,N/A,N/A,N/A,0,26.447,872760,0.0,0.0,4.538,0.172,0.001,0.0,0.001,0.0,0.001,0.0,0.102,26.346,1738868,0.008,0.0,3.758,0.143,0.001,0.0,0.001,0.0,0.149,92.279
3,48,70,12,aclnnGroupedMatmulV5_GroupedMatmul_GroupedMatmul,GroupedMatmul,dynamic,MIX_AIC,1788186149750061.075	,51.760,2.840000,20,0,NO,"""9216,7168;1,7168,4096;;;;;;1""",INT8;INT8;INT32;UINT64;FLOAT;FLOAT16;FLOAT16;INT64,ND;NCL;ND;ND;ND;ND;ND;ND,"""9216,4096""",INT32,ND,0,37.108,1224555,2.905,0.078,5.163,0.139,9.379,0.253,32.622,0.879,2.419,0.065,0.032,0.0,0,0.0,0.0,0.0,0.0,0.0,0.0,0.0,0.0,0.0,71.692
3,48,71,12,DequantSwigluQuant,DequantSwigluQuant,dynamic,AI_VECTOR_CORE,1788186149750113.835	,7.520,0.990000,36,0,NO,"""9216,4096;1,4096;9216;;1,2048;;1""",INT32;FLOAT;FLOAT;DT_UNDEFINED;FLOAT;DT_UNDEFINED;INT64,ND;ND;ND;NULL;ND;NULL;ND,"""9216,2048;9216""",INT8;FLOAT,ND;ND,N/A,0.0,0,0.0,0.0,0.0,0.0,0.0,0.0,0.0,0.0,0.0,0.0,0.0,3.828,227390,0.056,0.015,0.824,0.215,0.051,0.013,0.005,0.001,0.198,0.000
3,48,72,12,aclnnGroupedMatmulV5_GroupedMatmul_GroupedMatmul,GroupedMatmul,dynamic,MIX_AIC,1788186149750122.295	,34.500,0.980000,20,20,NO,"""9216,2048;1,2048,7168;;1,7168;;;;1;9216""",INT8;INT8;INT32;DT_BF16;FLOAT;FLOAT16;FLOAT16;INT64;FLOAT,ND;NCL;ND;ND;ND;ND;ND;ND;ND,"""9216,7168""",DT_BF16,ND,0,26.295,867749,1.453,0.055,10.23,0.389,4.691,0.178,18.513,0.704,4.908,0.187,0.048,26.198,864521,0.194,0.007,4.576,0.175,0.738,0.028,0.182,0.007,0.092,76.219
3,48,73,12,aclnnDynamicQuantV2_DynamicQuant_DynamicQuant,DynamicQuant,dynamic,AI_VECTOR_CORE,1788186149750158.035	,332.280,1.250000,40,0,NO,"""9216,7168""",DT_BF16,ND,"""9216,7168;9216""",INT8;FLOAT,ND;ND,N/A,0.0,0,0.0,0.0,0.0,0.0,0.0,0.0,0.0,0.0,0.0,0.0,0.0,325.958,21513204,188.508,0.578,19.991,0.061,293.164,0.899,167.671,0.514,0.005,0.000
3,48,74,12,clear_ops,clear_ops,dynamic,MIX_AIC,1788186149750491.455	,29.300,1.220000,20,40,NO,N/A,N/A,N/A,N/A,N/A,N/A,0,27.074,893440,0.0,0.0,4.503,0.166,0.001,0.0,0.001,0.0,0.001,0.0,0.101,26.972,1780157,0.008,0.0,3.783,0.14,0.001,0.0,0.001,0.0,0.149,92.403
3,48,75,12,aclnnGroupedMatmulV5_GroupedMatmul_GroupedMatmul,GroupedMatmul,dynamic,MIX_AIC,1788186149750523.655	,51.660,2.950000,20,0,NO,"""9216,7168;1,7168,4096;;;;;;1""",INT8;INT8;INT32;UINT64;FLOAT;FLOAT16;FLOAT16;INT64,ND;NCL;ND;ND;ND;ND;ND;ND,"""9216,4096""",INT32,ND,0,38.219,1261221,2.905,0.076,5.305,0.139,9.373,0.245,33.596,0.879,2.583,0.068,0.031,0.0,0,0.0,0.0,0.0,0.0,0.0,0.0,0.0,0.0,0.0,73.981
3,48,76,12,DequantSwigluQuant,DequantSwigluQuant,dynamic,AI_VECTOR_CORE,1788186149750576.375	,8.020,1.090000,36,0,NO,"""9216,4096;1,4096;9216;;1,2048;;1""",INT32;FLOAT;FLOAT;DT_UNDEFINED;FLOAT;DT_UNDEFINED;INT64,ND;ND;ND;NULL;ND;NULL;ND,"""9216,2048;9216""",INT8;FLOAT,ND;ND,N/A,0.0,0,0.0,0.0,0.0,0.0,0.0,0.0,0.0,0.0,0.0,0.0,0.0,4.011,238234,0.056,0.014,0.907,0.226,0.025,0.006,0.005,0.001,0.197,0.000
3,48,77,12,aclnnGroupedMatmulV5_GroupedMatmul_GroupedMatmul,GroupedMatmul,dynamic,MIX_AIC,1788186149750585.435	,34.620,0.980000,20,20,NO,"""9216,2048;1,2048,7168;;1,7168;;;;1;9216""",INT8;INT8;INT32;DT_BF16;FLOAT;FLOAT16;FLOAT16;INT64;FLOAT,ND;NCL;ND;ND;ND;ND;ND;ND;ND,"""9216,7168""",DT_BF16,ND,0,26.056,859849,1.453,0.056,10.162,0.39,4.691,0.18,18.553,0.712,5.106,0.196,0.047,25.961,856701,0.197,0.008,3.931,0.151,0.776,0.03,0.174,0.007,0.097,75.263
3,48,78,12,aclnnDynamicQuantV2_DynamicQuant_DynamicQuant,DynamicQuant,dynamic,AI_VECTOR_CORE,1788186149750621.195	,332.440,1.130000,40,0,NO,"""9216,7168""",DT_BF16,ND,"""9216,7168;9216""",INT8;FLOAT,ND;ND,N/A,0.0,0,0.0,0.0,0.0,0.0,0.0,0.0,0.0,0.0,0.0,0.0,0.0,327.947,21644501,188.508,0.575,19.929,0.061,295.245,0.9,158.803,0.484,0.004,0.000
3,48,79,12,clear_ops,clear_ops,dynamic,MIX_AIC,1788186149750954.595	,28.420,0.810000,20,40,NO,N/A,N/A,N/A,N/A,N/A,N/A,0,26.221,865289,0.0,0.0,4.524,0.173,0.001,0.0,0.001,0.0,0.001,0.0,0.1,26.122,1724034,0.008,0.0,3.712,0.142,0.001,0.0,0.001,0.0,0.148,92.262
3,48,80,12,aclnnGroupedMatmulV5_GroupedMatmul_GroupedMatmul,GroupedMatmul,dynamic,MIX_AIC,1788186149750986.155	,51.680,3.330000,20,0,NO,"""9216,7168;1,7168,4096;;;;;;1""",INT8;INT8;INT32;UINT64;FLOAT;FLOAT16;FLOAT16;INT64,ND;NCL;ND;ND;ND;ND;ND;ND,"""9216,4096""",INT32,ND,0,36.83,1215374,2.905,0.079,5.12,0.139,9.381,0.255,32.449,0.881,2.466,0.067,0.033,0.0,0,0.0,0.0,0.0,0.0,0.0,0.0,0.0,0.0,0.0,71.265
3,48,81,12,DequantSwigluQuant,DequantSwigluQuant,dynamic,AI_VECTOR_CORE,1788186149751038.955	,7.800,1.070000,36,0,NO,"""9216,4096;1,4096;9216;;1,2048;;1""",INT32;FLOAT;FLOAT;DT_UNDEFINED;FLOAT;DT_UNDEFINED;INT64,ND;ND;ND;NULL;ND;NULL;ND,"""9216,2048;9216""",INT8;FLOAT,ND;ND,N/A,0.0,0,0.0,0.0,0.0,0.0,0.0,0.0,0.0,0.0,0.0,0.0,0.0,3.631,215656,0.056,0.015,0.765,0.211,0.028,0.008,0.005,0.001,0.198,0.000
3,48,82,12,aclnnGroupedMatmulV5_GroupedMatmul_GroupedMatmul,GroupedMatmul,dynamic,MIX_AIC,1788186149751047.975	,34.640,1.200000,20,20,NO,"""9216,2048;1,2048,7168;;1,7168;;;;1;9216""",INT8;INT8;INT32;DT_BF16;FLOAT;FLOAT16;FLOAT16;INT64;FLOAT,ND;NCL;ND;ND;ND;ND;ND;ND;ND,"""9216,7168""",DT_BF16,ND,0,26.155,863113,1.453,0.056,9.888,0.378,4.692,0.179,18.747,0.717,5.056,0.193,0.047,26.061,860000,0.196,0.008,3.923,0.151,0.637,0.024,0.18,0.007,0.094,75.505
3,48,83,12,aclnnDynamicQuantV2_DynamicQuant_DynamicQuant,DynamicQuant,dynamic,AI_VECTOR_CORE,1788186149751083.735	,332.340,1.110000,40,0,NO,"""9216,7168""",DT_BF16,ND,"""9216,7168;9216""",INT8;FLOAT,ND;ND,N/A,0.0,0,0.0,0.0,0.0,0.0,0.0,0.0,0.0,0.0,0.0,0.0,0.0,326.788,21568008,188.508,0.577,19.945,0.061,293.828,0.899,161.977,0.496,0.005,0.000
3,48,84,12,clear_ops,clear_ops,dynamic,MIX_AIC,1788186149751417.155	,26.960,1.160000,20,40,NO,N/A,N/A,N/A,N/A,N/A,N/A,0,24.771,817450,0.0,0.0,4.573,0.185,0.001,0.0,0.001,0.0,0.001,0.0,0.102,24.668,1628096,0.008,0.0,3.774,0.153,0.001,0.0,0.001,0.0,0.149,91.881
3,48,85,12,aclnnGroupedMatmulV5_GroupedMatmul_GroupedMatmul,GroupedMatmul,dynamic,MIX_AIC,1788186149751447.075	,51.720,2.790000,20,0,NO,"""9216,7168;1,7168,4096;;;;;;1""",INT8;INT8;INT32;UINT64;FLOAT;FLOAT16;FLOAT16;INT64,ND;NCL;ND;ND;ND;ND;ND;ND,"""9216,4096""",INT32,ND,0,37.093,1224077,2.905,0.078,5.376,0.145,9.379,0.253,32.673,0.881,2.513,0.068,0.032,0.0,0,0.0,0.0,0.0,0.0,0.0,0.0,0.0,0.0,0.0,71.719
3,48,86,12,DequantSwigluQuant,DequantSwigluQuant,dynamic,AI_VECTOR_CORE,1788186149751499.815	,7.500,1.030000,36,0,NO,"""9216,4096;1,4096;9216;;1,2048;;1""",INT32;FLOAT;FLOAT;DT_UNDEFINED;FLOAT;DT_UNDEFINED;INT64,ND;ND;ND;NULL;ND;NULL;ND,"""9216,2048;9216""",INT8;FLOAT,ND;ND,N/A,0.0,0,0.0,0.0,0.0,0.0,0.0,0.0,0.0,0.0,0.0,0.0,0.0,3.9,231674,0.056,0.014,0.799,0.205,0.078,0.02,0.005,0.001,0.2,0.000
3,48,87,12,aclnnGroupedMatmulV5_GroupedMatmul_GroupedMatmul,GroupedMatmul,dynamic,MIX_AIC,1788186149751508.275	,34.600,1.000000,20,20,NO,"""9216,2048;1,2048,7168;;1,7168;;;;1;9216""",INT8;INT8;INT32;DT_BF16;FLOAT;FLOAT16;FLOAT16;INT64;FLOAT,ND;NCL;ND;ND;ND;ND;ND;ND;ND,"""9216,7168""",DT_BF16,ND,0,26.44,872523,1.453,0.055,10.403,0.393,4.69,0.177,18.576,0.703,5.055,0.191,0.047,26.348,869470,0.188,0.007,4.614,0.175,0.816,0.031,0.176,0.007,0.092,76.416
3,48,88,12,aclnnDynamicQuantV2_DynamicQuant_DynamicQuant,DynamicQuant,dynamic,AI_VECTOR_CORE,1788186149751544.075	,332.300,1.150000,40,0,NO,"""9216,7168""",DT_BF16,ND,"""9216,7168;9216""",INT8;FLOAT,ND;ND,N/A,0.0,0,0.0,0.0,0.0,0.0,0.0,0.0,0.0,0.0,0.0,0.0,0.0,328.094,21654207,188.508,0.575,19.955,0.061,295.475,0.901,166.675,0.508,0.004,0.000
3,48,89,12,clear_ops,clear_ops,dynamic,MIX_AIC,1788186149751877.635	,29.160,1.450000,20,40,NO,N/A,N/A,N/A,N/A,N/A,N/A,0,26.9,887714,0.0,0.0,4.534,0.169,0.001,0.0,0.001,0.0,0.001,0.0,0.101,26.802,1768913,0.008,0.0,3.825,0.143,0.001,0.0,0.001,0.0,0.148,92.251
3,48,90,12,aclnnGroupedMatmulV5_GroupedMatmul_GroupedMatmul,GroupedMatmul,dynamic,MIX_AIC,1788186149751909.835	,50.880,2.840000,20,0,NO,"""9216,7168;1,7168,4096;;;;;;1""",INT8;INT8;INT32;UINT64;FLOAT;FLOAT16;FLOAT16;INT64,ND;NCL;ND;ND;ND;ND;ND;ND,"""9216,4096""",INT32,ND,0,37.897,1250600,2.905,0.077,5.376,0.142,9.377,0.247,33.471,0.883,2.483,0.066,0.032,0.0,0,0.0,0.0,0.0,0.0,0.0,0.0,0.0,0.0,0.0,74.483
3,48,91,12,DequantSwigluQuant,DequantSwigluQuant,dynamic,AI_VECTOR_CORE,1788186149751961.955	,7.920,1.370000,36,0,NO,"""9216,4096;1,4096;9216;;1,2048;;1""",INT32;FLOAT;FLOAT;DT_UNDEFINED;FLOAT;DT_UNDEFINED;INT64,ND;ND;ND;NULL;ND;NULL;ND,"""9216,2048;9216""",INT8;FLOAT,ND;ND,N/A,0.0,0,0.0,0.0,0.0,0.0,0.0,0.0,0.0,0.0,0.0,0.0,0.0,3.627,215416,0.056,0.015,0.824,0.227,0.022,0.006,0.004,0.001,0.196,0.000
3,48,92,12,aclnnGroupedMatmulV5_GroupedMatmul_GroupedMatmul,GroupedMatmul,dynamic,MIX_AIC,1788186149751970.955	,33.240,1.080000,20,20,NO,"""9216,2048;1,2048,7168;;1,7168;;;;1;9216""",INT8;INT8;INT32;DT_BF16;FLOAT;FLOAT16;FLOAT16;INT64;FLOAT,ND;NCL;ND;ND;ND;ND;ND;ND;ND,"""9216,7168""",DT_BF16,ND,0,25.325,835721,1.453,0.057,9.204,0.363,4.69,0.185,18.714,0.739,5.021,0.198,0.05,25.203,831714,0.193,0.008,2.953,0.117,0.7,0.028,0.176,0.007,0.098,76.188
3,48,93,12,aclnnDynamicQuantV2_DynamicQuant_DynamicQuant,DynamicQuant,dynamic,AI_VECTOR_CORE,1788186149752005.455	,334.760,1.260000,40,0,NO,"""9216,7168""",DT_BF16,ND,"""9216,7168;9216""",INT8;FLOAT,ND;ND,N/A,0.0,0,0.0,0.0,0.0,0.0,0.0,0.0,0.0,0.0,0.0,0.0,0.0,329.603,21753786,188.507,0.572,21.852,0.066,296.034,0.898,167.101,0.507,0.004,0.000
3,48,94,12,clear_ops,clear_ops,dynamic,MIX_AIC,1788186149752341.195	,27.960,0.990000,20,40,NO,N/A,N/A,N/A,N/A,N/A,N/A,0,25.716,848636,0.0,0.0,4.543,0.177,0.001,0.0,0.001,0.0,0.001,0.0,0.102,25.615,1690575,0.008,0.0,3.788,0.148,0.001,0.0,0.001,0.0,0.147,91.975
3,48,95,12,aclnnGroupedMatmulV5_GroupedMatmul_GroupedMatmul,GroupedMatmul,dynamic,MIX_AIC,1788186149752372.155	,50.920,3.040000,20,0,NO,"""9216,7168;1,7168,4096;;;;;;1""",INT8;INT8;INT32;UINT64;FLOAT;FLOAT16;FLOAT16;INT64,ND;NCL;ND;ND;ND;ND;ND;ND,"""9216,4096""",INT32,ND,0,37.095,1224119,2.905,0.078,5.258,0.142,9.379,0.253,32.486,0.876,2.519,0.068,0.032,0.0,0,0.0,0.0,0.0,0.0,0.0,0.0,0.0,0.0,0.0,72.849
3,48,96,12,DequantSwigluQuant,DequantSwigluQuant,dynamic,AI_VECTOR_CORE,1788186149752424.315	,7.300,1.080000,36,0,NO,"""9216,4096;1,4096;9216;;1,2048;;1""",INT32;FLOAT;FLOAT;DT_UNDEFINED;FLOAT;DT_UNDEFINED;INT64,ND;ND;ND;NULL;ND;NULL;ND,"""9216,2048;9216""",INT8;FLOAT,ND;ND,N/A,0.0,0,0.0,0.0,0.0,0.0,0.0,0.0,0.0,0.0,0.0,0.0,0.0,3.78,224547,0.056,0.015,0.823,0.218,0.051,0.014,0.005,0.001,0.199,0.000
3,48,97,12,aclnnGroupedMatmulV5_GroupedMatmul_GroupedMatmul,GroupedMatmul,dynamic,MIX_AIC,1788186149752432.755	,34.320,1.200000,20,20,NO,"""9216,2048;1,2048,7168;;1,7168;;;;1;9216""",INT8;INT8;INT32;DT_BF16;FLOAT;FLOAT16;FLOAT16;INT64;FLOAT,ND;NCL;ND;ND;ND;ND;ND;ND;ND,"""9216,7168""",DT_BF16,ND,0,25.937,855936,1.453,0.056,9.899,0.382,4.689,0.181,18.723,0.722,5.093,0.196,0.048,25.845,852876,0.197,0.008,4.408,0.171,0.735,0.028,0.182,0.007,0.096,75.575
3,48,98,12,aclnnDynamicQuantV2_DynamicQuant_DynamicQuant,DynamicQuant,dynamic,AI_VECTOR_CORE,1788186149752467.915	,331.860,0.930000,40,0,NO,"""9216,7168""",DT_BF16,ND,"""9216,7168;9216""",INT8;FLOAT,ND;ND,N/A,0.0,0,0.0,0.0,0.0,0.0,0.0,0.0,0.0,0.0,0.0,0.0,0.0,326.862,21572906,188.507,0.577,19.964,0.061,293.974,0.899,170.373,0.521,0.004,0.000
3,48,99,12,clear_ops,clear_ops,dynamic,MIX_AIC,1788186149752800.835	,27.360,0.890000,20,40,NO,N/A,N/A,N/A,N/A,N/A,N/A,0,25.069,827291,0.0,0.0,4.515,0.18,0.001,0.0,0.001,0.0,0.001,0.0,0.101,24.967,1647838,0.008,0.0,3.789,0.152,0.001,0.0,0.001,0.0,0.149,91.628
3,48,100,12,aclnnGroupedMatmulV5_GroupedMatmul_GroupedMatmul,GroupedMatmul,dynamic,MIX_AIC,1788186149752831.235	,51.240,3.140000,20,0,NO,"""9216,7168;1,7168,4096;;;;;;1""",INT8;INT8;INT32;UINT64;FLOAT;FLOAT16;FLOAT16;INT64,ND;NCL;ND;ND;ND;ND;ND;ND,"""9216,4096""",INT32,ND,0,37.453,1235940,2.905,0.078,5.267,0.141,9.377,0.25,33.08,0.883,2.455,0.066,0.031,0.0,0,0.0,0.0,0.0,0.0,0.0,0.0,0.0,0.0,0.0,73.093
3,48,101,12,DequantSwigluQuant,DequantSwigluQuant,dynamic,AI_VECTOR_CORE,1788186149752883.395	,7.400,1.010000,36,0,NO,"""9216,4096;1,4096;9216;;1,2048;;1""",INT32;FLOAT;FLOAT;DT_UNDEFINED;FLOAT;DT_UNDEFINED;INT64,ND;ND;ND;NULL;ND;NULL;ND,"""9216,2048;9216""",INT8;FLOAT,ND;ND,N/A,0.0,0,0.0,0.0,0.0,0.0,0.0,0.0,0.0,0.0,0.0,0.0,0.0,3.714,220604,0.056,0.015,0.872,0.235,0.024,0.007,0.005,0.001,0.195,0.000
3,48,102,12,aclnnGroupedMatmulV5_GroupedMatmul_GroupedMatmul,GroupedMatmul,dynamic,MIX_AIC,1788186149752891.815	,33.960,0.850000,20,20,NO,"""9216,2048;1,2048,7168;;1,7168;;;;1;9216""",INT8;INT8;INT32;DT_BF16;FLOAT;FLOAT16;FLOAT16;INT64;FLOAT,ND;NCL;ND;ND;ND;ND;ND;ND;ND,"""9216,7168""",DT_BF16,ND,0,26.048,859599,1.453,0.056,9.983,0.383,4.689,0.18,18.459,0.709,5.02,0.193,0.048,25.949,856324,0.197,0.008,4.073,0.157,0.737,0.028,0.173,0.007,0.096,76.703
3,48,103,12,aclnnDynamicQuantV2_DynamicQuant_DynamicQuant,DynamicQuant,dynamic,AI_VECTOR_CORE,1788186149752926.975	,329.620,1.290000,40,0,NO,"""9216,7168""",DT_BF16,ND,"""9216,7168;9216""",INT8;FLOAT,ND;ND,N/A,0.0,0,0.0,0.0,0.0,0.0,0.0,0.0,0.0,0.0,0.0,0.0,0.0,326.101,21522653,188.508,0.578,19.949,0.061,293.546,0.9,166.769,0.511,0.005,0.000
3,48,104,12,clear_ops,clear_ops,dynamic,MIX_AIC,1788186149753257.995	,28.400,1.380000,20,40,NO,N/A,N/A,N/A,N/A,N/A,N/A,0,26.201,864629,0.0,0.0,4.337,0.166,0.001,0.0,0.001,0.0,0.001,0.0,0.1,26.101,1722663,0.008,0.0,3.703,0.142,0.001,0.0,0.001,0.0,0.147,92.257
3,48,105,12,aclnnGroupedMatmulV5_GroupedMatmul_GroupedMatmul,GroupedMatmul,dynamic,MIX_AIC,1788186149753288.995	,51.140,2.600000,20,0,NO,"""9216,7168;1,7168,4096;;;;;;1""",INT8;INT8;INT32;UINT64;FLOAT;FLOAT16;FLOAT16;INT64,ND;NCL;ND;ND;ND;ND;ND;ND,"""9216,4096""",INT32,ND,0,37.403,1234305,2.905,0.078,5.432,0.145,9.377,0.251,33.06,0.884,2.488,0.067,0.032,0.0,0,0.0,0.0,0.0,0.0,0.0,0.0,0.0,0.0,0.0,73.139
3,48,106,12,DequantSwigluQuant,DequantSwigluQuant,dynamic,AI_VECTOR_CORE,1788186149753341.175	,7.780,1.110000,36,0,NO,"""9216,4096;1,4096;9216;;1,2048;;1""",INT32;FLOAT;FLOAT;DT_UNDEFINED;FLOAT;DT_UNDEFINED;INT64,ND;ND;ND;NULL;ND;NULL;ND,"""9216,2048;9216""",INT8;FLOAT,ND;ND,N/A,0.0,0,0.0,0.0,0.0,0.0,0.0,0.0,0.0,0.0,0.0,0.0,0.0,3.65,216796,0.056,0.015,0.8,0.219,0.025,0.007,0.005,0.001,0.199,0.000
3,48,107,12,aclnnGroupedMatmulV5_GroupedMatmul_GroupedMatmul,GroupedMatmul,dynamic,MIX_AIC,1788186149753350.235	,36.020,1.220000,20,20,NO,"""9216,2048;1,2048,7168;;1,7168;;;;1;9216""",INT8;INT8;INT32;DT_BF16;FLOAT;FLOAT16;FLOAT16;INT64;FLOAT,ND;NCL;ND;ND;ND;ND;ND;ND;ND,"""9216,7168""",DT_BF16,ND,0,27.479,906804,1.453,0.053,11.459,0.417,4.687,0.171,18.859,0.686,5.227,0.19,0.046,27.389,903826,0.188,0.007,5.868,0.214,0.542,0.02,0.18,0.007,0.086,76.288
3,48,108,12,aclnnDynamicQuantV2_DynamicQuant_DynamicQuant,DynamicQuant,dynamic,AI_VECTOR_CORE,1788186149753387.235	,331.840,0.980000,40,0,NO,"""9216,7168""",DT_BF16,ND,"""9216,7168;9216""",INT8;FLOAT,ND;ND,N/A,0.0,0,0.0,0.0,0.0,0.0,0.0,0.0,0.0,0.0,0.0,0.0,0.0,326.462,21546487,188.507,0.577,19.99,0.061,293.865,0.9,166.669,0.511,0.004,0.000
3,48,109,12,clear_ops,clear_ops,dynamic,MIX_AIC,1788186149753720.095	,28.200,0.910000,20,40,NO,N/A,N/A,N/A,N/A,N/A,N/A,0,25.988,857607,0.0,0.0,4.539,0.175,0.001,0.0,0.001,0.0,0.001,0.0,0.103,25.885,1708415,0.008,0.0,3.804,0.147,0.001,0.0,0.001,0.0,0.149,92.156
3,48,110,12,aclnnGroupedMatmulV5_GroupedMatmul_GroupedMatmul,GroupedMatmul,dynamic,MIX_AIC,1788186149753751.055	,52.220,2.800000,20,0,NO,"""9216,7168;1,7168,4096;;;;;;1""",INT8;INT8;INT32;UINT64;FLOAT;FLOAT16;FLOAT16;INT64,ND;NCL;ND;ND;ND;ND;ND;ND,"""9216,4096""",INT32,ND,0,37.255,1229423,2.905,0.078,6.658,0.179,9.375,0.252,32.101,0.862,2.441,0.066,0.027,0.0,0,0.0,0.0,0.0,0.0,0.0,0.0,0.0,0.0,0.0,71.343
3,48,111,12,DequantSwigluQuant,DequantSwigluQuant,dynamic,AI_VECTOR_CORE,1788186149753804.375	,7.380,1.280000,36,0,NO,"""9216,4096;1,4096;9216;;1,2048;;1""",INT32;FLOAT;FLOAT;DT_UNDEFINED;FLOAT;DT_UNDEFINED;INT64,ND;ND;ND;NULL;ND;NULL;ND,"""9216,2048;9216""",INT8;FLOAT,ND;ND,N/A,0.0,0,0.0,0.0,0.0,0.0,0.0,0.0,0.0,0.0,0.0,0.0,0.0,3.842,228226,0.056,0.015,0.786,0.204,0.082,0.021,0.005,0.001,0.198,0.000
3,48,112,12,aclnnGroupedMatmulV5_GroupedMatmul_GroupedMatmul,GroupedMatmul,dynamic,MIX_AIC,1788186149753812.815	,33.820,0.870000,20,20,NO,"""9216,2048;1,2048,7168;;1,7168;;;;1;9216""",INT8;INT8;INT32;DT_BF16;FLOAT;FLOAT16;FLOAT16;INT64;FLOAT,ND;NCL;ND;ND;ND;ND;ND;ND;ND,"""9216,7168""",DT_BF16,ND,0,25.936,855888,1.453,0.056,9.775,0.377,4.691,0.181,18.76,0.723,5.097,0.197,0.048,25.822,852130,0.195,0.008,3.711,0.144,0.839,0.032,0.177,0.007,0.101,76.688
3,48,113,12,aclnnDynamicQuantV2_DynamicQuant_DynamicQuant,DynamicQuant,dynamic,AI_VECTOR_CORE,1788186149753847.375	,332.860,0.930000,40,0,NO,"""9216,7168""",DT_BF16,ND,"""9216,7168;9216""",INT8;FLOAT,ND;ND,N/A,0.0,0,0.0,0.0,0.0,0.0,0.0,0.0,0.0,0.0,0.0,0.0,0.0,327.441,21611115,188.509,0.576,19.983,0.061,294.672,0.9,164.22,0.502,0.004,0.000
3,48,114,12,clear_ops,clear_ops,dynamic,MIX_AIC,1788186149754181.415	,28.720,1.140000,20,40,NO,N/A,N/A,N/A,N/A,N/A,N/A,0,26.477,873730,0.0,0.0,4.525,0.171,0.001,0.0,0.001,0.0,0.001,0.0,0.1,26.376,1740817,0.008,0.0,3.769,0.143,0.001,0.0,0.001,0.0,0.149,92.189
3,48,115,12,aclnnGroupedMatmulV5_GroupedMatmul_GroupedMatmul,GroupedMatmul,dynamic,MIX_AIC,1788186149754213.015	,51.520,2.780000,20,0,NO,"""9216,7168;1,7168,4096;;;;;;1""",INT8;INT8;INT32;UINT64;FLOAT;FLOAT16;FLOAT16;INT64,ND;NCL;ND;ND;ND;ND;ND;ND,"""9216,4096""",INT32,ND,0,37.732,1245156,2.905,0.077,5.283,0.14,9.375,0.248,33.155,0.879,2.488,0.066,0.031,0.0,0,0.0,0.0,0.0,0.0,0.0,0.0,0.0,0.0,0.0,73.238
3,48,116,12,DequantSwigluQuant,DequantSwigluQuant,dynamic,AI_VECTOR_CORE,1788186149754265.755	,11.240,1.230000,36,0,NO,"""9216,4096;1,4096;9216;;1,2048;;1""",INT32;FLOAT;FLOAT;DT_UNDEFINED;FLOAT;DT_UNDEFINED;INT64,ND;ND;ND;NULL;ND;NULL;ND,"""9216,2048;9216""",INT8;FLOAT,ND;ND,N/A,0.0,0,0.0,0.0,0.0,0.0,0.0,0.0,0.0,0.0,0.0,0.0,0.0,7.122,423052,0.056,0.008,2.697,0.379,0.086,0.012,0.004,0.001,0.189,0.000
3,48,117,12,aclnnGroupedMatmulV5_GroupedMatmul_GroupedMatmul,GroupedMatmul,dynamic,MIX_AIC,1788186149754278.355	,36.600,1.260000,20,20,NO,"""9216,2048;1,2048,7168;;1,7168;;;;1;9216""",INT8;INT8;INT32;DT_BF16;FLOAT;FLOAT16;FLOAT16;INT64;FLOAT,ND;NCL;ND;ND;ND;ND;ND;ND;ND,"""9216,7168""",DT_BF16,ND,0,27.937,921912,1.453,0.052,11.724,0.42,4.687,0.168,18.799,0.673,5.142,0.184,0.045,27.888,920320,0.188,0.007,6.452,0.231,0.7,0.025,0.176,0.006,0.086,76.330
3,48,118,12,aclnnDynamicQuantV2_DynamicQuant_DynamicQuant,DynamicQuant,dynamic,AI_VECTOR_CORE,1788186149754315.935	,331.440,1.150000,40,0,NO,"""9216,7168""",DT_BF16,ND,"""9216,7168;9216""",INT8;FLOAT,ND;ND,N/A,0.0,0,0.0,0.0,0.0,0.0,0.0,0.0,0.0,0.0,0.0,0.0,0.0,326.955,21579062,188.507,0.577,19.987,0.061,294.151,0.9,161.888,0.495,0.005,0.000
3,48,119,12,clear_ops,clear_ops,dynamic,MIX_AIC,1788186149754648.255	,28.600,0.810000,20,40,NO,N/A,N/A,N/A,N/A,N/A,N/A,0,26.397,871095,0.0,0.0,4.65,0.176,0.001,0.0,0.001,0.0,0.001,0.0,0.101,26.294,1735436,0.008,0.0,3.863,0.147,0.001,0.0,0.001,0.0,0.149,92.297
3,48,120,12,aclnnGroupedMatmulV5_GroupedMatmul_GroupedMatmul,GroupedMatmul,dynamic,MIX_AIC,1788186149754679.795	,50.440,2.900000,20,0,NO,"""9216,7168;1,7168,4096;;;;;;1""",INT8;INT8;INT32;UINT64;FLOAT;FLOAT16;FLOAT16;INT64,ND;NCL;ND;ND;ND;ND;ND;ND,"""9216,4096""",INT32,ND,0,36.844,1215839,2.905,0.079,6.691,0.182,9.375,0.254,31.648,0.859,2.457,0.067,0.028,0.0,0,0.0,0.0,0.0,0.0,0.0,0.0,0.0,0.0,0.0,73.044
3,48,121,12,DequantSwigluQuant,DequantSwigluQuant,dynamic,AI_VECTOR_CORE,1788186149754731.375	,7.380,1.310000,36,0,NO,"""9216,4096;1,4096;9216;;1,2048;;1""",INT32;FLOAT;FLOAT;DT_UNDEFINED;FLOAT;DT_UNDEFINED;INT64,ND;ND;ND;NULL;ND;NULL;ND,"""9216,2048;9216""",INT8;FLOAT,ND;ND,N/A,0.0,0,0.0,0.0,0.0,0.0,0.0,0.0,0.0,0.0,0.0,0.0,0.0,3.923,233040,0.056,0.014,0.818,0.209,0.047,0.012,0.005,0.001,0.198,0.000
3,48,122,12,aclnnGroupedMatmulV5_GroupedMatmul_GroupedMatmul,GroupedMatmul,dynamic,MIX_AIC,1788186149754739.815	,34.840,0.870000,20,20,NO,"""9216,2048;1,2048,7168;;1,7168;;;;1;9216""",INT8;INT8;INT32;DT_BF16;FLOAT;FLOAT16;FLOAT16;INT64;FLOAT,ND;NCL;ND;ND;ND;ND;ND;ND;ND,"""9216,7168""",DT_BF16,ND,0,26.404,871327,1.453,0.055,10.553,0.4,4.688,0.178,18.561,0.703,5.064,0.192,0.047,26.32,868557,0.193,0.007,4.427,0.168,0.761,0.029,0.181,0.007,0.092,75.786
3,48,123,12,aclnnDynamicQuantV2_DynamicQuant_DynamicQuant,DynamicQuant,dynamic,AI_VECTOR_CORE,1788186149754775.535	,331.120,0.910000,40,0,NO,"""9216,7168""",DT_BF16,ND,"""9216,7168;9216""",INT8;FLOAT,ND;ND,N/A,0.0,0,0.0,0.0,0.0,0.0,0.0,0.0,0.0,0.0,0.0,0.0,0.0,326.436,21544766,188.508,0.577,19.954,0.061,293.87,0.9,166.379,0.51,0.005,0.000
3,48,124,12,clear_ops,clear_ops,dynamic,MIX_AIC,1788186149755107.855	,27.920,1.130000,20,40,NO,N/A,N/A,N/A,N/A,N/A,N/A,0,25.696,847984,0.0,0.0,4.729,0.184,0.001,0.0,0.001,0.0,0.001,0.0,0.1,25.594,1689206,0.008,0.0,3.985,0.156,0.001,0.0,0.001,0.0,0.15,92.036
3,48,125,12,aclnnGroupedMatmulV5_GroupedMatmul_GroupedMatmul,GroupedMatmul,dynamic,MIX_AIC,1788186149755138.835	,50.640,3.080000,20,0,NO,"""9216,7168;1,7168,4096;;;;;;1""",INT8;INT8;INT32;UINT64;FLOAT;FLOAT16;FLOAT16;INT64,ND;NCL;ND;ND;ND;ND;ND;ND,"""9216,4096""",INT32,ND,0,36.668,1210053,2.905,0.079,5.185,0.141,9.378,0.256,32.331,0.882,2.483,0.068,0.032,0.0,0,0.0,0.0,0.0,0.0,0.0,0.0,0.0,0.0,0.0,72.410
3,48,126,12,DequantSwigluQuant,DequantSwigluQuant,dynamic,AI_VECTOR_CORE,1788186149755190.395	,7.660,1.110000,36,0,NO,"""9216,4096;1,4096;9216;;1,2048;;1""",INT32;FLOAT;FLOAT;DT_UNDEFINED;FLOAT;DT_UNDEFINED;INT64,ND;ND;ND;NULL;ND;NULL;ND,"""9216,2048;9216""",INT8;FLOAT,ND;ND,N/A,0.0,0,0.0,0.0,0.0,0.0,0.0,0.0,0.0,0.0,0.0,0.0,0.0,3.819,226865,0.056,0.015,0.887,0.232,0.029,0.008,0.005,0.001,0.198,0.000
3,48,127,12,aclnnGroupedMatmulV5_GroupedMatmul_GroupedMatmul,GroupedMatmul,dynamic,MIX_AIC,1788186149755199.435	,34.880,1.340000,20,20,NO,"""9216,2048;1,2048,7168;;1,7168;;;;1;9216""",INT8;INT8;INT32;DT_BF16;FLOAT;FLOAT16;FLOAT16;INT64;FLOAT,ND;NCL;ND;ND;ND;ND;ND;ND;ND,"""9216,7168""",DT_BF16,ND,0,25.96,856692,1.453,0.056,9.858,0.38,4.689,0.181,18.645,0.718,5.046,0.194,0.047,25.87,853702,0.193,0.007,3.802,0.147,0.779,0.03,0.174,0.007,0.098,74.428
3,48,128,12,aclnnDynamicQuantV2_DynamicQuant_DynamicQuant,DynamicQuant,dynamic,AI_VECTOR_CORE,1788186149755235.195	,331.300,0.870000,40,0,NO,"""9216,7168""",DT_BF16,ND,"""9216,7168;9216""",INT8;FLOAT,ND;ND,N/A,0.0,0,0.0,0.0,0.0,0.0,0.0,0.0,0.0,0.0,0.0,0.0,0.0,326.521,21550393,188.507,0.577,19.983,0.061,293.729,0.9,165.254,0.506,0.005,0.000
3,48,129,12,clear_ops,clear_ops,dynamic,MIX_AIC,1788186149755567.955	,30.140,1.450000,20,40,NO,N/A,N/A,N/A,N/A,N/A,N/A,0,27.913,921124,0.0,0.0,5.085,0.182,0.001,0.0,0.001,0.0,0.001,0.0,0.101,27.813,1835655,0.008,0.0,3.888,0.14,0.001,0.0,0.001,0.0,0.149,92.611
3,48,130,12,aclnnGroupedMatmulV5_GroupedMatmul_GroupedMatmul,GroupedMatmul,dynamic,MIX_AIC,1788186149755600.755	,52.160,2.610000,20,0,NO,"""9216,7168;1,7168,4096;;;;;;1""",INT8;INT8;INT32;UINT64;FLOAT;FLOAT16;FLOAT16;INT64,ND;NCL;ND;ND;ND;ND;ND;ND,"""9216,4096""",INT32,ND,0,37.276,1230112,2.905,0.078,5.194,0.139,9.376,0.252,32.891,0.882,2.495,0.067,0.032,0.0,0,0.0,0.0,0.0,0.0,0.0,0.0,0.0,0.0,0.0,71.465
3,48,131,12,DequantSwigluQuant,DequantSwigluQuant,dynamic,AI_VECTOR_CORE,1788186149755654.115	,7.820,1.090000,36,0,NO,"""9216,4096;1,4096;9216;;1,2048;;1""",INT32;FLOAT;FLOAT;DT_UNDEFINED;FLOAT;DT_UNDEFINED;INT64,ND;ND;ND;NULL;ND;NULL;ND,"""9216,2048;9216""",INT8;FLOAT,ND;ND,N/A,0.0,0,0.0,0.0,0.0,0.0,0.0,0.0,0.0,0.0,0.0,0.0,0.0,3.771,223985,0.056,0.015,0.773,0.205,0.021,0.006,0.005,0.001,0.197,0.000
3,48,132,12,aclnnGroupedMatmulV5_GroupedMatmul_GroupedMatmul,GroupedMatmul,dynamic,MIX_AIC,1788186149755663.155	,36.660,1.430000,20,20,NO,"""9216,2048;1,2048,7168;;1,7168;;;;1;9216""",INT8;INT8;INT32;DT_BF16;FLOAT;FLOAT16;FLOAT16;INT64;FLOAT,ND;NCL;ND;ND;ND;ND;ND;ND;ND,"""9216,7168""",DT_BF16,ND,0,27.748,915697,1.453,0.052,11.614,0.419,4.689,0.169,18.717,0.675,5.087,0.183,0.046,27.687,913680,0.188,0.007,6.475,0.234,0.634,0.023,0.179,0.006,0.085,75.691
3,48,133,12,aclnnDynamicQuantV2_DynamicQuant_DynamicQuant,DynamicQuant,dynamic,AI_VECTOR_CORE,1788186149755700.715	,331.640,0.840000,40,0,NO,"""9216,7168""",DT_BF16,ND,"""9216,7168;9216""",INT8;FLOAT,ND;ND,N/A,0.0,0,0.0,0.0,0.0,0.0,0.0,0.0,0.0,0.0,0.0,0.0,0.0,326.026,21517692,188.508,0.578,19.949,0.061,293.012,0.899,161.065,0.494,0.004,0.000
3,48,134,12,clear_ops,clear_ops,dynamic,MIX_AIC,1788186149756033.775	,28.320,1.360000,20,40,NO,N/A,N/A,N/A,N/A,N/A,N/A,0,26.076,860492,0.0,0.0,4.542,0.174,0.001,0.0,0.001,0.0,0.001,0.0,0.102,25.974,1714277,0.008,0.0,3.804,0.146,0.001,0.0,0.001,0.0,0.149,92.075
3,48,135,12,aclnnGroupedMatmulV5_GroupedMatmul_GroupedMatmul,GroupedMatmul,dynamic,MIX_AIC,1788186149756064.735	,51.020,2.680000,20,0,NO,"""9216,7168;1,7168,4096;;;;;;1""",INT8;INT8;INT32;UINT64;FLOAT;FLOAT16;FLOAT16;INT64,ND;NCL;ND;ND;ND;ND;ND;ND,"""9216,4096""",INT32,ND,0,36.741,1212463,2.905,0.079,5.292,0.144,9.377,0.255,32.111,0.874,2.503,0.068,0.031,0.0,0,0.0,0.0,0.0,0.0,0.0,0.0,0.0,0.0,0.0,72.014
3,48,136,12,DequantSwigluQuant,DequantSwigluQuant,dynamic,AI_VECTOR_CORE,1788186149756116.915	,7.660,1.230000,36,0,NO,"""9216,4096;1,4096;9216;;1,2048;;1""",INT32;FLOAT;FLOAT;DT_UNDEFINED;FLOAT;DT_UNDEFINED;INT64,ND;ND;ND;NULL;ND;NULL;ND,"""9216,2048;9216""",INT8;FLOAT,ND;ND,N/A,0.0,0,0.0,0.0,0.0,0.0,0.0,0.0,0.0,0.0,0.0,0.0,0.0,3.868,229781,0.056,0.014,0.791,0.205,0.077,0.02,0.005,0.001,0.198,0.000
3,48,137,12,aclnnGroupedMatmulV5_GroupedMatmul_GroupedMatmul,GroupedMatmul,dynamic,MIX_AIC,1788186149756125.935	,34.080,1.340000,20,20,NO,"""9216,2048;1,2048,7168;;1,7168;;;;1;9216""",INT8;INT8;INT32;DT_BF16;FLOAT;FLOAT16;FLOAT16;INT64;FLOAT,ND;NCL;ND;ND;ND;ND;ND;ND;ND,"""9216,7168""",DT_BF16,ND,0,26.277,867149,1.453,0.055,10.209,0.389,4.689,0.178,18.857,0.718,5.182,0.197,0.048,26.174,863745,0.193,0.007,3.968,0.152,0.806,0.031,0.176,0.007,0.093,77.105
3,48,138,12,aclnnDynamicQuantV2_DynamicQuant_DynamicQuant,DynamicQuant,dynamic,AI_VECTOR_CORE,1788186149756161.075	,332.060,0.920000,40,0,NO,"""9216,7168""",DT_BF16,ND,"""9216,7168;9216""",INT8;FLOAT,ND;ND,N/A,0.0,0,0.0,0.0,0.0,0.0,0.0,0.0,0.0,0.0,0.0,0.0,0.0,326.794,21568374,188.508,0.577,20.001,0.061,293.909,0.899,168.101,0.514,0.005,0.000
3,48,139,12,clear_ops,clear_ops,dynamic,MIX_AIC,1788186149756494.215	,28.520,1.190000,20,40,NO,N/A,N/A,N/A,N/A,N/A,N/A,0,26.304,868024,0.0,0.0,4.602,0.175,0.001,0.0,0.001,0.0,0.001,0.0,0.1,26.203,1729411,0.008,0.0,3.791,0.145,0.001,0.0,0.001,0.0,0.149,92.229
3,48,140,12,aclnnGroupedMatmulV5_GroupedMatmul_GroupedMatmul,GroupedMatmul,dynamic,MIX_AIC,1788186149756525.775	,53.580,2.980000,20,0,NO,"""9216,7168;1,7168,4096;;;;;;1""",INT8;INT8;INT32;UINT64;FLOAT;FLOAT16;FLOAT16;INT64,ND;NCL;ND;ND;ND;ND;ND;ND,"""9216,4096""",INT32,ND,0,39.028,1287929,2.905,0.074,5.265,0.135,9.374,0.24,34.741,0.89,2.632,0.067,0.031,0.0,0,0.0,0.0,0.0,0.0,0.0,0.0,0.0,0.0,0.0,72.841
3,48,141,12,DequantSwigluQuant,DequantSwigluQuant,dynamic,AI_VECTOR_CORE,1788186149756580.315	,7.880,0.920000,36,0,NO,"""9216,4096;1,4096;9216;;1,2048;;1""",INT32;FLOAT;FLOAT;DT_UNDEFINED;FLOAT;DT_UNDEFINED;INT64,ND;ND;ND;NULL;ND;NULL;ND,"""9216,2048;9216""",INT8;FLOAT,ND;ND,N/A,0.0,0,0.0,0.0,0.0,0.0,0.0,0.0,0.0,0.0,0.0,0.0,0.0,3.542,210369,0.056,0.016,0.786,0.222,0.019,0.006,0.004,0.001,0.197,0.000
3,48,142,12,aclnnGroupedMatmulV5_GroupedMatmul_GroupedMatmul,GroupedMatmul,dynamic,MIX_AIC,1788186149756589.335	,35.060,1.120000,20,20,NO,"""9216,2048;1,2048,7168;;1,7168;;;;1;9216""",INT8;INT8;INT32;DT_BF16;FLOAT;FLOAT16;FLOAT16;INT64;FLOAT,ND;NCL;ND;ND;ND;ND;ND;ND;ND,"""9216,7168""",DT_BF16,ND,0,26.928,888637,1.453,0.054,10.148,0.377,4.689,0.174,19.542,0.726,5.332,0.198,0.047,26.849,886005,0.199,0.007,3.917,0.146,0.798,0.03,0.176,0.007,0.101,76.807
3,48,143,12,aclnnDynamicQuantV2_DynamicQuant_DynamicQuant,DynamicQuant,dynamic,AI_VECTOR_CORE,1788186149756625.095	,338.480,0.690000,40,0,NO,"""9216,7168""",DT_BF16,ND,"""9216,7168;9216""",INT8;FLOAT,ND;ND,N/A,0.0,0,0.0,0.0,0.0,0.0,0.0,0.0,0.0,0.0,0.0,0.0,0.0,333.331,21999836,188.496,0.565,19.962,0.06,300.046,0.9,164.044,0.492,0.004,0.000
3,48,144,12,clear_ops,clear_ops,dynamic,MIX_AIC,1788186149756964.955	,27.960,1.520000,20,40,NO,N/A,N/A,N/A,N/A,N/A,N/A,0,25.76,850074,0.0,0.0,4.627,0.18,0.001,0.0,0.001,0.0,0.001,0.0,0.102,25.659,1693509,0.008,0.0,3.823,0.149,0.001,0.0,0.001,0.0,0.147,92.131
3,48,145,12,aclnnGroupedMatmulV5_GroupedMatmul_GroupedMatmul,GroupedMatmul,dynamic,MIX_AIC,1788186149756995.895	,50.220,3.040000,20,0,NO,"""9216,7168;1,7168,4096;;;;;;1""",INT8;INT8;INT32;UINT64;FLOAT;FLOAT16;FLOAT16;INT64,ND;NCL;ND;ND;ND;ND;ND;ND,"""9216,4096""",INT32,ND,0,37.282,1230307,2.905,0.078,5.181,0.139,9.377,0.252,32.838,0.881,2.465,0.066,0.032,0.0,0,0.0,0.0,0.0,0.0,0.0,0.0,0.0,0.0,0.0,74.237
3,48,146,12,DequantSwigluQuant,DequantSwigluQuant,dynamic,AI_VECTOR_CORE,1788186149757046.835	,7.560,0.530000,36,0,NO,"""9216,4096;1,4096;9216;;1,2048;;1""",INT32;FLOAT;FLOAT;DT_UNDEFINED;FLOAT;DT_UNDEFINED;INT64,ND;ND;ND;NULL;ND;NULL;ND,"""9216,2048;9216""",INT8;FLOAT,ND;ND,N/A,0.0,0,0.0,0.0,0.0,0.0,0.0,0.0,0.0,0.0,0.0,0.0,0.0,3.699,219744,0.056,0.015,0.825,0.223,0.05,0.014,0.005,0.001,0.199,0.000
3,48,147,12,aclnnGroupedMatmulV5_GroupedMatmul_GroupedMatmul,GroupedMatmul,dynamic,MIX_AIC,1788186149757055.295	,35.080,0.940000,20,20,NO,"""9216,2048;1,2048,7168;;1,7168;;;;1;9216""",INT8;INT8;INT32;DT_BF16;FLOAT;FLOAT16;FLOAT16;INT64;FLOAT,ND;NCL;ND;ND;ND;ND;ND;ND;ND,"""9216,7168""",DT_BF16,ND,0,25.715,848608,1.453,0.056,9.49,0.369,4.693,0.182,18.77,0.73,5.026,0.195,0.049,25.605,844956,0.199,0.008,3.652,0.143,0.772,0.03,0.181,0.007,0.103,73.305
3,48,148,12,aclnnDynamicQuantV2_DynamicQuant_DynamicQuant,DynamicQuant,dynamic,AI_VECTOR_CORE,1788186149757091.055	,330.340,0.670000,40,0,NO,"""9216,7168""",DT_BF16,ND,"""9216,7168;9216""",INT8;FLOAT,ND;ND,N/A,0.0,0,0.0,0.0,0.0,0.0,0.0,0.0,0.0,0.0,0.0,0.0,0.0,326.327,21537562,188.509,0.578,19.966,0.061,293.743,0.9,157.052,0.481,0.004,0.000
3,48,149,12,clear_ops,clear_ops,dynamic,MIX_AIC,1788186149757422.775	,27.880,1.410000,20,40,NO,N/A,N/A,N/A,N/A,N/A,N/A,0,25.639,846079,0.0,0.0,4.502,0.176,0.001,0.0,0.001,0.0,0.001,0.0,0.103,25.538,1685527,0.008,0.0,3.768,0.148,0.001,0.0,0.001,0.0,0.148,91.961
3,48,150,12,aclnnGroupedMatmulV5_GroupedMatmul_GroupedMatmul,GroupedMatmul,dynamic,MIX_AIC,1788186149757453.715	,50.580,3.120000,20,0,NO,"""9216,7168;1,7168,4096;;;;;;1""",INT8;INT8;INT32;UINT64;FLOAT;FLOAT16;FLOAT16;INT64,ND;NCL;ND;ND;ND;ND;ND;ND,"""9216,4096""",INT32,ND,0,36.634,1208925,2.905,0.079,5.807,0.159,9.381,0.256,32.065,0.875,2.431,0.066,0.032,0.0,0,0.0,0.0,0.0,0.0,0.0,0.0,0.0,0.0,0.0,72.428
3,48,151,12,DequantSwigluQuant,DequantSwigluQuant,dynamic,AI_VECTOR_CORE,1788186149757505.255	,7.160,0.920000,36,0,NO,"""9216,4096;1,4096;9216;;1,2048;;1""",INT32;FLOAT;FLOAT;DT_UNDEFINED;FLOAT;DT_UNDEFINED;INT64,ND;ND;ND;NULL;ND;NULL;ND,"""9216,2048;9216""",INT8;FLOAT,ND;ND,N/A,0.0,0,0.0,0.0,0.0,0.0,0.0,0.0,0.0,0.0,0.0,0.0,0.0,3.683,218742,0.056,0.015,0.919,0.25,0.027,0.007,0.005,0.001,0.196,0.000
3,48,152,12,aclnnGroupedMatmulV5_GroupedMatmul_GroupedMatmul,GroupedMatmul,dynamic,MIX_AIC,1788186149757513.715	,34.860,1.340000,20,20,NO,"""9216,2048;1,2048,7168;;1,7168;;;;1;9216""",INT8;INT8;INT32;DT_BF16;FLOAT;FLOAT16;FLOAT16;INT64;FLOAT,ND;NCL;ND;ND;ND;ND;ND;ND;ND,"""9216,7168""",DT_BF16,ND,0,26.727,882007,1.453,0.054,10.716,0.401,4.692,0.176,18.66,0.698,5.03,0.188,0.048,26.63,878787,0.193,0.007,4.528,0.17,0.86,0.032,0.174,0.007,0.094,76.671
3,48,153,12,aclnnDynamicQuantV2_DynamicQuant_DynamicQuant,DynamicQuant,dynamic,AI_VECTOR_CORE,1788186149757549.455	,331.000,0.890000,40,0,NO,"""9216,7168""",DT_BF16,ND,"""9216,7168;9216""",INT8;FLOAT,ND;ND,N/A,0.0,0,0.0,0.0,0.0,0.0,0.0,0.0,0.0,0.0,0.0,0.0,0.0,326.834,21571062,188.507,0.577,19.934,0.061,294.065,0.9,160.553,0.491,0.004,0.000
3,48,154,12,clear_ops,clear_ops,dynamic,MIX_AIC,1788186149757881.775	,29.040,1.250000,20,40,NO,N/A,N/A,N/A,N/A,N/A,N/A,0,26.812,884780,0.0,0.0,4.561,0.17,0.001,0.0,0.001,0.0,0.001,0.0,0.103,26.713,1763046,0.008,0.0,3.815,0.143,0.001,0.0,0.001,0.0,0.149,92.326
3,48,155,12,aclnnGroupedMatmulV5_GroupedMatmul_GroupedMatmul,GroupedMatmul,dynamic,MIX_AIC,1788186149757913.935	,52.300,3.210000,20,0,NO,"""9216,7168;1,7168,4096;;;;;;1""",INT8;INT8;INT32;UINT64;FLOAT;FLOAT16;FLOAT16;INT64,ND;NCL;ND;ND;ND;ND;ND;ND,"""9216,4096""",INT32,ND,0,37.416,1234721,2.905,0.078,6.897,0.184,9.381,0.251,32.012,0.856,2.488,0.066,0.028,0.0,0,0.0,0.0,0.0,0.0,0.0,0.0,0.0,0.0,0.0,71.541
3,48,156,12,DequantSwigluQuant,DequantSwigluQuant,dynamic,AI_VECTOR_CORE,1788186149757967.275	,7.620,0.950000,36,0,NO,"""9216,4096;1,4096;9216;;1,2048;;1""",INT32;FLOAT;FLOAT;DT_UNDEFINED;FLOAT;DT_UNDEFINED;INT64,ND;ND;ND;NULL;ND;NULL;ND,"""9216,2048;9216""",INT8;FLOAT,ND;ND,N/A,0.0,0,0.0,0.0,0.0,0.0,0.0,0.0,0.0,0.0,0.0,0.0,0.0,3.699,219724,0.056,0.015,0.791,0.214,0.028,0.008,0.005,0.001,0.196,0.000
3,48,157,12,aclnnGroupedMatmulV5_GroupedMatmul_GroupedMatmul,GroupedMatmul,dynamic,MIX_AIC,1788186149757976.335	,36.200,1.380000,20,20,NO,"""9216,2048;1,2048,7168;;1,7168;;;;1;9216""",INT8;INT8;INT32;DT_BF16;FLOAT;FLOAT16;FLOAT16;INT64;FLOAT,ND;NCL;ND;ND;ND;ND;ND;ND;ND,"""9216,7168""",DT_BF16,ND,0,25.649,846422,1.453,0.057,9.707,0.378,4.69,0.183,18.469,0.72,4.897,0.191,0.048,25.551,843191,0.199,0.008,3.911,0.153,0.613,0.024,0.179,0.007,0.097,70.854
3,48,158,12,aclnnDynamicQuantV2_DynamicQuant_DynamicQuant,DynamicQuant,dynamic,AI_VECTOR_CORE,1788186149758013.295	,330.500,0.800000,40,0,NO,"""9216,7168""",DT_BF16,ND,"""9216,7168;9216""",INT8;FLOAT,ND;ND,N/A,0.0,0,0.0,0.0,0.0,0.0,0.0,0.0,0.0,0.0,0.0,0.0,0.0,326.548,21552149,188.508,0.577,19.928,0.061,293.813,0.9,169.828,0.52,0.004,0.000
3,48,159,12,clear_ops,clear_ops,dynamic,MIX_AIC,1788186149758344.935	,28.380,1.250000,20,40,NO,N/A,N/A,N/A,N/A,N/A,N/A,0,26.154,863089,0.0,0.0,4.671,0.179,0.001,0.0,0.001,0.0,0.001,0.0,0.102,26.051,1719380,0.008,0.0,3.903,0.15,0.001,0.0,0.001,0.0,0.15,92.157
3,48,160,12,aclnnGroupedMatmulV5_GroupedMatmul_GroupedMatmul,GroupedMatmul,dynamic,MIX_AIC,1788186149758375.915	,51.540,2.620000,20,0,NO,"""9216,7168;1,7168,4096;;;;;;1""",INT8;INT8;INT32;UINT64;FLOAT;FLOAT16;FLOAT16;INT64,ND;NCL;ND;ND;ND;ND;ND;ND,"""9216,4096""",INT32,ND,0,37.684,1243558,2.905,0.077,5.741,0.152,9.381,0.249,32.878,0.872,2.513,0.067,0.031,0.0,0,0.0,0.0,0.0,0.0,0.0,0.0,0.0,0.0,0.0,73.115
3,48,161,12,DequantSwigluQuant,DequantSwigluQuant,dynamic,AI_VECTOR_CORE,1788186149758428.635	,10.240,1.210000,36,0,NO,"""9216,4096;1,4096;9216;;1,2048;;1""",INT32;FLOAT;FLOAT;DT_UNDEFINED;FLOAT;DT_UNDEFINED;INT64,ND;ND;ND;NULL;ND;NULL;ND,"""9216,2048;9216""",INT8;FLOAT,ND;ND,N/A,0.0,0,0.0,0.0,0.0,0.0,0.0,0.0,0.0,0.0,0.0,0.0,0.0,6.43,381960,0.056,0.009,2.174,0.338,0.116,0.018,0.005,0.001,0.19,0.000
3,48,162,12,aclnnGroupedMatmulV5_GroupedMatmul_GroupedMatmul,GroupedMatmul,dynamic,MIX_AIC,1788186149758440.055	,33.860,1.010000,20,20,NO,"""9216,2048;1,2048,7168;;1,7168;;;;1;9216""",INT8;INT8;INT32;DT_BF16;FLOAT;FLOAT16;FLOAT16;INT64;FLOAT,ND;NCL;ND;ND;ND;ND;ND;ND;ND,"""9216,7168""",DT_BF16,ND,0,26.556,876348,1.453,0.055,10.232,0.385,4.689,0.177,19.048,0.717,5.183,0.195,0.048,26.465,873355,0.189,0.007,4.461,0.169,0.858,0.032,0.177,0.007,0.095,78.429
3,48,163,12,aclnnDynamicQuantV2_DynamicQuant_DynamicQuant,DynamicQuant,dynamic,AI_VECTOR_CORE,1788186149758474.615	,331.840,0.640000,40,0,NO,"""9216,7168""",DT_BF16,ND,"""9216,7168;9216""",INT8;FLOAT,ND;ND,N/A,0.0,0,0.0,0.0,0.0,0.0,0.0,0.0,0.0,0.0,0.0,0.0,0.0,327.708,21628703,188.507,0.575,19.985,0.061,294.791,0.9,168.459,0.514,0.005,0.000
3,48,164,12,clear_ops,clear_ops,dynamic,MIX_AIC,1788186149758807.375	,28.320,1.160000,20,40,NO,N/A,N/A,N/A,N/A,N/A,N/A,0,26.108,861556,0.0,0.0,4.564,0.175,0.001,0.0,0.001,0.0,0.001,0.0,0.102,26.008,1716536,0.008,0.0,3.803,0.146,0.001,0.0,0.001,0.0,0.149,92.188
3,48,165,12,aclnnGroupedMatmulV5_GroupedMatmul_GroupedMatmul,GroupedMatmul,dynamic,MIX_AIC,1788186149758838.355	,52.360,2.430000,20,0,NO,"""9216,7168;1,7168,4096;;;;;;1""",INT8;INT8;INT32;UINT64;FLOAT;FLOAT16;FLOAT16;INT64,ND;NCL;ND;ND;ND;ND;ND;ND,"""9216,4096""",INT32,ND,0,38.025,1254835,2.905,0.076,5.324,0.14,9.375,0.247,33.316,0.876,2.569,0.068,0.032,0.0,0,0.0,0.0,0.0,0.0,0.0,0.0,0.0,0.0,0.0,72.623
3,48,166,12,DequantSwigluQuant,DequantSwigluQuant,dynamic,AI_VECTOR_CORE,1788186149758891.715	,7.660,1.140000,36,0,NO,"""9216,4096;1,4096;9216;;1,2048;;1""",INT32;FLOAT;FLOAT;DT_UNDEFINED;FLOAT;DT_UNDEFINED;INT64,ND;ND;ND;NULL;ND;NULL;ND,"""9216,2048;9216""",INT8;FLOAT,ND;ND,N/A,0.0,0,0.0,0.0,0.0,0.0,0.0,0.0,0.0,0.0,0.0,0.0,0.0,3.629,215571,0.056,0.015,0.806,0.222,0.02,0.005,0.004,0.001,0.198,0.000
3,48,167,12,aclnnGroupedMatmulV5_GroupedMatmul_GroupedMatmul,GroupedMatmul,dynamic,MIX_AIC,1788186149758900.755	,35.280,1.340000,20,20,NO,"""9216,2048;1,2048,7168;;1,7168;;;;1;9216""",INT8;INT8;INT32;DT_BF16;FLOAT;FLOAT16;FLOAT16;INT64;FLOAT,ND;NCL;ND;ND;ND;ND;ND;ND;ND,"""9216,7168""",DT_BF16,ND,0,26.575,876972,1.453,0.055,10.561,0.397,4.69,0.176,18.534,0.697,5.028,0.189,0.048,26.502,874550,0.198,0.007,4.486,0.169,0.703,0.027,0.176,0.007,0.092,75.326
3,48,168,12,aclnnDynamicQuantV2_DynamicQuant_DynamicQuant,DynamicQuant,dynamic,AI_VECTOR_CORE,1788186149758937.155	,333.020,1.220000,40,0,NO,"""9216,7168""",DT_BF16,ND,"""9216,7168;9216""",INT8;FLOAT,ND;ND,N/A,0.0,0,0.0,0.0,0.0,0.0,0.0,0.0,0.0,0.0,0.0,0.0,0.0,328.683,21693045,188.508,0.574,22.059,0.067,295.171,0.898,163.583,0.498,0.004,0.000
3,48,169,12,clear_ops,clear_ops,dynamic,MIX_AIC,1788186149759271.435	,28.040,1.230000,20,40,NO,N/A,N/A,N/A,N/A,N/A,N/A,0,25.849,853028,0.0,0.0,4.583,0.177,0.001,0.0,0.001,0.0,0.001,0.0,0.102,25.747,1699310,0.008,0.0,3.728,0.145,0.001,0.0,0.001,0.0,0.148,92.187
3,48,170,12,aclnnGroupedMatmulV5_GroupedMatmul_GroupedMatmul,GroupedMatmul,dynamic,MIX_AIC,1788186149759302.375	,51.520,2.960000,20,0,NO,"""9216,7168;1,7168,4096;;;;;;1""",INT8;INT8;INT32;UINT64;FLOAT;FLOAT16;FLOAT16;INT64,ND;NCL;ND;ND;ND;ND;ND;ND,"""9216,4096""",INT32,ND,0,37.426,1235059,2.905,0.078,5.347,0.143,9.375,0.25,33.022,0.882,2.478,0.066,0.032,0.0,0,0.0,0.0,0.0,0.0,0.0,0.0,0.0,0.0,0.0,72.644
3,48,171,12,DequantSwigluQuant,DequantSwigluQuant,dynamic,AI_VECTOR_CORE,1788186149759354.575	,7.640,0.480000,36,0,NO,"""9216,4096;1,4096;9216;;1,2048;;1""",INT32;FLOAT;FLOAT;DT_UNDEFINED;FLOAT;DT_UNDEFINED;INT64,ND;ND;ND;NULL;ND;NULL;ND,"""9216,2048;9216""",INT8;FLOAT,ND;ND,N/A,0.0,0,0.0,0.0,0.0,0.0,0.0,0.0,0.0,0.0,0.0,0.0,0.0,3.859,229218,0.056,0.015,0.825,0.214,0.052,0.013,0.005,0.001,0.199,0.000
3,48,172,12,aclnnGroupedMatmulV5_GroupedMatmul_GroupedMatmul,GroupedMatmul,dynamic,MIX_AIC,1788186149759363.635	,36.620,1.610000,20,20,NO,"""9216,2048;1,2048,7168;;1,7168;;;;1;9216""",INT8;INT8;INT32;DT_BF16;FLOAT;FLOAT16;FLOAT16;INT64;FLOAT,ND;NCL;ND;ND;ND;ND;ND;ND;ND,"""9216,7168""",DT_BF16,ND,0,26.959,889663,1.453,0.054,11.037,0.409,4.687,0.174,18.698,0.694,5.137,0.191,0.046,26.878,886971,0.188,0.007,5.864,0.218,0.701,0.026,0.181,0.007,0.086,73.620
3,48,173,12,aclnnDynamicQuantV2_DynamicQuant_DynamicQuant,DynamicQuant,dynamic,AI_VECTOR_CORE,1788186149759401.235	,331.200,0.880000,40,0,NO,"""9216,7168""",DT_BF16,ND,"""9216,7168;9216""",INT8;FLOAT,ND;ND,N/A,0.0,0,0.0,0.0,0.0,0.0,0.0,0.0,0.0,0.0,0.0,0.0,0.0,327.639,21624161,188.509,0.575,19.94,0.061,294.948,0.9,173.44,0.529,0.005,0.000
3,48,174,12,clear_ops,clear_ops,dynamic,MIX_AIC,1788186149759733.755	,28.340,1.300000,20,40,NO,N/A,N/A,N/A,N/A,N/A,N/A,0,26.076,860506,0.0,0.0,4.489,0.172,0.001,0.0,0.001,0.0,0.001,0.0,0.102,25.975,1714364,0.008,0.0,3.693,0.142,0.001,0.0,0.001,0.0,0.15,92.011
3,48,175,12,aclnnGroupedMatmulV5_GroupedMatmul_GroupedMatmul,GroupedMatmul,dynamic,MIX_AIC,1788186149759764.755	,50.180,2.660000,20,0,NO,"""9216,7168;1,7168,4096;;;;;;1""",INT8;INT8;INT32;UINT64;FLOAT;FLOAT16;FLOAT16;INT64,ND;NCL;ND;ND;ND;ND;ND;ND,"""9216,4096""",INT32,ND,0,37.216,1228138,2.905,0.078,5.289,0.142,9.385,0.252,32.875,0.883,2.565,0.069,0.031,0.0,0,0.0,0.0,0.0,0.0,0.0,0.0,0.0,0.0,0.0,74.166
3,48,176,12,DequantSwigluQuant,DequantSwigluQuant,dynamic,AI_VECTOR_CORE,1788186149759815.715	,7.560,0.820000,36,0,NO,"""9216,4096;1,4096;9216;;1,2048;;1""",INT32;FLOAT;FLOAT;DT_UNDEFINED;FLOAT;DT_UNDEFINED;INT64,ND;ND;ND;NULL;ND;NULL;ND,"""9216,2048;9216""",INT8;FLOAT,ND;ND,N/A,0.0,0,0.0,0.0,0.0,0.0,0.0,0.0,0.0,0.0,0.0,0.0,0.0,3.851,228775,0.056,0.015,0.879,0.228,0.027,0.007,0.005,0.001,0.198,0.000
3,48,177,12,aclnnGroupedMatmulV5_GroupedMatmul_GroupedMatmul,GroupedMatmul,dynamic,MIX_AIC,1788186149759824.755	,33.560,1.440000,20,20,NO,"""9216,2048;1,2048,7168;;1,7168;;;;1;9216""",INT8;INT8;INT32;DT_BF16;FLOAT;FLOAT16;FLOAT16;INT64;FLOAT,ND;NCL;ND;ND;ND;ND;ND;ND;ND,"""9216,7168""",DT_BF16,ND,0,25.929,855652,1.453,0.056,9.965,0.384,4.688,0.181,18.527,0.715,5.033,0.194,0.047,25.836,852576,0.194,0.008,3.881,0.15,0.791,0.031,0.175,0.007,0.097,77.261
3,48,178,12,aclnnDynamicQuantV2_DynamicQuant_DynamicQuant,DynamicQuant,dynamic,AI_VECTOR_CORE,1788186149759859.275	,332.660,0.940000,40,0,NO,"""9216,7168""",DT_BF16,ND,"""9216,7168;9216""",INT8;FLOAT,ND;ND,N/A,0.0,0,0.0,0.0,0.0,0.0,0.0,0.0,0.0,0.0,0.0,0.0,0.0,326.261,21533219,188.507,0.578,19.964,0.061,293.353,0.899,166.263,0.51,0.004,0.000
3,48,179,12,clear_ops,clear_ops,dynamic,MIX_AIC,1788186149760193.415	,28.380,1.590000,20,40,NO,N/A,N/A,N/A,N/A,N/A,N/A,0,26.187,864179,0.0,0.0,4.852,0.185,0.001,0.0,0.001,0.0,0.001,0.0,0.101,26.087,1721742,0.008,0.0,3.942,0.151,0.001,0.0,0.001,0.0,0.149,92.274
3,48,180,12,aclnnGroupedMatmulV5_GroupedMatmul_GroupedMatmul,GroupedMatmul,dynamic,MIX_AIC,1788186149760224.375	,51.960,2.620000,20,0,NO,"""9216,7168;1,7168,4096;;;;;;1""",INT8;INT8;INT32;UINT64;FLOAT;FLOAT16;FLOAT16;INT64,ND;NCL;ND;ND;ND;ND;ND;ND,"""9216,4096""",INT32,ND,0,37.835,1248551,2.905,0.077,5.352,0.141,9.378,0.248,33.465,0.885,2.55,0.067,0.031,0.0,0,0.0,0.0,0.0,0.0,0.0,0.0,0.0,0.0,0.0,72.815
3,48,181,12,DequantSwigluQuant,DequantSwigluQuant,dynamic,AI_VECTOR_CORE,1788186149760277.155	,7.820,0.790000,36,0,NO,"""9216,4096;1,4096;9216;;1,2048;;1""",INT32;FLOAT;FLOAT;DT_UNDEFINED;FLOAT;DT_UNDEFINED;INT64,ND;ND;ND;NULL;ND;NULL;ND,"""9216,2048;9216""",INT8;FLOAT,ND;ND,N/A,0.0,0,0.0,0.0,0.0,0.0,0.0,0.0,0.0,0.0,0.0,0.0,0.0,3.854,228951,0.056,0.015,0.769,0.2,0.024,0.006,0.005,0.001,0.197,0.000
3,48,182,12,aclnnGroupedMatmulV5_GroupedMatmul_GroupedMatmul,GroupedMatmul,dynamic,MIX_AIC,1788186149760286.175	,35.840,1.180000,20,20,NO,"""9216,2048;1,2048,7168;;1,7168;;;;1;9216""",INT8;INT8;INT32;DT_BF16;FLOAT;FLOAT16;FLOAT16;INT64;FLOAT,ND;NCL;ND;ND;ND;ND;ND;ND;ND,"""9216,7168""",DT_BF16,ND,0,27.635,911958,1.453,0.053,11.399,0.412,4.688,0.17,18.696,0.677,5.013,0.181,0.047,27.544,908947,0.188,0.007,6.316,0.229,0.641,0.023,0.179,0.007,0.086,77.107
3,48,183,12,aclnnDynamicQuantV2_DynamicQuant_DynamicQuant,DynamicQuant,dynamic,AI_VECTOR_CORE,1788186149760323.115	,332.100,0.910000,40,0,NO,"""9216,7168""",DT_BF16,ND,"""9216,7168;9216""",INT8;FLOAT,ND;ND,N/A,0.0,0,0.0,0.0,0.0,0.0,0.0,0.0,0.0,0.0,0.0,0.0,0.0,325.145,21459590,188.507,0.58,19.919,0.061,292.49,0.9,169.621,0.522,0.004,0.000
3,48,184,12,clear_ops,clear_ops,dynamic,MIX_AIC,1788186149760656.575	,27.900,1.400000,20,40,NO,N/A,N/A,N/A,N/A,N/A,N/A,0,25.695,847937,0.0,0.0,4.548,0.177,0.001,0.0,0.001,0.0,0.001,0.0,0.102,25.593,1689130,0.008,0.0,3.787,0.148,0.001,0.0,0.001,0.0,0.149,92.097
3,48,185,12,aclnnGroupedMatmulV5_GroupedMatmul_GroupedMatmul,GroupedMatmul,dynamic,MIX_AIC,1788186149760687.595	,50.680,3.100000,20,0,NO,"""9216,7168;1,7168,4096;;;;;;1""",INT8;INT8;INT32;UINT64;FLOAT;FLOAT16;FLOAT16;INT64,ND;NCL;ND;ND;ND;ND;ND;ND,"""9216,4096""",INT32,ND,0,36.782,1213818,2.905,0.079,5.253,0.143,9.374,0.255,32.442,0.882,2.498,0.068,0.031,0.0,0,0.0,0.0,0.0,0.0,0.0,0.0,0.0,0.0,0.0,72.578
3,48,186,12,DequantSwigluQuant,DequantSwigluQuant,dynamic,AI_VECTOR_CORE,1788186149760739.175	,7.520,1.070000,36,0,NO,"""9216,4096;1,4096;9216;;1,2048;;1""",INT32;FLOAT;FLOAT;DT_UNDEFINED;FLOAT;DT_UNDEFINED;INT64,ND;ND;ND;NULL;ND;NULL;ND,"""9216,2048;9216""",INT8;FLOAT,ND;ND,N/A,0.0,0,0.0,0.0,0.0,0.0,0.0,0.0,0.0,0.0,0.0,0.0,0.0,3.855,228995,0.056,0.015,0.791,0.205,0.072,0.019,0.005,0.001,0.199,0.000
3,48,187,12,aclnnGroupedMatmulV5_GroupedMatmul_GroupedMatmul,GroupedMatmul,dynamic,MIX_AIC,1788186149760747.615	,36.700,0.730000,20,20,NO,"""9216,2048;1,2048,7168;;1,7168;;;;1;9216""",INT8;INT8;INT32;DT_BF16;FLOAT;FLOAT16;FLOAT16;INT64;FLOAT,ND;NCL;ND;ND;ND;ND;ND;ND;ND,"""9216,7168""",DT_BF16,ND,0,26.025,858830,1.453,0.056,9.975,0.383,4.69,0.18,18.522,0.712,5.095,0.196,0.048,25.925,855517,0.197,0.008,3.783,0.146,0.827,0.032,0.176,0.007,0.101,70.913
3,48,188,12,aclnnDynamicQuantV2_DynamicQuant_DynamicQuant,DynamicQuant,dynamic,AI_VECTOR_CORE,1788186149760785.255	,332.000,1.050000,40,0,NO,"""9216,7168""",DT_BF16,ND,"""9216,7168;9216""",INT8;FLOAT,ND;ND,N/A,0.0,0,0.0,0.0,0.0,0.0,0.0,0.0,0.0,0.0,0.0,0.0,0.0,327.712,21629016,188.51,0.575,19.989,0.061,295.011,0.9,170.12,0.519,0.005,0.000
3,48,189,12,clear_ops,clear_ops,dynamic,MIX_AIC,1788186149761118.595	,28.420,1.250000,20,40,NO,N/A,N/A,N/A,N/A,N/A,N/A,0,26.201,864621,0.0,0.0,4.528,0.173,0.001,0.0,0.001,0.0,0.001,0.0,0.1,26.101,1722674,0.008,0.0,3.776,0.145,0.001,0.0,0.001,0.0,0.149,92.191
3,48,190,12,aclnnGroupedMatmulV5_GroupedMatmul_GroupedMatmul,GroupedMatmul,dynamic,MIX_AIC,1788186149761150.155	,49.840,3.330000,20,0,NO,"""9216,7168;1,7168,4096;;;;;;1""",INT8;INT8;INT32;UINT64;FLOAT;FLOAT16;FLOAT16;INT64,ND;NCL;ND;ND;ND;ND;ND;ND,"""9216,4096""",INT32,ND,0,37.528,1238429,2.905,0.077,5.252,0.14,9.378,0.25,33.137,0.883,2.537,0.068,0.032,0.0,0,0.0,0.0,0.0,0.0,0.0,0.0,0.0,0.0,0.0,75.297
3,48,191,12,DequantSwigluQuant,DequantSwigluQuant,dynamic,AI_VECTOR_CORE,1788186149761201.075	,7.920,0.910000,36,0,NO,"""9216,4096;1,4096;9216;;1,2048;;1""",INT32;FLOAT;FLOAT;DT_UNDEFINED;FLOAT;DT_UNDEFINED;INT64,ND;ND;ND;NULL;ND;NULL;ND,"""9216,2048;9216""",INT8;FLOAT,ND;ND,N/A,0.0,0,0.0,0.0,0.0,0.0,0.0,0.0,0.0,0.0,0.0,0.0,0.0,3.606,214209,0.056,0.016,0.787,0.218,0.022,0.006,0.004,0.001,0.195,0.000
3,48,192,12,aclnnGroupedMatmulV5_GroupedMatmul_GroupedMatmul,GroupedMatmul,dynamic,MIX_AIC,1788186149761210.135	,34.640,1.330000,20,20,NO,"""9216,2048;1,2048,7168;;1,7168;;;;1;9216""",INT8;INT8;INT32;DT_BF16;FLOAT;FLOAT16;FLOAT16;INT64;FLOAT,ND;NCL;ND;ND;ND;ND;ND;ND;ND,"""9216,7168""",DT_BF16,ND,0,26.026,858849,1.453,0.056,9.817,0.377,4.69,0.18,18.86,0.725,5.154,0.198,0.049,25.932,855742,0.196,0.008,3.407,0.131,0.642,0.025,0.177,0.007,0.098,75.132
3,48,193,12,aclnnDynamicQuantV2_DynamicQuant_DynamicQuant,DynamicQuant,dynamic,AI_VECTOR_CORE,1788186149761245.875	,332.700,1.110000,40,0,NO,"""9216,7168""",DT_BF16,ND,"""9216,7168;9216""",INT8;FLOAT,ND;ND,N/A,0.0,0,0.0,0.0,0.0,0.0,0.0,0.0,0.0,0.0,0.0,0.0,0.0,327.649,21624851,188.508,0.575,20.004,0.061,294.747,0.9,167.869,0.512,0.005,0.000
3,48,194,12,clear_ops,clear_ops,dynamic,MIX_AIC,1788186149761579.515	,28.080,0.800000,20,40,NO,N/A,N/A,N/A,N/A,N/A,N/A,0,25.87,853700,0.0,0.0,4.54,0.175,0.001,0.0,0.001,0.0,0.001,0.0,0.102,25.767,1700612,0.008,0.0,3.783,0.147,0.001,0.0,0.001,0.0,0.148,92.129
3,48,195,12,aclnnGroupedMatmulV5_GroupedMatmul_GroupedMatmul,GroupedMatmul,dynamic,MIX_AIC,1788186149761610.475	,50.240,2.920000,20,0,NO,"""9216,7168;1,7168,4096;;;;;;1""",INT8;INT8;INT32;UINT64;FLOAT;FLOAT16;FLOAT16;INT64,ND;NCL;ND;ND;ND;ND;ND;ND,"""9216,4096""",INT32,ND,0,37.267,1229827,2.905,0.078,5.077,0.136,9.373,0.252,32.847,0.881,2.524,0.068,0.033,0.0,0,0.0,0.0,0.0,0.0,0.0,0.0,0.0,0.0,0.0,74.179
3,48,196,12,DequantSwigluQuant,DequantSwigluQuant,dynamic,AI_VECTOR_CORE,1788186149761661.415	,10.780,0.760000,36,0,NO,"""9216,4096;1,4096;9216;;1,2048;;1""",INT32;FLOAT;FLOAT;DT_UNDEFINED;FLOAT;DT_UNDEFINED;INT64,ND;ND;ND;NULL;ND;NULL;ND,"""9216,2048;9216""",INT8;FLOAT,ND;ND,N/A,0.0,0,0.0,0.0,0.0,0.0,0.0,0.0,0.0,0.0,0.0,0.0,0.0,6.555,389370,0.056,0.009,2.436,0.372,0.084,0.013,0.005,0.001,0.19,0.000
3,48,197,12,aclnnGroupedMatmulV5_GroupedMatmul_GroupedMatmul,GroupedMatmul,dynamic,MIX_AIC,1788186149761673.435	,36.360,1.220000,20,20,NO,"""9216,2048;1,2048,7168;;1,7168;;;;1;9216""",INT8;INT8;INT32;DT_BF16;FLOAT;FLOAT16;FLOAT16;INT64;FLOAT,ND;NCL;ND;ND;ND;ND;ND;ND;ND,"""9216,7168""",DT_BF16,ND,0,27.909,921008,1.453,0.052,11.595,0.415,4.695,0.168,18.723,0.671,5.028,0.18,0.046,27.836,918593,0.188,0.007,6.588,0.237,0.792,0.028,0.181,0.007,0.087,76.758
3,48,198,12,aclnnDynamicQuantV2_DynamicQuant_DynamicQuant,DynamicQuant,dynamic,AI_VECTOR_CORE,1788186149761711.035	,330.280,1.140000,40,0,NO,"""9216,7168""",DT_BF16,ND,"""9216,7168;9216""",INT8;FLOAT,ND;ND,N/A,0.0,0,0.0,0.0,0.0,0.0,0.0,0.0,0.0,0.0,0.0,0.0,0.0,327.205,21595553,188.508,0.576,19.976,0.061,294.518,0.9,161.516,0.494,0.004,0.000
3,48,199,12,clear_ops,clear_ops,dynamic,MIX_AIC,1788186149762042.715	,28.240,1.470000,20,40,NO,N/A,N/A,N/A,N/A,N/A,N/A,0,25.984,857475,0.0,0.0,4.458,0.172,0.001,0.0,0.001,0.0,0.001,0.0,0.102,25.883,1708283,0.008,0.0,3.761,0.145,0.001,0.0,0.001,0.0,0.149,92.012
3,48,200,12,aclnnGroupedMatmulV5_GroupedMatmul_GroupedMatmul,GroupedMatmul,dynamic,MIX_AIC,1788186149762073.675	,51.760,2.760000,20,0,NO,"""9216,7168;1,7168,4096;;;;;;1""",INT8;INT8;INT32;UINT64;FLOAT;FLOAT16;FLOAT16;INT64,ND;NCL;ND;ND;ND;ND;ND;ND,"""9216,4096""",INT32,ND,0,37.618,1241385,2.905,0.077,6.626,0.176,9.38,0.249,32.451,0.863,2.557,0.068,0.028,0.0,0,0.0,0.0,0.0,0.0,0.0,0.0,0.0,0.0,0.0,72.677
3,48,201,12,DequantSwigluQuant,DequantSwigluQuant,dynamic,AI_VECTOR_CORE,1788186149762126.415	,7.980,0.990000,36,0,NO,"""9216,4096;1,4096;9216;;1,2048;;1""",INT32;FLOAT;FLOAT;DT_UNDEFINED;FLOAT;DT_UNDEFINED;INT64,ND;ND;ND;NULL;ND;NULL;ND,"""9216,2048;9216""",INT8;FLOAT,ND;ND,N/A,0.0,0,0.0,0.0,0.0,0.0,0.0,0.0,0.0,0.0,0.0,0.0,0.0,3.953,234814,0.056,0.014,0.883,0.223,0.028,0.007,0.005,0.001,0.197,0.000
3,48,202,12,aclnnGroupedMatmulV5_GroupedMatmul_GroupedMatmul,GroupedMatmul,dynamic,MIX_AIC,1788186149762135.435	,35.920,1.020000,20,20,NO,"""9216,2048;1,2048,7168;;1,7168;;;;1;9216""",INT8;INT8;INT32;DT_BF16;FLOAT;FLOAT16;FLOAT16;INT64;FLOAT,ND;NCL;ND;ND;ND;ND;ND;ND;ND,"""9216,7168""",DT_BF16,ND,0,26.512,874891,1.453,0.055,10.478,0.395,4.687,0.177,18.68,0.705,5.084,0.192,0.047,26.433,872287,0.193,0.007,4.354,0.165,0.897,0.034,0.174,0.007,0.094,73.808
3,48,203,12,aclnnDynamicQuantV2_DynamicQuant_DynamicQuant,DynamicQuant,dynamic,AI_VECTOR_CORE,1788186149762172.415	,332.700,1.080000,40,0,NO,"""9216,7168""",DT_BF16,ND,"""9216,7168;9216""",INT8;FLOAT,ND;ND,N/A,0.0,0,0.0,0.0,0.0,0.0,0.0,0.0,0.0,0.0,0.0,0.0,0.0,327.667,21626040,188.508,0.575,19.938,0.061,294.877,0.9,171.561,0.524,0.005,0.000
3,48,204,12,clear_ops,clear_ops,dynamic,MIX_AIC,1788186149762506.555	,28.680,1.300000,20,40,NO,N/A,N/A,N/A,N/A,N/A,N/A,0,26.449,872817,0.0,0.0,4.42,0.167,0.001,0.0,0.001,0.0,0.001,0.0,0.1,26.349,1739027,0.008,0.0,3.615,0.137,0.001,0.0,0.001,0.0,0.149,92.221
3,48,205,12,aclnnGroupedMatmulV5_GroupedMatmul_GroupedMatmul,GroupedMatmul,dynamic,MIX_AIC,1788186149762538.155	,50.280,3.070000,20,0,NO,"""9216,7168;1,7168,4096;;;;;;1""",INT8;INT8;INT32;UINT64;FLOAT;FLOAT16;FLOAT16;INT64,ND;NCL;ND;ND;ND;ND;ND;ND,"""9216,4096""",INT32,ND,0,37.09,1223965,2.905,0.078,5.154,0.139,9.375,0.253,32.855,0.886,2.47,0.067,0.032,0.0,0,0.0,0.0,0.0,0.0,0.0,0.0,0.0,0.0,0.0,73.767
3,48,206,12,DequantSwigluQuant,DequantSwigluQuant,dynamic,AI_VECTOR_CORE,1788186149762589.675	,7.720,1.220000,36,0,NO,"""9216,4096;1,4096;9216;;1,2048;;1""",INT32;FLOAT;FLOAT;DT_UNDEFINED;FLOAT;DT_UNDEFINED;INT64,ND;ND;ND;NULL;ND;NULL;ND,"""9216,2048;9216""",INT8;FLOAT,ND;ND,N/A,0.0,0,0.0,0.0,0.0,0.0,0.0,0.0,0.0,0.0,0.0,0.0,0.0,3.706,220164,0.056,0.015,0.769,0.208,0.024,0.006,0.005,0.001,0.198,0.000
3,48,207,12,aclnnGroupedMatmulV5_GroupedMatmul_GroupedMatmul,GroupedMatmul,dynamic,MIX_AIC,1788186149762598.695	,34.700,1.280000,20,20,NO,"""9216,2048;1,2048,7168;;1,7168;;;;1;9216""",INT8;INT8;INT32;DT_BF16;FLOAT;FLOAT16;FLOAT16;INT64;FLOAT,ND;NCL;ND;ND;ND;ND;ND;ND;ND,"""9216,7168""",DT_BF16,ND,0,25.997,857894,1.453,0.056,9.893,0.381,4.69,0.18,18.541,0.713,4.965,0.191,0.047,25.92,855369,0.203,0.008,3.991,0.154,0.591,0.023,0.179,0.007,0.1,74.919
3,48,208,12,aclnnDynamicQuantV2_DynamicQuant_DynamicQuant,DynamicQuant,dynamic,AI_VECTOR_CORE,1788186149762634.435	,331.800,1.050000,40,0,NO,"""9216,7168""",DT_BF16,ND,"""9216,7168;9216""",INT8;FLOAT,ND;ND,N/A,0.0,0,0.0,0.0,0.0,0.0,0.0,0.0,0.0,0.0,0.0,0.0,0.0,326.525,21550682,188.508,0.577,19.966,0.061,293.926,0.9,168.415,0.516,0.004,0.000
3,48,209,12,clear_ops,clear_ops,dynamic,MIX_AIC,1788186149762967.275	,27.780,0.950000,20,40,NO,N/A,N/A,N/A,N/A,N/A,N/A,0,25.549,843110,0.0,0.0,4.54,0.178,0.001,0.0,0.001,0.0,0.001,0.0,0.101,25.446,1679419,0.008,0.0,3.794,0.149,0.001,0.0,0.001,0.0,0.15,91.968
3,48,210,12,aclnnGroupedMatmulV5_GroupedMatmul_GroupedMatmul,GroupedMatmul,dynamic,MIX_AIC,1788186149762997.635	,50.940,2.720000,20,0,NO,"""9216,7168;1,7168,4096;;;;;;1""",INT8;INT8;INT32;UINT64;FLOAT;FLOAT16;FLOAT16;INT64,ND;NCL;ND;ND;ND;ND;ND;ND,"""9216,4096""",INT32,ND,0,36.876,1216893,2.905,0.079,5.233,0.142,9.38,0.254,32.516,0.882,2.46,0.067,0.03,0.0,0,0.0,0.0,0.0,0.0,0.0,0.0,0.0,0.0,0.0,72.390
3,48,211,12,DequantSwigluQuant,DequantSwigluQuant,dynamic,AI_VECTOR_CORE,1788186149763049.775	,7.400,1.060000,36,0,NO,"""9216,4096;1,4096;9216;;1,2048;;1""",INT32;FLOAT;FLOAT;DT_UNDEFINED;FLOAT;DT_UNDEFINED;INT64,ND;ND;ND;NULL;ND;NULL;ND,"""9216,2048;9216""",INT8;FLOAT,ND;ND,N/A,0.0,0,0.0,0.0,0.0,0.0,0.0,0.0,0.0,0.0,0.0,0.0,0.0,3.749,222696,0.056,0.015,0.794,0.212,0.082,0.022,0.005,0.001,0.201,0.000
3,48,212,12,aclnnGroupedMatmulV5_GroupedMatmul_GroupedMatmul,GroupedMatmul,dynamic,MIX_AIC,1788186149763058.195	,35.280,1.100000,20,20,NO,"""9216,2048;1,2048,7168;;1,7168;;;;1;9216""",INT8;INT8;INT32;DT_BF16;FLOAT;FLOAT16;FLOAT16;INT64;FLOAT,ND;NCL;ND;ND;ND;ND;ND;ND;ND,"""9216,7168""",DT_BF16,ND,0,26.804,884547,1.453,0.054,10.572,0.394,4.693,0.175,18.742,0.699,5.02,0.187,0.047,26.717,881659,0.193,0.007,4.726,0.177,0.818,0.031,0.177,0.007,0.092,75.976
3,48,213,12,aclnnDynamicQuantV2_DynamicQuant_DynamicQuant,DynamicQuant,dynamic,AI_VECTOR_CORE,1788186149763094.575	,331.860,0.970000,40,0,NO,"""9216,7168""",DT_BF16,ND,"""9216,7168;9216""",INT8;FLOAT,ND;ND,N/A,0.0,0,0.0,0.0,0.0,0.0,0.0,0.0,0.0,0.0,0.0,0.0,0.0,327.265,21599485,188.508,0.576,19.989,0.061,294.451,0.9,171.487,0.524,0.005,0.000
3,48,214,12,clear_ops,clear_ops,dynamic,MIX_AIC,1788186149763427.515	,28.340,1.140000,20,40,NO,N/A,N/A,N/A,N/A,N/A,N/A,0,26.103,861410,0.0,0.0,4.517,0.173,0.001,0.0,0.001,0.0,0.001,0.0,0.102,26.003,1716210,0.008,0.0,3.765,0.145,0.001,0.0,0.001,0.0,0.149,92.108
3,48,215,12,aclnnGroupedMatmulV5_GroupedMatmul_GroupedMatmul,GroupedMatmul,dynamic,MIX_AIC,1788186149763458.515	,52.200,2.660000,20,0,NO,"""9216,7168;1,7168,4096;;;;;;1""",INT8;INT8;INT32;UINT64;FLOAT;FLOAT16;FLOAT16;INT64,ND;NCL;ND;ND;ND;ND;ND;ND,"""9216,4096""",INT32,ND,0,37.274,1230027,2.905,0.078,5.749,0.154,9.378,0.252,32.613,0.875,2.506,0.067,0.031,0.0,0,0.0,0.0,0.0,0.0,0.0,0.0,0.0,0.0,0.0,71.405
3,48,216,12,DequantSwigluQuant,DequantSwigluQuant,dynamic,AI_VECTOR_CORE,1788186149763511.875	,7.880,1.300000,36,0,NO,"""9216,4096;1,4096;9216;;1,2048;;1""",INT32;FLOAT;FLOAT;DT_UNDEFINED;FLOAT;DT_UNDEFINED;INT64,ND;ND;ND;NULL;ND;NULL;ND,"""9216,2048;9216""",INT8;FLOAT,ND;ND,N/A,0.0,0,0.0,0.0,0.0,0.0,0.0,0.0,0.0,0.0,0.0,0.0,0.0,3.572,212205,0.056,0.016,0.797,0.223,0.02,0.006,0.004,0.001,0.195,0.000
3,48,217,12,aclnnGroupedMatmulV5_GroupedMatmul_GroupedMatmul,GroupedMatmul,dynamic,MIX_AIC,1788186149763520.935	,34.900,1.120000,20,20,NO,"""9216,2048;1,2048,7168;;1,7168;;;;1;9216""",INT8;INT8;INT32;DT_BF16;FLOAT;FLOAT16;FLOAT16;INT64;FLOAT,ND;NCL;ND;ND;ND;ND;ND;ND;ND,"""9216,7168""",DT_BF16,ND,0,26.734,882219,1.453,0.054,10.508,0.393,4.687,0.175,18.696,0.699,4.949,0.185,0.047,26.657,879674,0.194,0.007,4.679,0.176,0.755,0.028,0.176,0.007,0.091,76.601
3,48,218,12,aclnnDynamicQuantV2_DynamicQuant_DynamicQuant,DynamicQuant,dynamic,AI_VECTOR_CORE,1788186149763556.715	,330.760,0.850000,40,0,NO,"""9216,7168""",DT_BF16,ND,"""9216,7168;9216""",INT8;FLOAT,ND;ND,N/A,0.0,0,0.0,0.0,0.0,0.0,0.0,0.0,0.0,0.0,0.0,0.0,0.0,326.427,21544198,188.508,0.577,19.95,0.061,293.478,0.899,166.166,0.509,0.004,0.000
3,48,219,12,clear_ops,clear_ops,dynamic,MIX_AIC,1788186149763888.595	,28.080,0.990000,20,40,NO,N/A,N/A,N/A,N/A,N/A,N/A,0,25.855,853228,0.0,0.0,4.569,0.177,0.001,0.0,0.001,0.0,0.001,0.0,0.101,25.756,1699874,0.008,0.0,3.877,0.151,0.001,0.0,0.001,0.0,0.148,92.078
3,48,220,12,aclnnGroupedMatmulV5_GroupedMatmul_GroupedMatmul,GroupedMatmul,dynamic,MIX_AIC,1788186149763919.555	,52.780,2.920000,20,0,NO,"""9216,7168;1,7168,4096;;;;;;1""",INT8;INT8;INT32;UINT64;FLOAT;FLOAT16;FLOAT16;INT64,ND;NCL;ND;ND;ND;ND;ND;ND,"""9216,4096""",INT32,ND,0,39.012,1287397,2.905,0.074,5.187,0.133,9.374,0.24,34.595,0.887,2.558,0.066,0.032,0.0,0,0.0,0.0,0.0,0.0,0.0,0.0,0.0,0.0,0.0,73.914
3,48,221,12,DequantSwigluQuant,DequantSwigluQuant,dynamic,AI_VECTOR_CORE,1788186149763973.075	,7.740,0.720000,36,0,NO,"""9216,4096;1,4096;9216;;1,2048;;1""",INT32;FLOAT;FLOAT;DT_UNDEFINED;FLOAT;DT_UNDEFINED;INT64,ND;ND;ND;NULL;ND;NULL;ND,"""9216,2048;9216""",INT8;FLOAT,ND;ND,N/A,0.0,0,0.0,0.0,0.0,0.0,0.0,0.0,0.0,0.0,0.0,0.0,0.0,3.775,224238,0.056,0.015,0.821,0.217,0.061,0.016,0.005,0.001,0.197,0.000
3,48,222,12,aclnnGroupedMatmulV5_GroupedMatmul_GroupedMatmul,GroupedMatmul,dynamic,MIX_AIC,1788186149763982.115	,35.600,1.260000,20,20,NO,"""9216,2048;1,2048,7168;;1,7168;;;;1;9216""",INT8;INT8;INT32;DT_BF16;FLOAT;FLOAT16;FLOAT16;INT64;FLOAT,ND;NCL;ND;ND;ND;ND;ND;ND;ND,"""9216,7168""",DT_BF16,ND,0,27.221,898303,1.453,0.053,9.562,0.351,4.689,0.172,20.325,0.747,5.317,0.195,0.05,27.072,893381,0.196,0.007,3.439,0.127,0.809,0.03,0.181,0.007,0.099,76.464
3,48,223,12,aclnnDynamicQuantV2_DynamicQuant_DynamicQuant,DynamicQuant,dynamic,AI_VECTOR_CORE,1788186149764018.455	,340.040,0.900000,40,0,NO,"""9216,7168""",DT_BF16,ND,"""9216,7168;9216""",INT8;FLOAT,ND;ND,N/A,0.0,0,0.0,0.0,0.0,0.0,0.0,0.0,0.0,0.0,0.0,0.0,0.0,334.284,22062719,188.506,0.564,19.936,0.06,301.26,0.901,174.728,0.523,0.004,0.000
3,48,224,12,clear_ops,clear_ops,dynamic,MIX_AIC,1788186149764359.375	,28.220,0.960000,20,40,NO,N/A,N/A,N/A,N/A,N/A,N/A,0,25.923,855444,0.0,0.0,4.45,0.172,0.001,0.0,0.001,0.0,0.001,0.0,0.101,25.822,1704228,0.008,0.0,3.771,0.146,0.001,0.0,0.001,0.0,0.149,91.859
3,48,225,12,aclnnGroupedMatmulV5_GroupedMatmul_GroupedMatmul,GroupedMatmul,dynamic,MIX_AIC,1788186149764390.315	,50.000,2.530000,20,0,NO,"""9216,7168;1,7168,4096;;;;;;1""",INT8;INT8;INT32;UINT64;FLOAT;FLOAT16;FLOAT16;INT64,ND;NCL;ND;ND;ND;ND;ND;ND,"""9216,4096""",INT32,ND,0,36.745,1212575,2.905,0.079,5.189,0.141,9.376,0.255,32.476,0.884,2.452,0.067,0.032,0.0,0,0.0,0.0,0.0,0.0,0.0,0.0,0.0,0.0,0.0,73.489
3,48,226,12,DequantSwigluQuant,DequantSwigluQuant,dynamic,AI_VECTOR_CORE,1788186149764441.215	,7.540,1.000000,36,0,NO,"""9216,4096;1,4096;9216;;1,2048;;1""",INT32;FLOAT;FLOAT;DT_UNDEFINED;FLOAT;DT_UNDEFINED;INT64,ND;ND;ND;NULL;ND;NULL;ND,"""9216,2048;9216""",INT8;FLOAT,ND;ND,N/A,0.0,0,0.0,0.0,0.0,0.0,0.0,0.0,0.0,0.0,0.0,0.0,0.0,3.718,220855,0.056,0.015,0.885,0.238,0.031,0.008,0.005,0.001,0.198,0.000
3,48,227,12,aclnnGroupedMatmulV5_GroupedMatmul_GroupedMatmul,GroupedMatmul,dynamic,MIX_AIC,1788186149764449.675	,34.320,0.960000,20,20,NO,"""9216,2048;1,2048,7168;;1,7168;;;;1;9216""",INT8;INT8;INT32;DT_BF16;FLOAT;FLOAT16;FLOAT16;INT64;FLOAT,ND;NCL;ND;ND;ND;ND;ND;ND;ND,"""9216,7168""",DT_BF16,ND,0,26.33,868899,1.453,0.055,10.03,0.381,4.691,0.178,18.759,0.712,5.154,0.196,0.048,26.227,865495,0.198,0.008,4.113,0.157,0.781,0.03,0.174,0.007,0.099,76.720
3,48,228,12,aclnnDynamicQuantV2_DynamicQuant_DynamicQuant,DynamicQuant,dynamic,AI_VECTOR_CORE,1788186149764484.815	,330.900,0.680000,40,0,NO,"""9216,7168""",DT_BF16,ND,"""9216,7168;9216""",INT8;FLOAT,ND;ND,N/A,0.0,0,0.0,0.0,0.0,0.0,0.0,0.0,0.0,0.0,0.0,0.0,0.0,326.825,21570433,188.508,0.577,19.95,0.061,294.116,0.9,161.499,0.494,0.005,0.000
3,48,229,12,clear_ops,clear_ops,dynamic,MIX_AIC,1788186149764817.095	,28.560,1.350000,20,40,NO,N/A,N/A,N/A,N/A,N/A,N/A,0,26.359,869854,0.0,0.0,4.532,0.172,0.001,0.0,0.001,0.0,0.001,0.0,0.102,26.259,1733075,0.008,0.0,3.754,0.143,0.001,0.0,0.001,0.0,0.149,92.294
3,48,230,12,aclnnGroupedMatmulV5_GroupedMatmul_GroupedMatmul,GroupedMatmul,dynamic,MIX_AIC,1788186149764848.675	,50.480,3.190000,20,0,NO,"""9216,7168;1,7168,4096;;;;;;1""",INT8;INT8;INT32;UINT64;FLOAT;FLOAT16;FLOAT16;INT64,ND;NCL;ND;ND;ND;ND;ND;ND,"""9216,4096""",INT32,ND,0,36.798,1214321,2.905,0.079,5.46,0.148,9.376,0.255,32.473,0.882,2.563,0.07,0.031,0.0,0,0.0,0.0,0.0,0.0,0.0,0.0,0.0,0.0,0.0,72.895
3,48,231,12,DequantSwigluQuant,DequantSwigluQuant,dynamic,AI_VECTOR_CORE,1788186149764900.215	,7.820,1.020000,36,0,NO,"""9216,4096;1,4096;9216;;1,2048;;1""",INT32;FLOAT;FLOAT;DT_UNDEFINED;FLOAT;DT_UNDEFINED;INT64,ND;ND;ND;NULL;ND;NULL;ND,"""9216,2048;9216""",INT8;FLOAT,ND;ND,N/A,0.0,0,0.0,0.0,0.0,0.0,0.0,0.0,0.0,0.0,0.0,0.0,0.0,3.705,220090,0.056,0.015,0.772,0.208,0.027,0.007,0.005,0.001,0.196,0.000
3,48,232,12,aclnnGroupedMatmulV5_GroupedMatmul_GroupedMatmul,GroupedMatmul,dynamic,MIX_AIC,1788186149764909.275	,33.600,1.180000,20,20,NO,"""9216,2048;1,2048,7168;;1,7168;;;;1;9216""",INT8;INT8;INT32;DT_BF16;FLOAT;FLOAT16;FLOAT16;INT64;FLOAT,ND;NCL;ND;ND;ND;ND;ND;ND;ND,"""9216,7168""",DT_BF16,ND,0,26.231,865618,1.453,0.055,9.97,0.38,4.687,0.179,18.84,0.718,5.086,0.194,0.048,26.136,862481,0.2,0.008,4.151,0.159,0.646,0.025,0.18,0.007,0.094,78.068
3,48,233,12,aclnnDynamicQuantV2_DynamicQuant_DynamicQuant,DynamicQuant,dynamic,AI_VECTOR_CORE,1788186149764943.835	,334.020,0.900000,40,0,NO,"""9216,7168""",DT_BF16,ND,"""9216,7168;9216""",INT8;FLOAT,ND;ND,N/A,0.0,0,0.0,0.0,0.0,0.0,0.0,0.0,0.0,0.0,0.0,0.0,0.0,328.962,21711468,188.508,0.573,22.077,0.067,295.341,0.898,167.199,0.508,0.004,0.000
3,48,234,12,clear_ops,clear_ops,dynamic,MIX_AIC,1788186149765278.775	,28.220,0.980000,20,40,NO,N/A,N/A,N/A,N/A,N/A,N/A,0,26.029,858962,0.0,0.0,4.569,0.176,0.001,0.0,0.001,0.0,0.001,0.0,0.1,25.927,1711181,0.008,0.0,3.807,0.147,0.001,0.0,0.001,0.0,0.149,92.237
3,48,235,12,aclnnGroupedMatmulV5_GroupedMatmul_GroupedMatmul,GroupedMatmul,dynamic,MIX_AIC,1788186149765309.715	,51.160,2.780000,20,0,NO,"""9216,7168;1,7168,4096;;;;;;1""",INT8;INT8;INT32;UINT64;FLOAT;FLOAT16;FLOAT16;INT64,ND;NCL;ND;ND;ND;ND;ND;ND,"""9216,4096""",INT32,ND,0,37.443,1235608,2.905,0.078,5.255,0.14,9.377,0.25,33.063,0.883,2.516,0.067,0.032,0.0,0,0.0,0.0,0.0,0.0,0.0,0.0,0.0,0.0,0.0,73.187
3,48,236,12,DequantSwigluQuant,DequantSwigluQuant,dynamic,AI_VECTOR_CORE,1788186149765361.855	,7.600,0.840000,36,0,NO,"""9216,4096;1,4096;9216;;1,2048;;1""",INT32;FLOAT;FLOAT;DT_UNDEFINED;FLOAT;DT_UNDEFINED;INT64,ND;ND;ND;NULL;ND;NULL;ND,"""9216,2048;9216""",INT8;FLOAT,ND;ND,N/A,0.0,0,0.0,0.0,0.0,0.0,0.0,0.0,0.0,0.0,0.0,0.0,0.0,3.855,229005,0.056,0.015,0.785,0.204,0.083,0.022,0.005,0.001,0.197,0.000
3,48,237,12,aclnnGroupedMatmulV5_GroupedMatmul_GroupedMatmul,GroupedMatmul,dynamic,MIX_AIC,1788186149765370.875	,35.180,1.650000,20,20,NO,"""9216,2048;1,2048,7168;;1,7168;;;;1;9216""",INT8;INT8;INT32;DT_BF16;FLOAT;FLOAT16;FLOAT16;INT64;FLOAT,ND;NCL;ND;ND;ND;ND;ND;ND;ND,"""9216,7168""",DT_BF16,ND,0,27.014,891448,1.453,0.054,10.977,0.406,4.691,0.174,18.652,0.69,4.966,0.184,0.046,26.931,888722,0.188,0.007,5.811,0.216,0.75,0.028,0.177,0.007,0.086,76.787
3,48,238,12,aclnnDynamicQuantV2_DynamicQuant_DynamicQuant,DynamicQuant,dynamic,AI_VECTOR_CORE,1788186149765407.255	,333.220,1.070000,40,0,NO,"""9216,7168""",DT_BF16,ND,"""9216,7168;9216""",INT8;FLOAT,ND;ND,N/A,0.0,0,0.0,0.0,0.0,0.0,0.0,0.0,0.0,0.0,0.0,0.0,0.0,327.285,21600795,188.507,0.576,19.975,0.061,294.534,0.9,166.95,0.51,0.005,0.000
3,48,239,12,clear_ops,clear_ops,dynamic,MIX_AIC,1788186149765741.355	,29.140,0.780000,20,40,NO,N/A,N/A,N/A,N/A,N/A,N/A,0,26.928,888609,0.0,0.0,4.537,0.168,0.001,0.0,0.001,0.0,0.001,0.0,0.102,26.83,1770761,0.008,0.0,3.785,0.141,0.001,0.0,0.001,0.0,0.149,92.407
3,48,240,12,aclnnGroupedMatmulV5_GroupedMatmul_GroupedMatmul,GroupedMatmul,dynamic,MIX_AIC,1788186149765773.575	,51.160,3.110000,20,0,NO,"""9216,7168;1,7168,4096;;;;;;1""",INT8;INT8;INT32;UINT64;FLOAT;FLOAT16;FLOAT16;INT64,ND;NCL;ND;ND;ND;ND;ND;ND,"""9216,4096""",INT32,ND,0,37.57,1239796,2.905,0.077,5.206,0.139,9.373,0.249,33.231,0.885,2.537,0.068,0.032,0.0,0,0.0,0.0,0.0,0.0,0.0,0.0,0.0,0.0,0.0,73.435
3,48,241,12,DequantSwigluQuant,DequantSwigluQuant,dynamic,AI_VECTOR_CORE,1788186149765825.695	,7.840,1.090000,36,0,NO,"""9216,4096;1,4096;9216;;1,2048;;1""",INT32;FLOAT;FLOAT;DT_UNDEFINED;FLOAT;DT_UNDEFINED;INT64,ND;ND;ND;NULL;ND;NULL;ND,"""9216,2048;9216""",INT8;FLOAT,ND;ND,N/A,0.0,0,0.0,0.0,0.0,0.0,0.0,0.0,0.0,0.0,0.0,0.0,0.0,3.602,213947,0.056,0.016,0.795,0.221,0.02,0.005,0.004,0.001,0.196,0.000
3,48,242,12,aclnnGroupedMatmulV5_GroupedMatmul_GroupedMatmul,GroupedMatmul,dynamic,MIX_AIC,1788186149765834.735	,34.400,1.160000,20,20,NO,"""9216,2048;1,2048,7168;;1,7168;;;;1;9216""",INT8;INT8;INT32;DT_BF16;FLOAT;FLOAT16;FLOAT16;INT64;FLOAT,ND;NCL;ND;ND;ND;ND;ND;ND;ND,"""9216,7168""",DT_BF16,ND,0,26.05,859659,1.453,0.056,9.755,0.374,4.691,0.18,19.029,0.73,5.293,0.203,0.048,25.964,856815,0.204,0.008,3.471,0.134,0.713,0.027,0.177,0.007,0.105,75.728
3,48,243,12,aclnnDynamicQuantV2_DynamicQuant_DynamicQuant,DynamicQuant,dynamic,AI_VECTOR_CORE,1788186149765869.915	,330.160,0.850000,40,0,NO,"""9216,7168""",DT_BF16,ND,"""9216,7168;9216""",INT8;FLOAT,ND;ND,N/A,0.0,0,0.0,0.0,0.0,0.0,0.0,0.0,0.0,0.0,0.0,0.0,0.0,326.199,21529138,188.507,0.578,20.005,0.061,293.399,0.899,166.283,0.51,0.005,0.000
3,48,244,12,clear_ops,clear_ops,dynamic,MIX_AIC,1788186149766200.975	,30.100,0.840000,20,40,NO,N/A,N/A,N/A,N/A,N/A,N/A,0,27.869,919670,0.0,0.0,4.588,0.165,0.001,0.0,0.001,0.0,0.001,0.0,0.101,27.766,1832569,0.008,0.0,3.852,0.139,0.001,0.0,0.001,0.0,0.149,92.587
3,48,245,12,aclnnGroupedMatmulV5_GroupedMatmul_GroupedMatmul,GroupedMatmul,dynamic,MIX_AIC,1788186149766233.755	,51.160,2.650000,20,0,NO,"""9216,7168;1,7168,4096;;;;;;1""",INT8;INT8;INT32;UINT64;FLOAT;FLOAT16;FLOAT16;INT64,ND;NCL;ND;ND;ND;ND;ND;ND,"""9216,4096""",INT32,ND,0,36.423,1201945,2.905,0.08,5.464,0.15,9.377,0.257,32.153,0.883,2.499,0.069,0.031,0.0,0,0.0,0.0,0.0,0.0,0.0,0.0,0.0,0.0,0.0,71.193
3,48,246,12,DequantSwigluQuant,DequantSwigluQuant,dynamic,AI_VECTOR_CORE,1788186149766285.875	,7.200,1.090000,36,0,NO,"""9216,4096;1,4096;9216;;1,2048;;1""",INT32;FLOAT;FLOAT;DT_UNDEFINED;FLOAT;DT_UNDEFINED;INT64,ND;ND;ND;NULL;ND;NULL;ND,"""9216,2048;9216""",INT8;FLOAT,ND;ND,N/A,0.0,0,0.0,0.0,0.0,0.0,0.0,0.0,0.0,0.0,0.0,0.0,0.0,3.821,226953,0.056,0.015,0.853,0.223,0.051,0.013,0.005,0.001,0.198,0.000
3,48,247,12,aclnnGroupedMatmulV5_GroupedMatmul_GroupedMatmul,GroupedMatmul,dynamic,MIX_AIC,1788186149766294.295	,35.120,1.050000,20,20,NO,"""9216,2048;1,2048,7168;;1,7168;;;;1;9216""",INT8;INT8;INT32;DT_BF16;FLOAT;FLOAT16;FLOAT16;INT64;FLOAT,ND;NCL;ND;ND;ND;ND;ND;ND;ND,"""9216,7168""",DT_BF16,ND,0,27.413,904620,1.453,0.053,11.323,0.413,4.686,0.171,18.53,0.676,4.992,0.182,0.046,27.354,902681,0.188,0.007,6.217,0.227,0.724,0.026,0.181,0.007,0.086,78.054
3,48,248,12,aclnnDynamicQuantV2_DynamicQuant_DynamicQuant,DynamicQuant,dynamic,AI_VECTOR_CORE,1788186149766330.655	,332.920,1.380000,40,0,NO,"""9216,7168""",DT_BF16,ND,"""9216,7168;9216""",INT8;FLOAT,ND;ND,N/A,0.0,0,0.0,0.0,0.0,0.0,0.0,0.0,0.0,0.0,0.0,0.0,0.0,327.748,21631391,188.508,0.575,19.979,0.061,294.901,0.9,172.936,0.528,0.004,0.000
3,48,249,12,clear_ops,clear_ops,dynamic,MIX_AIC,1788186149766664.475	,27.960,0.830000,20,40,NO,N/A,N/A,N/A,N/A,N/A,N/A,0,25.718,848696,0.0,0.0,4.514,0.176,0.001,0.0,0.001,0.0,0.001,0.0,0.101,25.616,1690673,0.008,0.0,3.862,0.151,0.001,0.0,0.001,0.0,0.148,91.982
