Device_id,kernel_name,kernel_type,stream_id,task_id,task_time(us),task_start(us),task_stop(us)
3,N/A,PROFILING_ENABLE,48,2,0.000,1788186111377705.615	,1788186111377705.615	
3,N/A,KERNEL_AICPU,48,3,120.300,1788186111382948.855	,1788186111383069.155	
3,N/A,TASK_TIMEOUT_SET,48,4,94.780,1788186111386590.455	,1788186111386685.235	
3,N/A,TASK_TIMEOUT_SET,48,5,95.360,1788186111389675.795	,1788186111389771.155	
3,OnesLike_2060cf8d69781f9a7462e2f67555909f_high_performance_210010000,AI_VECTOR_CORE,47,0,38.980,1788186112069418.015	,1788186112069456.995	
3,N/A,MEMCPY_ASYNC,47,1,2.300,1788186112077910.675	,1788186112077912.975	
3,N/A,DSA_SQE,47,2,2774.680,1788186112078029.895	,1788186112080804.575	
3,Cast_be58e0047e83b59a9415f71365cd1622_high_performance_210010000,AI_VECTOR_CORE,47,3,323.340,1788186112080804.595	,1788186112081127.935	
3,N/A,MEMCPY_ASYNC,47,4,2.420,1788186112081127.975	,1788186112081130.395	
3,N/A,DSA_SQE,47,5,1382.840,1788186112081130.555	,1788186112082513.395	
3,Cast_be58e0047e83b59a9415f71365cd1622_high_performance_210010000,AI_VECTOR_CORE,47,6,117.620,1788186112082513.435	,1788186112082631.055	
3,N/A,MEMCPY_ASYNC,47,7,2.320,1788186112082631.075	,1788186112082633.395	
3,N/A,DSA_SQE,47,8,1.980,1788186112082633.555	,1788186112082635.535	
3,N/A,MEMCPY_ASYNC,47,9,2.280,1788186112082635.555	,1788186112082637.835	
3,N/A,DSA_SQE,47,10,2.160,1788186112082637.995	,1788186112082640.155	
3,N/A,MEMCPY_ASYNC,47,11,2.280,1788186112082640.175	,1788186112082642.455	
3,N/A,DSA_SQE,47,12,1.680,1788186112082642.615	,1788186112082644.295	
3,N/A,MEMCPY_ASYNC,47,13,2.340,1788186112082644.335	,1788186112082646.675	
3,N/A,DSA_SQE,47,14,2.180,1788186112082646.835	,1788186112082649.015	
3,N/A,MEMCPY_ASYNC,47,15,2.320,1788186112082649.055	,1788186112082651.375	
3,N/A,DSA_SQE,47,16,1.540,1788186112082651.535	,1788186112082653.075	
3,GroupedMatmul_073724674f6bc75efdc841276e0eb3cc_335741442,MIX_AIC,47,17,50.280,1788186116931045.315	,1788186116931095.595	
3,DequantSwigluQuant_int32_high_performance_100000000,AI_VECTOR_CORE,47,18,10.080,1788186117699748.955	,1788186117699759.035	
3,GroupedMatmul_7027ddb93c25b26c6a749b5e1bdcd245_34697052674,MIX_AIC,47,19,23.660,1788186117704007.315	,1788186117704030.975	
3,DynamicQuant_bf16_1_high_performance_10,AI_VECTOR_CORE,47,20,324.660,1788186117704566.495	,1788186117704891.155	
3,clear_ops,MIX_AIC,47,21,30.740,1788186117704971.135	,1788186117705001.875	
3,GroupedMatmul_073724674f6bc75efdc841276e0eb3cc_335741442,MIX_AIC,47,22,52.160,1788186117706976.415	,1788186117707028.575	
3,DequantSwigluQuant_int32_high_performance_100000000,AI_VECTOR_CORE,47,23,9.480,1788186117707134.295	,1788186117707143.775	
3,GroupedMatmul_7027ddb93c25b26c6a749b5e1bdcd245_34697052674,MIX_AIC,47,24,43.580,1788186117709097.875	,1788186117709141.455	
3,DynamicQuant_bf16_1_high_performance_10,AI_VECTOR_CORE,47,25,332.100,1788186117709837.115	,1788186117710169.215	
3,clear_ops,MIX_AIC,47,26,31.240,1788186117710170.355	,1788186117710201.595	
3,GroupedMatmul_073724674f6bc75efdc841276e0eb3cc_335741442,MIX_AIC,47,27,52.220,1788186117711691.175	,1788186117711743.395	
3,DequantSwigluQuant_int32_high_performance_100000000,AI_VECTOR_CORE,47,28,7.780,1788186117711851.835	,1788186117711859.615	
3,GroupedMatmul_7027ddb93c25b26c6a749b5e1bdcd245_34697052674,MIX_AIC,47,29,43.280,1788186117713804.315	,1788186117713847.595	
3,DynamicQuant_bf16_1_high_performance_10,AI_VECTOR_CORE,47,30,328.560,1788186117714510.715	,1788186117714839.275	
3,clear_ops,MIX_AIC,47,31,29.540,1788186117714840.555	,1788186117714870.095	
3,GroupedMatmul_073724674f6bc75efdc841276e0eb3cc_335741442,MIX_AIC,47,32,53.460,1788186117716361.675	,1788186117716415.135	
3,DequantSwigluQuant_int32_high_performance_100000000,AI_VECTOR_CORE,47,33,8.780,1788186117716515.155	,1788186117716523.935	
3,GroupedMatmul_7027ddb93c25b26c6a749b5e1bdcd245_34697052674,MIX_AIC,47,34,40.520,1788186117718466.775	,1788186117718507.295	
3,DynamicQuant_bf16_1_high_performance_10,AI_VECTOR_CORE,47,35,333.040,1788186117719170.355	,1788186117719503.395	
3,clear_ops,MIX_AIC,47,36,29.400,1788186117719504.875	,1788186117719534.275	
3,GroupedMatmul_073724674f6bc75efdc841276e0eb3cc_335741442,MIX_AIC,47,37,51.900,1788186117720995.535	,1788186117721047.435	
3,DequantSwigluQuant_int32_high_performance_100000000,AI_VECTOR_CORE,47,38,9.200,1788186117721160.975	,1788186117721170.175	
3,GroupedMatmul_7027ddb93c25b26c6a749b5e1bdcd245_34697052674,MIX_AIC,47,39,42.380,1788186117723100.875	,1788186117723143.255	
3,DynamicQuant_bf16_1_high_performance_10,AI_VECTOR_CORE,47,40,329.580,1788186117723818.255	,1788186117724147.835	
3,clear_ops,MIX_AIC,47,41,31.180,1788186117724149.215	,1788186117724180.395	
3,GroupedMatmul_073724674f6bc75efdc841276e0eb3cc_335741442,MIX_AIC,47,42,53.640,1788186117725693.395	,1788186117725747.035	
3,DequantSwigluQuant_int32_high_performance_100000000,AI_VECTOR_CORE,47,43,10.240,1788186117725847.215	,1788186117725857.455	
3,GroupedMatmul_7027ddb93c25b26c6a749b5e1bdcd245_34697052674,MIX_AIC,47,44,40.960,1788186117727776.955	,1788186117727817.915	
3,DynamicQuant_bf16_1_high_performance_10,AI_VECTOR_CORE,47,45,332.000,1788186117728478.455	,1788186117728810.455	
3,clear_ops,MIX_AIC,47,46,30.140,1788186117728811.855	,1788186117728841.995	
3,GroupedMatmul_073724674f6bc75efdc841276e0eb3cc_335741442,MIX_AIC,47,47,52.240,1788186117730318.575	,1788186117730370.815	
3,DequantSwigluQuant_int32_high_performance_100000000,AI_VECTOR_CORE,47,48,9.480,1788186117730471.475	,1788186117730480.955	
3,GroupedMatmul_7027ddb93c25b26c6a749b5e1bdcd245_34697052674,MIX_AIC,47,49,40.060,1788186117732406.995	,1788186117732447.055	
3,DynamicQuant_bf16_1_high_performance_10,AI_VECTOR_CORE,47,50,334.040,1788186117733114.475	,1788186117733448.515	
3,clear_ops,MIX_AIC,47,51,31.120,1788186117733449.555	,1788186117733480.675	
3,GroupedMatmul_073724674f6bc75efdc841276e0eb3cc_335741442,MIX_AIC,47,52,50.740,1788186117734981.375	,1788186117735032.115	
3,DequantSwigluQuant_int32_high_performance_100000000,AI_VECTOR_CORE,47,53,9.240,1788186117735128.915	,1788186117735138.155	
3,GroupedMatmul_7027ddb93c25b26c6a749b5e1bdcd245_34697052674,MIX_AIC,47,54,42.220,1788186117737058.115	,1788186117737100.335	
3,DynamicQuant_bf16_1_high_performance_10,AI_VECTOR_CORE,47,55,329.140,1788186117737770.155	,1788186117738099.295	
3,clear_ops,MIX_AIC,47,56,29.600,1788186117738100.815	,1788186117738130.415	
3,GroupedMatmul_073724674f6bc75efdc841276e0eb3cc_335741442,MIX_AIC,47,57,51.640,1788186117739618.995	,1788186117739670.635	
3,DequantSwigluQuant_int32_high_performance_100000000,AI_VECTOR_CORE,47,58,7.740,1788186117739779.755	,1788186117739787.495	
3,GroupedMatmul_7027ddb93c25b26c6a749b5e1bdcd245_34697052674,MIX_AIC,47,59,40.620,1788186117741715.795	,1788186117741756.415	
3,DynamicQuant_bf16_1_high_performance_10,AI_VECTOR_CORE,47,60,330.980,1788186117742413.155	,1788186117742744.135	
3,clear_ops,MIX_AIC,47,61,29.720,1788186117742745.475	,1788186117742775.195	
3,GroupedMatmul_073724674f6bc75efdc841276e0eb3cc_335741442,MIX_AIC,47,62,52.480,1788186117744240.555	,1788186117744293.035	
3,DequantSwigluQuant_int32_high_performance_100000000,AI_VECTOR_CORE,47,63,14.000,1788186117744397.595	,1788186117744411.595	
3,GroupedMatmul_7027ddb93c25b26c6a749b5e1bdcd245_34697052674,MIX_AIC,47,64,39.780,1788186117746337.975	,1788186117746377.755	
3,DynamicQuant_bf16_1_high_performance_10,AI_VECTOR_CORE,47,65,329.320,1788186117747036.455	,1788186117747365.775	
3,clear_ops,MIX_AIC,47,66,29.560,1788186117747366.835	,1788186117747396.395	
3,GroupedMatmul_073724674f6bc75efdc841276e0eb3cc_335741442,MIX_AIC,47,67,53.860,1788186117748875.695	,1788186117748929.555	
3,DequantSwigluQuant_int32_high_performance_100000000,AI_VECTOR_CORE,47,68,9.180,1788186117749031.035	,1788186117749040.215	
3,GroupedMatmul_7027ddb93c25b26c6a749b5e1bdcd245_34697052674,MIX_AIC,47,69,39.480,1788186117750985.655	,1788186117751025.135	
3,DynamicQuant_bf16_1_high_performance_10,AI_VECTOR_CORE,47,70,330.100,1788186117751691.915	,1788186117752022.015	
3,clear_ops,MIX_AIC,47,71,29.740,1788186117752023.115	,1788186117752052.855	
3,GroupedMatmul_073724674f6bc75efdc841276e0eb3cc_335741442,MIX_AIC,47,72,52.300,1788186117753560.235	,1788186117753612.535	
3,DequantSwigluQuant_int32_high_performance_100000000,AI_VECTOR_CORE,47,73,9.200,1788186117753704.575	,1788186117753713.775	
3,GroupedMatmul_7027ddb93c25b26c6a749b5e1bdcd245_34697052674,MIX_AIC,47,74,38.400,1788186117755633.135	,1788186117755671.535	
3,DynamicQuant_bf16_1_high_performance_10,AI_VECTOR_CORE,47,75,329.840,1788186117756334.435	,1788186117756664.275	
3,clear_ops,MIX_AIC,47,76,30.240,1788186117756665.615	,1788186117756695.855	
3,GroupedMatmul_073724674f6bc75efdc841276e0eb3cc_335741442,MIX_AIC,47,77,52.360,1788186117758180.415	,1788186117758232.775	
3,DequantSwigluQuant_int32_high_performance_100000000,AI_VECTOR_CORE,47,78,8.620,1788186117758332.955	,1788186117758341.575	
3,GroupedMatmul_7027ddb93c25b26c6a749b5e1bdcd245_34697052674,MIX_AIC,47,79,39.420,1788186117760267.535	,1788186117760306.955	
3,DynamicQuant_bf16_1_high_performance_10,AI_VECTOR_CORE,47,80,330.980,1788186117760960.495	,1788186117761291.475	
3,clear_ops,MIX_AIC,47,81,30.380,1788186117761292.815	,1788186117761323.195	
3,GroupedMatmul_073724674f6bc75efdc841276e0eb3cc_335741442,MIX_AIC,47,82,51.940,1788186117762801.235	,1788186117762853.175	
3,DequantSwigluQuant_int32_high_performance_100000000,AI_VECTOR_CORE,47,83,8.640,1788186117762960.795	,1788186117762969.435	
3,GroupedMatmul_7027ddb93c25b26c6a749b5e1bdcd245_34697052674,MIX_AIC,47,84,39.020,1788186117764890.455	,1788186117764929.475	
3,DynamicQuant_bf16_1_high_performance_10,AI_VECTOR_CORE,47,85,329.780,1788186117765640.235	,1788186117765970.015	
3,clear_ops,MIX_AIC,47,86,29.460,1788186117765971.255	,1788186117766000.715	
3,GroupedMatmul_073724674f6bc75efdc841276e0eb3cc_335741442,MIX_AIC,47,87,51.820,1788186117767471.195	,1788186117767523.015	
3,DequantSwigluQuant_int32_high_performance_100000000,AI_VECTOR_CORE,47,88,8.560,1788186117767623.975	,1788186117767632.535	
3,GroupedMatmul_7027ddb93c25b26c6a749b5e1bdcd245_34697052674,MIX_AIC,47,89,41.300,1788186117769580.555	,1788186117769621.855	
3,DynamicQuant_bf16_1_high_performance_10,AI_VECTOR_CORE,47,90,331.800,1788186117770272.035	,1788186117770603.835	
3,clear_ops,MIX_AIC,47,91,30.440,1788186117770605.215	,1788186117770635.655	
3,GroupedMatmul_073724674f6bc75efdc841276e0eb3cc_335741442,MIX_AIC,47,92,52.200,1788186117772082.795	,1788186117772134.995	
3,DequantSwigluQuant_int32_high_performance_100000000,AI_VECTOR_CORE,47,93,9.240,1788186117772239.515	,1788186117772248.755	
3,GroupedMatmul_7027ddb93c25b26c6a749b5e1bdcd245_34697052674,MIX_AIC,47,94,40.420,1788186117774184.655	,1788186117774225.075	
3,DynamicQuant_bf16_1_high_performance_10,AI_VECTOR_CORE,47,95,333.320,1788186117774877.795	,1788186117775211.115	
3,clear_ops,MIX_AIC,47,96,32.180,1788186117775212.435	,1788186117775244.615	
3,GroupedMatmul_073724674f6bc75efdc841276e0eb3cc_335741442,MIX_AIC,47,97,52.040,1788186117776675.655	,1788186117776727.695	
3,DequantSwigluQuant_int32_high_performance_100000000,AI_VECTOR_CORE,47,98,8.680,1788186117776828.415	,1788186117776837.095	
3,GroupedMatmul_7027ddb93c25b26c6a749b5e1bdcd245_34697052674,MIX_AIC,47,99,38.000,1788186117778769.035	,1788186117778807.035	
3,DynamicQuant_bf16_1_high_performance_10,AI_VECTOR_CORE,47,100,330.940,1788186117779463.195	,1788186117779794.135	
3,clear_ops,MIX_AIC,47,101,30.340,1788186117779795.595	,1788186117779825.935	
3,GroupedMatmul_073724674f6bc75efdc841276e0eb3cc_335741442,MIX_AIC,47,102,51.700,1788186117781296.495	,1788186117781348.195	
3,DequantSwigluQuant_int32_high_performance_100000000,AI_VECTOR_CORE,47,103,9.020,1788186117781445.455	,1788186117781454.475	
3,GroupedMatmul_7027ddb93c25b26c6a749b5e1bdcd245_34697052674,MIX_AIC,47,104,39.600,1788186117783363.195	,1788186117783402.795	
3,DynamicQuant_bf16_1_high_performance_10,AI_VECTOR_CORE,47,105,334.760,1788186117784067.515	,1788186117784402.275	
3,clear_ops,MIX_AIC,47,106,30.720,1788186117784403.475	,1788186117784434.195	
3,GroupedMatmul_073724674f6bc75efdc841276e0eb3cc_335741442,MIX_AIC,47,107,54.320,1788186117785903.655	,1788186117785957.975	
3,DequantSwigluQuant_int32_high_performance_100000000,AI_VECTOR_CORE,47,108,8.380,1788186117786062.775	,1788186117786071.155	
3,GroupedMatmul_7027ddb93c25b26c6a749b5e1bdcd245_34697052674,MIX_AIC,47,109,39.820,1788186117787994.255	,1788186117788034.075	
3,DynamicQuant_bf16_1_high_performance_10,AI_VECTOR_CORE,47,110,330.060,1788186117788691.695	,1788186117789021.755	
3,clear_ops,MIX_AIC,47,111,31.700,1788186117789023.155	,1788186117789054.855	
3,GroupedMatmul_073724674f6bc75efdc841276e0eb3cc_335741442,MIX_AIC,47,112,55.500,1788186117790532.415	,1788186117790587.915	
3,DequantSwigluQuant_int32_high_performance_100000000,AI_VECTOR_CORE,47,113,8.860,1788186117790685.515	,1788186117790694.375	
3,GroupedMatmul_7027ddb93c25b26c6a749b5e1bdcd245_34697052674,MIX_AIC,47,114,39.500,1788186117792608.035	,1788186117792647.535	
3,DynamicQuant_bf16_1_high_performance_10,AI_VECTOR_CORE,47,115,330.140,1788186117793348.515	,1788186117793678.655	
3,clear_ops,MIX_AIC,47,116,30.000,1788186117793679.875	,1788186117793709.875	
3,GroupedMatmul_073724674f6bc75efdc841276e0eb3cc_335741442,MIX_AIC,47,117,51.420,1788186117795165.175	,1788186117795216.595	
3,DequantSwigluQuant_int32_high_performance_100000000,AI_VECTOR_CORE,47,118,9.160,1788186117795316.815	,1788186117795325.975	
3,GroupedMatmul_7027ddb93c25b26c6a749b5e1bdcd245_34697052674,MIX_AIC,47,119,37.920,1788186117797283.735	,1788186117797321.655	
3,DynamicQuant_bf16_1_high_performance_10,AI_VECTOR_CORE,47,120,334.420,1788186117797972.195	,1788186117798306.615	
3,clear_ops,MIX_AIC,47,121,30.040,1788186117798307.935	,1788186117798337.975	
3,GroupedMatmul_073724674f6bc75efdc841276e0eb3cc_335741442,MIX_AIC,47,122,51.960,1788186117799791.455	,1788186117799843.415	
3,DequantSwigluQuant_int32_high_performance_100000000,AI_VECTOR_CORE,47,123,8.800,1788186117799941.915	,1788186117799950.715	
3,GroupedMatmul_7027ddb93c25b26c6a749b5e1bdcd245_34697052674,MIX_AIC,47,124,43.540,1788186117801889.995	,1788186117801933.535	
3,DynamicQuant_bf16_1_high_performance_10,AI_VECTOR_CORE,47,125,330.520,1788186117802590.455	,1788186117802920.975	
3,clear_ops,MIX_AIC,47,126,31.800,1788186117802921.995	,1788186117802953.795	
3,GroupedMatmul_073724674f6bc75efdc841276e0eb3cc_335741442,MIX_AIC,47,127,51.720,1788186117804399.835	,1788186117804451.555	
3,DequantSwigluQuant_int32_high_performance_100000000,AI_VECTOR_CORE,47,128,9.200,1788186117804563.375	,1788186117804572.575	
3,GroupedMatmul_7027ddb93c25b26c6a749b5e1bdcd245_34697052674,MIX_AIC,47,129,44.320,1788186117806508.055	,1788186117806552.375	
3,DynamicQuant_bf16_1_high_performance_10,AI_VECTOR_CORE,47,130,330.100,1788186117807203.655	,1788186117807533.755	
3,clear_ops,MIX_AIC,47,131,29.700,1788186117807535.215	,1788186117807564.915	
3,GroupedMatmul_073724674f6bc75efdc841276e0eb3cc_335741442,MIX_AIC,47,132,53.100,1788186117809022.895	,1788186117809075.995	
3,DequantSwigluQuant_int32_high_performance_100000000,AI_VECTOR_CORE,47,133,9.500,1788186117809195.495	,1788186117809204.995	
3,GroupedMatmul_7027ddb93c25b26c6a749b5e1bdcd245_34697052674,MIX_AIC,47,134,43.700,1788186117811113.915	,1788186117811157.615	
3,DynamicQuant_bf16_1_high_performance_10,AI_VECTOR_CORE,47,135,329.560,1788186117811806.395	,1788186117812135.955	
3,clear_ops,MIX_AIC,47,136,28.920,1788186117812137.375	,1788186117812166.295	
3,GroupedMatmul_073724674f6bc75efdc841276e0eb3cc_335741442,MIX_AIC,47,137,53.380,1788186117813663.275	,1788186117813716.655	
3,DequantSwigluQuant_int32_high_performance_100000000,AI_VECTOR_CORE,47,138,7.860,1788186117813819.815	,1788186117813827.675	
3,GroupedMatmul_7027ddb93c25b26c6a749b5e1bdcd245_34697052674,MIX_AIC,47,139,40.080,1788186117815743.995	,1788186117815784.075	
3,DynamicQuant_bf16_1_high_performance_10,AI_VECTOR_CORE,47,140,330.120,1788186117816441.895	,1788186117816772.015	
3,clear_ops,MIX_AIC,47,141,29.820,1788186117816773.535	,1788186117816803.355	
3,GroupedMatmul_073724674f6bc75efdc841276e0eb3cc_335741442,MIX_AIC,47,142,52.760,1788186117818268.475	,1788186117818321.235	
3,DequantSwigluQuant_int32_high_performance_100000000,AI_VECTOR_CORE,47,143,9.160,1788186117818426.995	,1788186117818436.155	
3,GroupedMatmul_7027ddb93c25b26c6a749b5e1bdcd245_34697052674,MIX_AIC,47,144,43.540,1788186117820355.415	,1788186117820398.955	
3,DynamicQuant_bf16_1_high_performance_10,AI_VECTOR_CORE,47,145,330.360,1788186117821057.995	,1788186117821388.355	
3,clear_ops,MIX_AIC,47,146,30.220,1788186117821389.675	,1788186117821419.895	
3,GroupedMatmul_073724674f6bc75efdc841276e0eb3cc_335741442,MIX_AIC,47,147,54.420,1788186117822880.555	,1788186117822934.975	
3,DequantSwigluQuant_int32_high_performance_100000000,AI_VECTOR_CORE,47,148,8.560,1788186117823035.915	,1788186117823044.475	
3,GroupedMatmul_7027ddb93c25b26c6a749b5e1bdcd245_34697052674,MIX_AIC,47,149,39.200,1788186117824960.115	,1788186117824999.315	
3,DynamicQuant_bf16_1_high_performance_10,AI_VECTOR_CORE,47,150,331.400,1788186117825669.015	,1788186117826000.415	
3,clear_ops,MIX_AIC,47,151,29.780,1788186117826001.935	,1788186117826031.715	
3,GroupedMatmul_073724674f6bc75efdc841276e0eb3cc_335741442,MIX_AIC,47,152,50.400,1788186117827497.095	,1788186117827547.495	
3,DequantSwigluQuant_int32_high_performance_100000000,AI_VECTOR_CORE,47,153,13.940,1788186117827653.235	,1788186117827667.175	
3,GroupedMatmul_7027ddb93c25b26c6a749b5e1bdcd245_34697052674,MIX_AIC,47,154,38.720,1788186117829578.935	,1788186117829617.655	
3,DynamicQuant_bf16_1_high_performance_10,AI_VECTOR_CORE,47,155,330.400,1788186117830278.135	,1788186117830608.535	
3,clear_ops,MIX_AIC,47,156,31.040,1788186117830609.795	,1788186117830640.835	
3,GroupedMatmul_073724674f6bc75efdc841276e0eb3cc_335741442,MIX_AIC,47,157,51.980,1788186117832106.435	,1788186117832158.415	
3,DequantSwigluQuant_int32_high_performance_100000000,AI_VECTOR_CORE,47,158,8.900,1788186117832259.855	,1788186117832268.755	
3,GroupedMatmul_7027ddb93c25b26c6a749b5e1bdcd245_34697052674,MIX_AIC,47,159,41.400,1788186117834262.895	,1788186117834304.295	
3,DynamicQuant_bf16_1_high_performance_10,AI_VECTOR_CORE,47,160,328.500,1788186117834966.555	,1788186117835295.055	
3,clear_ops,MIX_AIC,47,161,30.360,1788186117835296.155	,1788186117835326.515	
3,GroupedMatmul_073724674f6bc75efdc841276e0eb3cc_335741442,MIX_AIC,47,162,52.160,1788186117836770.795	,1788186117836822.955	
3,DequantSwigluQuant_int32_high_performance_100000000,AI_VECTOR_CORE,47,163,9.740,1788186117836922.675	,1788186117836932.415	
3,GroupedMatmul_7027ddb93c25b26c6a749b5e1bdcd245_34697052674,MIX_AIC,47,164,39.600,1788186117838859.235	,1788186117838898.835	
3,DynamicQuant_bf16_1_high_performance_10,AI_VECTOR_CORE,47,165,328.700,1788186117839551.935	,1788186117839880.635	
3,clear_ops,MIX_AIC,47,166,29.840,1788186117839882.155	,1788186117839911.995	
3,GroupedMatmul_073724674f6bc75efdc841276e0eb3cc_335741442,MIX_AIC,47,167,53.160,1788186117841393.795	,1788186117841446.955	
3,DequantSwigluQuant_int32_high_performance_100000000,AI_VECTOR_CORE,47,168,9.320,1788186117841546.295	,1788186117841555.615	
3,GroupedMatmul_7027ddb93c25b26c6a749b5e1bdcd245_34697052674,MIX_AIC,47,169,38.800,1788186117843459.495	,1788186117843498.295	
3,DynamicQuant_bf16_1_high_performance_10,AI_VECTOR_CORE,47,170,331.280,1788186117844163.175	,1788186117844494.455	
3,clear_ops,MIX_AIC,47,171,31.380,1788186117844495.855	,1788186117844527.235	
3,GroupedMatmul_073724674f6bc75efdc841276e0eb3cc_335741442,MIX_AIC,47,172,52.400,1788186117845987.655	,1788186117846040.055	
3,DequantSwigluQuant_int32_high_performance_100000000,AI_VECTOR_CORE,47,173,7.780,1788186117846145.595	,1788186117846153.375	
3,GroupedMatmul_7027ddb93c25b26c6a749b5e1bdcd245_34697052674,MIX_AIC,47,174,41.760,1788186117848079.015	,1788186117848120.775	
3,DynamicQuant_bf16_1_high_performance_10,AI_VECTOR_CORE,47,175,330.500,1788186117848783.515	,1788186117849114.015	
3,clear_ops,MIX_AIC,47,176,29.080,1788186117849115.115	,1788186117849144.195	
3,GroupedMatmul_073724674f6bc75efdc841276e0eb3cc_335741442,MIX_AIC,47,177,53.960,1788186117850609.315	,1788186117850663.275	
3,DequantSwigluQuant_int32_high_performance_100000000,AI_VECTOR_CORE,47,178,8.780,1788186117850771.815	,1788186117850780.595	
3,GroupedMatmul_7027ddb93c25b26c6a749b5e1bdcd245_34697052674,MIX_AIC,47,179,38.660,1788186117852697.115	,1788186117852735.775	
3,DynamicQuant_bf16_1_high_performance_10,AI_VECTOR_CORE,47,180,329.780,1788186117853422.435	,1788186117853752.215	
3,clear_ops,MIX_AIC,47,181,31.180,1788186117853753.695	,1788186117853784.875	
3,GroupedMatmul_073724674f6bc75efdc841276e0eb3cc_335741442,MIX_AIC,47,182,51.900,1788186117855251.095	,1788186117855302.995	
3,DequantSwigluQuant_int32_high_performance_100000000,AI_VECTOR_CORE,47,183,8.360,1788186117855402.895	,1788186117855411.255	
3,GroupedMatmul_7027ddb93c25b26c6a749b5e1bdcd245_34697052674,MIX_AIC,47,184,39.480,1788186117857336.595	,1788186117857376.075	
3,DynamicQuant_bf16_1_high_performance_10,AI_VECTOR_CORE,47,185,330.320,1788186117858035.475	,1788186117858365.795	
3,clear_ops,MIX_AIC,47,186,29.620,1788186117858367.255	,1788186117858396.875	
3,GroupedMatmul_073724674f6bc75efdc841276e0eb3cc_335741442,MIX_AIC,47,187,50.920,1788186117859845.055	,1788186117859895.975	
3,DequantSwigluQuant_int32_high_performance_100000000,AI_VECTOR_CORE,47,188,8.780,1788186117859999.135	,1788186117860007.915	
3,GroupedMatmul_7027ddb93c25b26c6a749b5e1bdcd245_34697052674,MIX_AIC,47,189,43.840,1788186117861950.395	,1788186117861994.235	
3,DynamicQuant_bf16_1_high_performance_10,AI_VECTOR_CORE,47,190,329.780,1788186117862646.495	,1788186117862976.275	
3,clear_ops,MIX_AIC,47,191,30.400,1788186117862977.715	,1788186117863008.115	
3,GroupedMatmul_073724674f6bc75efdc841276e0eb3cc_335741442,MIX_AIC,47,192,54.000,1788186117864451.315	,1788186117864505.315	
3,DequantSwigluQuant_int32_high_performance_100000000,AI_VECTOR_CORE,47,193,10.080,1788186117864601.595	,1788186117864611.675	
3,GroupedMatmul_7027ddb93c25b26c6a749b5e1bdcd245_34697052674,MIX_AIC,47,194,43.660,1788186117866553.395	,1788186117866597.055	
3,DynamicQuant_bf16_1_high_performance_10,AI_VECTOR_CORE,47,195,330.900,1788186117867273.575	,1788186117867604.475	
3,clear_ops,MIX_AIC,47,196,29.800,1788186117867605.675	,1788186117867635.475	
3,GroupedMatmul_073724674f6bc75efdc841276e0eb3cc_335741442,MIX_AIC,47,197,52.680,1788186117869090.975	,1788186117869143.655	
3,DequantSwigluQuant_int32_high_performance_100000000,AI_VECTOR_CORE,47,198,7.700,1788186117869264.535	,1788186117869272.235	
3,GroupedMatmul_7027ddb93c25b26c6a749b5e1bdcd245_34697052674,MIX_AIC,47,199,40.580,1788186117871186.955	,1788186117871227.535	
3,DynamicQuant_bf16_1_high_performance_10,AI_VECTOR_CORE,47,200,331.380,1788186117871887.175	,1788186117872218.555	
3,clear_ops,MIX_AIC,47,201,30.560,1788186117872219.675	,1788186117872250.235	
3,GroupedMatmul_073724674f6bc75efdc841276e0eb3cc_335741442,MIX_AIC,47,202,51.460,1788186117873723.515	,1788186117873774.975	
3,DequantSwigluQuant_int32_high_performance_100000000,AI_VECTOR_CORE,47,203,8.360,1788186117873877.195	,1788186117873885.555	
3,GroupedMatmul_7027ddb93c25b26c6a749b5e1bdcd245_34697052674,MIX_AIC,47,204,40.760,1788186117875796.895	,1788186117875837.655	
3,DynamicQuant_bf16_1_high_performance_10,AI_VECTOR_CORE,47,205,333.120,1788186117876496.915	,1788186117876830.035	
3,clear_ops,MIX_AIC,47,206,29.360,1788186117876831.255	,1788186117876860.615	
3,GroupedMatmul_073724674f6bc75efdc841276e0eb3cc_335741442,MIX_AIC,47,207,52.280,1788186117878333.015	,1788186117878385.295	
3,DequantSwigluQuant_int32_high_performance_100000000,AI_VECTOR_CORE,47,208,7.600,1788186117878491.315	,1788186117878498.915	
3,GroupedMatmul_7027ddb93c25b26c6a749b5e1bdcd245_34697052674,MIX_AIC,47,209,42.720,1788186117880414.795	,1788186117880457.515	
3,DynamicQuant_bf16_1_high_performance_10,AI_VECTOR_CORE,47,210,330.080,1788186117881107.555	,1788186117881437.635	
3,clear_ops,MIX_AIC,47,211,30.520,1788186117881439.135	,1788186117881469.655	
3,GroupedMatmul_073724674f6bc75efdc841276e0eb3cc_335741442,MIX_AIC,47,212,53.480,1788186117882973.435	,1788186117883026.915	
3,DequantSwigluQuant_int32_high_performance_100000000,AI_VECTOR_CORE,47,213,8.000,1788186117883129.655	,1788186117883137.655	
3,GroupedMatmul_7027ddb93c25b26c6a749b5e1bdcd245_34697052674,MIX_AIC,47,214,39.780,1788186117885063.295	,1788186117885103.075	
3,DynamicQuant_bf16_1_high_performance_10,AI_VECTOR_CORE,47,215,330.440,1788186117885773.855	,1788186117886104.295	
3,clear_ops,MIX_AIC,47,216,30.940,1788186117886105.775	,1788186117886136.715	
3,GroupedMatmul_073724674f6bc75efdc841276e0eb3cc_335741442,MIX_AIC,47,217,51.720,1788186117887606.175	,1788186117887657.895	
3,DequantSwigluQuant_int32_high_performance_100000000,AI_VECTOR_CORE,47,218,9.540,1788186117887757.775	,1788186117887767.315	
3,GroupedMatmul_7027ddb93c25b26c6a749b5e1bdcd245_34697052674,MIX_AIC,47,219,40.540,1788186117889696.955	,1788186117889737.495	
3,DynamicQuant_bf16_1_high_performance_10,AI_VECTOR_CORE,47,220,333.480,1788186117890394.415	,1788186117890727.895	
3,clear_ops,MIX_AIC,47,221,30.840,1788186117890729.195	,1788186117890760.035	
3,GroupedMatmul_073724674f6bc75efdc841276e0eb3cc_335741442,MIX_AIC,47,222,50.980,1788186117892204.495	,1788186117892255.475	
3,DequantSwigluQuant_int32_high_performance_100000000,AI_VECTOR_CORE,47,223,9.600,1788186117892361.615	,1788186117892371.215	
3,GroupedMatmul_7027ddb93c25b26c6a749b5e1bdcd245_34697052674,MIX_AIC,47,224,40.220,1788186117894300.975	,1788186117894341.195	
3,DynamicQuant_bf16_1_high_performance_10,AI_VECTOR_CORE,47,225,329.500,1788186117895000.215	,1788186117895329.715	
3,clear_ops,MIX_AIC,47,226,29.380,1788186117895331.235	,1788186117895360.615	
3,GroupedMatmul_073724674f6bc75efdc841276e0eb3cc_335741442,MIX_AIC,47,227,53.200,1788186117896815.895	,1788186117896869.095	
3,DequantSwigluQuant_int32_high_performance_100000000,AI_VECTOR_CORE,47,228,7.780,1788186117896971.395	,1788186117896979.175	
3,GroupedMatmul_7027ddb93c25b26c6a749b5e1bdcd245_34697052674,MIX_AIC,47,229,41.620,1788186117898956.735	,1788186117898998.355	
3,DynamicQuant_bf16_1_high_performance_10,AI_VECTOR_CORE,47,230,328.560,1788186117899650.895	,1788186117899979.455	
3,clear_ops,MIX_AIC,47,231,30.160,1788186117899980.995	,1788186117900011.155	
3,GroupedMatmul_073724674f6bc75efdc841276e0eb3cc_335741442,MIX_AIC,47,232,52.640,1788186117901480.915	,1788186117901533.555	
3,DequantSwigluQuant_int32_high_performance_100000000,AI_VECTOR_CORE,47,233,8.700,1788186117901638.435	,1788186117901647.135	
3,GroupedMatmul_7027ddb93c25b26c6a749b5e1bdcd245_34697052674,MIX_AIC,47,234,40.200,1788186117903564.495	,1788186117903604.695	
3,DynamicQuant_bf16_1_high_performance_10,AI_VECTOR_CORE,47,235,332.600,1788186117904263.135	,1788186117904595.735	
3,clear_ops,MIX_AIC,47,236,31.420,1788186117904597.015	,1788186117904628.435	
3,GroupedMatmul_073724674f6bc75efdc841276e0eb3cc_335741442,MIX_AIC,47,237,53.100,1788186117906103.935	,1788186117906157.035	
3,DequantSwigluQuant_int32_high_performance_100000000,AI_VECTOR_CORE,47,238,9.400,1788186117906259.095	,1788186117906268.495	
3,GroupedMatmul_7027ddb93c25b26c6a749b5e1bdcd245_34697052674,MIX_AIC,47,239,42.100,1788186117908167.075	,1788186117908209.175	
3,DynamicQuant_bf16_1_high_performance_10,AI_VECTOR_CORE,47,240,330.120,1788186117908871.675	,1788186117909201.795	
3,clear_ops,MIX_AIC,47,241,31.240,1788186117909203.075	,1788186117909234.315	
3,GroupedMatmul_073724674f6bc75efdc841276e0eb3cc_335741442,MIX_AIC,47,242,54.140,1788186117910693.795	,1788186117910747.935	
3,DequantSwigluQuant_int32_high_performance_100000000,AI_VECTOR_CORE,47,243,9.440,1788186117910845.295	,1788186117910854.735	
3,GroupedMatmul_7027ddb93c25b26c6a749b5e1bdcd245_34697052674,MIX_AIC,47,244,40.940,1788186117912778.075	,1788186117912819.015	
3,DynamicQuant_bf16_1_high_performance_10,AI_VECTOR_CORE,47,245,330.100,1788186117913496.975	,1788186117913827.075	
3,clear_ops,MIX_AIC,47,246,30.240,1788186117913828.375	,1788186117913858.615	
3,GroupedMatmul_073724674f6bc75efdc841276e0eb3cc_335741442,MIX_AIC,47,247,52.560,1788186117915321.875	,1788186117915374.435	
3,DequantSwigluQuant_int32_high_performance_100000000,AI_VECTOR_CORE,47,248,9.500,1788186117915478.115	,1788186117915487.615	
3,GroupedMatmul_7027ddb93c25b26c6a749b5e1bdcd245_34697052674,MIX_AIC,47,249,41.500,1788186117917433.295	,1788186117917474.795	
3,DynamicQuant_bf16_1_high_performance_10,AI_VECTOR_CORE,47,250,331.460,1788186117918126.615	,1788186117918458.075	
3,clear_ops,MIX_AIC,47,251,29.880,1788186117918459.255	,1788186117918489.135	
3,GroupedMatmul_073724674f6bc75efdc841276e0eb3cc_335741442,MIX_AIC,47,252,51.620,1788186117919937.655	,1788186117919989.275	
3,DequantSwigluQuant_int32_high_performance_100000000,AI_VECTOR_CORE,47,253,9.140,1788186117920101.455	,1788186117920110.595	
3,GroupedMatmul_7027ddb93c25b26c6a749b5e1bdcd245_34697052674,MIX_AIC,47,254,44.060,1788186117922041.275	,1788186117922085.335	
3,DynamicQuant_bf16_1_high_performance_10,AI_VECTOR_CORE,47,255,328.800,1788186117922742.715	,1788186117923071.515	
3,clear_ops,MIX_AIC,47,256,31.140,1788186117923072.675	,1788186117923103.815	
3,GroupedMatmul_073724674f6bc75efdc841276e0eb3cc_335741442,MIX_AIC,47,257,52.500,1788186117924554.395	,1788186117924606.895	
3,DequantSwigluQuant_int32_high_performance_100000000,AI_VECTOR_CORE,47,258,8.520,1788186117924713.135	,1788186117924721.655	
3,GroupedMatmul_7027ddb93c25b26c6a749b5e1bdcd245_34697052674,MIX_AIC,47,259,39.660,1788186117926643.215	,1788186117926682.875	
3,DynamicQuant_bf16_1_high_performance_10,AI_VECTOR_CORE,47,260,328.340,1788186117927345.335	,1788186117927673.675	
3,clear_ops,MIX_AIC,47,261,29.880,1788186117927675.015	,1788186117927704.895	
3,GroupedMatmul_073724674f6bc75efdc841276e0eb3cc_335741442,MIX_AIC,47,262,52.100,1788186117929147.935	,1788186117929200.035	
3,DequantSwigluQuant_int32_high_performance_100000000,AI_VECTOR_CORE,47,263,8.440,1788186117929326.915	,1788186117929335.355	
3,GroupedMatmul_7027ddb93c25b26c6a749b5e1bdcd245_34697052674,MIX_AIC,47,264,44.940,1788186117931234.575	,1788186117931279.515	
3,DynamicQuant_bf16_1_high_performance_10,AI_VECTOR_CORE,47,265,330.300,1788186117931937.615	,1788186117932267.915	
3,clear_ops,MIX_AIC,47,266,31.140,1788186117932269.395	,1788186117932300.535	
3,Fill_41dadce325b0f810d03359af2a38990b_high_performance_210000000,AI_VECTOR_CORE,45,0,3.920,1788186149638690.835	,1788186149638694.755	
3,Fill_41dadce325b0f810d03359af2a38990b_high_performance_210000000,AI_VECTOR_CORE,45,1,3.480,1788186149638908.375	,1788186149638911.855	
3,Fill_41dadce325b0f810d03359af2a38990b_high_performance_210000000,AI_VECTOR_CORE,45,2,1.700,1788186149642470.735	,1788186149642472.435	
3,Fill_41dadce325b0f810d03359af2a38990b_high_performance_210000000,AI_VECTOR_CORE,45,3,3.020,1788186149642530.675	,1788186149642533.695	
3,TensorMove_2060cf8d69781f9a7462e2f67555909f_high_performance__kernel0,AI_VECTOR_CORE,47,267,181.340,1788186149714340.495	,1788186149714521.835	
3,N/A,MODEL_MAINTAINCE,48,6,0.000,1788186149715483.835	,1788186149715483.835	
3,N/A,MODEL_MAINTAINCE,48,7,0.000,1788186149715586.955	,1788186149715586.955	
3,N/A,MODEL_EXECUTE,47,268,5.560,1788186149716353.995	,1788186149716359.555	
3,static_kernel_GroupedMatmul_c82fe246f0843d6ddf904011e48a066257c9620090b5c755dc35ea4e8ca71409_2478629_d0,MIX_AIC,12,0,53.380,1788186149716360.895	,1788186149716414.275	
3,N/A,MODEL_WAIT_COMPLETE,47,269,23119.000,1788186149716372.335	,1788186149739491.335	
3,static_kernel_DequantSwigluQuant_1147b81e175d34d10821636ee978003d202532bd71b04cbcef6dda7cca3a60c9_2478629_d0__kernel0,AI_VECTOR_CORE,12,1,7.940,1788186149716415.435	,1788186149716423.375	
3,static_kernel_GroupedMatmul_5db5b7a9271416eb4e0c9f9f61b4869ef629dd312f49398f079aad144477c151_2478629_d0,MIX_AIC,12,2,36.640,1788186149716424.475	,1788186149716461.115	
3,static_kernel_DynamicQuant_3f3823604c7b850b2738d07cb0d129927f7c09376c436c3c4b7b457502b5435f_2478629_d0__kernel0,AI_VECTOR_CORE,12,3,357.780,1788186149716462.075	,1788186149716819.855	
3,clear_ops,MIX_AIC,12,4,29.220,1788186149716821.235	,1788186149716850.455	
3,static_kernel_GroupedMatmul_c82fe246f0843d6ddf904011e48a066257c9620090b5c755dc35ea4e8ca71409_2478629_d0,MIX_AIC,12,5,50.500,1788186149716853.375	,1788186149716903.875	
3,static_kernel_DequantSwigluQuant_1147b81e175d34d10821636ee978003d202532bd71b04cbcef6dda7cca3a60c9_2478629_d0__kernel0,AI_VECTOR_CORE,12,6,7.800,1788186149716904.895	,1788186149716912.695	
3,static_kernel_GroupedMatmul_5db5b7a9271416eb4e0c9f9f61b4869ef629dd312f49398f079aad144477c151_2478629_d0,MIX_AIC,12,7,36.500,1788186149716913.915	,1788186149716950.415	
3,static_kernel_DynamicQuant_3f3823604c7b850b2738d07cb0d129927f7c09376c436c3c4b7b457502b5435f_2478629_d0__kernel0,AI_VECTOR_CORE,12,8,332.260,1788186149716951.495	,1788186149717283.755	
3,clear_ops,MIX_AIC,12,9,30.900,1788186149717284.955	,1788186149717315.855	
3,static_kernel_GroupedMatmul_c82fe246f0843d6ddf904011e48a066257c9620090b5c755dc35ea4e8ca71409_2478629_d0,MIX_AIC,12,10,50.600,1788186149717318.975	,1788186149717369.575	
3,static_kernel_DequantSwigluQuant_1147b81e175d34d10821636ee978003d202532bd71b04cbcef6dda7cca3a60c9_2478629_d0__kernel0,AI_VECTOR_CORE,12,11,7.600,1788186149717370.515	,1788186149717378.115	
3,static_kernel_GroupedMatmul_5db5b7a9271416eb4e0c9f9f61b4869ef629dd312f49398f079aad144477c151_2478629_d0,MIX_AIC,12,12,36.820,1788186149717379.575	,1788186149717416.395	
3,static_kernel_DynamicQuant_3f3823604c7b850b2738d07cb0d129927f7c09376c436c3c4b7b457502b5435f_2478629_d0__kernel0,AI_VECTOR_CORE,12,13,331.680,1788186149717417.155	,1788186149717748.835	
3,clear_ops,MIX_AIC,12,14,28.220,1788186149717750.035	,1788186149717778.255	
3,static_kernel_GroupedMatmul_c82fe246f0843d6ddf904011e48a066257c9620090b5c755dc35ea4e8ca71409_2478629_d0,MIX_AIC,12,15,50.760,1788186149717780.995	,1788186149717831.755	
3,static_kernel_DequantSwigluQuant_1147b81e175d34d10821636ee978003d202532bd71b04cbcef6dda7cca3a60c9_2478629_d0__kernel0,AI_VECTOR_CORE,12,16,7.900,1788186149717832.495	,1788186149717840.395	
3,static_kernel_GroupedMatmul_5db5b7a9271416eb4e0c9f9f61b4869ef629dd312f49398f079aad144477c151_2478629_d0,MIX_AIC,12,17,34.020,1788186149717841.515	,1788186149717875.535	
3,static_kernel_DynamicQuant_3f3823604c7b850b2738d07cb0d129927f7c09376c436c3c4b7b457502b5435f_2478629_d0__kernel0,AI_VECTOR_CORE,12,18,332.120,1788186149717876.635	,1788186149718208.755	
3,clear_ops,MIX_AIC,12,19,28.020,1788186149718209.815	,1788186149718237.835	
3,static_kernel_GroupedMatmul_c82fe246f0843d6ddf904011e48a066257c9620090b5c755dc35ea4e8ca71409_2478629_d0,MIX_AIC,12,20,52.580,1788186149718240.755	,1788186149718293.335	
3,static_kernel_DequantSwigluQuant_1147b81e175d34d10821636ee978003d202532bd71b04cbcef6dda7cca3a60c9_2478629_d0__kernel0,AI_VECTOR_CORE,12,21,10.620,1788186149718294.115	,1788186149718304.735	
3,static_kernel_GroupedMatmul_5db5b7a9271416eb4e0c9f9f61b4869ef629dd312f49398f079aad144477c151_2478629_d0,MIX_AIC,12,22,34.560,1788186149718306.135	,1788186149718340.695	
3,static_kernel_DynamicQuant_3f3823604c7b850b2738d07cb0d129927f7c09376c436c3c4b7b457502b5435f_2478629_d0__kernel0,AI_VECTOR_CORE,12,23,332.640,1788186149718341.915	,1788186149718674.555	
3,clear_ops,MIX_AIC,12,24,28.240,1788186149718675.975	,1788186149718704.215	
3,static_kernel_GroupedMatmul_c82fe246f0843d6ddf904011e48a066257c9620090b5c755dc35ea4e8ca71409_2478629_d0,MIX_AIC,12,25,50.600,1788186149718706.955	,1788186149718757.555	
3,static_kernel_DequantSwigluQuant_1147b81e175d34d10821636ee978003d202532bd71b04cbcef6dda7cca3a60c9_2478629_d0__kernel0,AI_VECTOR_CORE,12,26,7.460,1788186149718758.515	,1788186149718765.975	
3,static_kernel_GroupedMatmul_5db5b7a9271416eb4e0c9f9f61b4869ef629dd312f49398f079aad144477c151_2478629_d0,MIX_AIC,12,27,34.180,1788186149718766.935	,1788186149718801.115	
3,static_kernel_DynamicQuant_3f3823604c7b850b2738d07cb0d129927f7c09376c436c3c4b7b457502b5435f_2478629_d0__kernel0,AI_VECTOR_CORE,12,28,333.140,1788186149718802.095	,1788186149719135.235	
3,clear_ops,MIX_AIC,12,29,28.100,1788186149719136.215	,1788186149719164.315	
3,static_kernel_GroupedMatmul_c82fe246f0843d6ddf904011e48a066257c9620090b5c755dc35ea4e8ca71409_2478629_d0,MIX_AIC,12,30,50.820,1788186149719167.215	,1788186149719218.035	
3,static_kernel_DequantSwigluQuant_1147b81e175d34d10821636ee978003d202532bd71b04cbcef6dda7cca3a60c9_2478629_d0__kernel0,AI_VECTOR_CORE,12,31,7.940,1788186149719218.775	,1788186149719226.715	
3,static_kernel_GroupedMatmul_5db5b7a9271416eb4e0c9f9f61b4869ef629dd312f49398f079aad144477c151_2478629_d0,MIX_AIC,12,32,33.660,1788186149719227.795	,1788186149719261.455	
3,static_kernel_DynamicQuant_3f3823604c7b850b2738d07cb0d129927f7c09376c436c3c4b7b457502b5435f_2478629_d0__kernel0,AI_VECTOR_CORE,12,33,331.720,1788186149719262.355	,1788186149719594.075	
3,clear_ops,MIX_AIC,12,34,28.860,1788186149719595.155	,1788186149719624.015	
3,static_kernel_GroupedMatmul_c82fe246f0843d6ddf904011e48a066257c9620090b5c755dc35ea4e8ca71409_2478629_d0,MIX_AIC,12,35,52.260,1788186149719626.755	,1788186149719679.015	
3,static_kernel_DequantSwigluQuant_1147b81e175d34d10821636ee978003d202532bd71b04cbcef6dda7cca3a60c9_2478629_d0__kernel0,AI_VECTOR_CORE,12,36,7.500,1788186149719680.135	,1788186149719687.635	
3,static_kernel_GroupedMatmul_5db5b7a9271416eb4e0c9f9f61b4869ef629dd312f49398f079aad144477c151_2478629_d0,MIX_AIC,12,37,35.260,1788186149719688.555	,1788186149719723.815	
3,static_kernel_DynamicQuant_3f3823604c7b850b2738d07cb0d129927f7c09376c436c3c4b7b457502b5435f_2478629_d0__kernel0,AI_VECTOR_CORE,12,38,331.300,1788186149719724.935	,1788186149720056.235	
3,clear_ops,MIX_AIC,12,39,29.300,1788186149720057.195	,1788186149720086.495	
3,static_kernel_GroupedMatmul_c82fe246f0843d6ddf904011e48a066257c9620090b5c755dc35ea4e8ca71409_2478629_d0,MIX_AIC,12,40,51.260,1788186149720089.375	,1788186149720140.635	
3,static_kernel_DequantSwigluQuant_1147b81e175d34d10821636ee978003d202532bd71b04cbcef6dda7cca3a60c9_2478629_d0__kernel0,AI_VECTOR_CORE,12,41,8.140,1788186149720141.515	,1788186149720149.655	
3,static_kernel_GroupedMatmul_5db5b7a9271416eb4e0c9f9f61b4869ef629dd312f49398f079aad144477c151_2478629_d0,MIX_AIC,12,42,35.060,1788186149720150.555	,1788186149720185.615	
3,static_kernel_DynamicQuant_3f3823604c7b850b2738d07cb0d129927f7c09376c436c3c4b7b457502b5435f_2478629_d0__kernel0,AI_VECTOR_CORE,12,43,330.160,1788186149720186.295	,1788186149720516.455	
3,clear_ops,MIX_AIC,12,44,27.980,1788186149720517.915	,1788186149720545.895	
3,static_kernel_GroupedMatmul_c82fe246f0843d6ddf904011e48a066257c9620090b5c755dc35ea4e8ca71409_2478629_d0,MIX_AIC,12,45,49.920,1788186149720548.895	,1788186149720598.815	
3,static_kernel_DequantSwigluQuant_1147b81e175d34d10821636ee978003d202532bd71b04cbcef6dda7cca3a60c9_2478629_d0__kernel0,AI_VECTOR_CORE,12,46,7.660,1788186149720599.855	,1788186149720607.515	
3,static_kernel_GroupedMatmul_5db5b7a9271416eb4e0c9f9f61b4869ef629dd312f49398f079aad144477c151_2478629_d0,MIX_AIC,12,47,34.000,1788186149720608.875	,1788186149720642.875	
3,static_kernel_DynamicQuant_3f3823604c7b850b2738d07cb0d129927f7c09376c436c3c4b7b457502b5435f_2478629_d0__kernel0,AI_VECTOR_CORE,12,48,331.580,1788186149720644.035	,1788186149720975.615	
3,clear_ops,MIX_AIC,12,49,27.980,1788186149720976.975	,1788186149721004.955	
3,static_kernel_GroupedMatmul_c82fe246f0843d6ddf904011e48a066257c9620090b5c755dc35ea4e8ca71409_2478629_d0,MIX_AIC,12,50,51.220,1788186149721007.915	,1788186149721059.135	
3,static_kernel_DequantSwigluQuant_1147b81e175d34d10821636ee978003d202532bd71b04cbcef6dda7cca3a60c9_2478629_d0__kernel0,AI_VECTOR_CORE,12,51,7.860,1788186149721060.055	,1788186149721067.915	
3,static_kernel_GroupedMatmul_5db5b7a9271416eb4e0c9f9f61b4869ef629dd312f49398f079aad144477c151_2478629_d0,MIX_AIC,12,52,37.340,1788186149721069.075	,1788186149721106.415	
3,static_kernel_DynamicQuant_3f3823604c7b850b2738d07cb0d129927f7c09376c436c3c4b7b457502b5435f_2478629_d0__kernel0,AI_VECTOR_CORE,12,53,332.880,1788186149721107.295	,1788186149721440.175	
3,clear_ops,MIX_AIC,12,54,28.180,1788186149721441.075	,1788186149721469.255	
3,static_kernel_GroupedMatmul_c82fe246f0843d6ddf904011e48a066257c9620090b5c755dc35ea4e8ca71409_2478629_d0,MIX_AIC,12,55,52.220,1788186149721472.055	,1788186149721524.275	
3,static_kernel_DequantSwigluQuant_1147b81e175d34d10821636ee978003d202532bd71b04cbcef6dda7cca3a60c9_2478629_d0__kernel0,AI_VECTOR_CORE,12,56,7.660,1788186149721525.095	,1788186149721532.755	
3,static_kernel_GroupedMatmul_5db5b7a9271416eb4e0c9f9f61b4869ef629dd312f49398f079aad144477c151_2478629_d0,MIX_AIC,12,57,35.040,1788186149721534.035	,1788186149721569.075	
3,static_kernel_DynamicQuant_3f3823604c7b850b2738d07cb0d129927f7c09376c436c3c4b7b457502b5435f_2478629_d0__kernel0,AI_VECTOR_CORE,12,58,331.280,1788186149721569.815	,1788186149721901.095	
3,clear_ops,MIX_AIC,12,59,27.540,1788186149721902.255	,1788186149721929.795	
3,static_kernel_GroupedMatmul_c82fe246f0843d6ddf904011e48a066257c9620090b5c755dc35ea4e8ca71409_2478629_d0,MIX_AIC,12,60,50.820,1788186149721932.615	,1788186149721983.435	
3,static_kernel_DequantSwigluQuant_1147b81e175d34d10821636ee978003d202532bd71b04cbcef6dda7cca3a60c9_2478629_d0__kernel0,AI_VECTOR_CORE,12,61,7.680,1788186149721984.175	,1788186149721991.855	
3,static_kernel_GroupedMatmul_5db5b7a9271416eb4e0c9f9f61b4869ef629dd312f49398f079aad144477c151_2478629_d0,MIX_AIC,12,62,34.440,1788186149721993.215	,1788186149722027.655	
3,static_kernel_DynamicQuant_3f3823604c7b850b2738d07cb0d129927f7c09376c436c3c4b7b457502b5435f_2478629_d0__kernel0,AI_VECTOR_CORE,12,63,331.480,1788186149722028.375	,1788186149722359.855	
3,clear_ops,MIX_AIC,12,64,28.780,1788186149722361.275	,1788186149722390.055	
3,static_kernel_GroupedMatmul_c82fe246f0843d6ddf904011e48a066257c9620090b5c755dc35ea4e8ca71409_2478629_d0,MIX_AIC,12,65,50.820,1788186149722392.895	,1788186149722443.715	
3,static_kernel_DequantSwigluQuant_1147b81e175d34d10821636ee978003d202532bd71b04cbcef6dda7cca3a60c9_2478629_d0__kernel0,AI_VECTOR_CORE,12,66,7.800,1788186149722444.415	,1788186149722452.215	
3,static_kernel_GroupedMatmul_5db5b7a9271416eb4e0c9f9f61b4869ef629dd312f49398f079aad144477c151_2478629_d0,MIX_AIC,12,67,34.260,1788186149722453.455	,1788186149722487.715	
3,static_kernel_DynamicQuant_3f3823604c7b850b2738d07cb0d129927f7c09376c436c3c4b7b457502b5435f_2478629_d0__kernel0,AI_VECTOR_CORE,12,68,330.840,1788186149722488.635	,1788186149722819.475	
3,clear_ops,MIX_AIC,12,69,28.560,1788186149722820.895	,1788186149722849.455	
3,static_kernel_GroupedMatmul_c82fe246f0843d6ddf904011e48a066257c9620090b5c755dc35ea4e8ca71409_2478629_d0,MIX_AIC,12,70,52.300,1788186149722852.475	,1788186149722904.775	
3,static_kernel_DequantSwigluQuant_1147b81e175d34d10821636ee978003d202532bd71b04cbcef6dda7cca3a60c9_2478629_d0__kernel0,AI_VECTOR_CORE,12,71,7.780,1788186149722905.655	,1788186149722913.435	
3,static_kernel_GroupedMatmul_5db5b7a9271416eb4e0c9f9f61b4869ef629dd312f49398f079aad144477c151_2478629_d0,MIX_AIC,12,72,35.220,1788186149722914.675	,1788186149722949.895	
3,static_kernel_DynamicQuant_3f3823604c7b850b2738d07cb0d129927f7c09376c436c3c4b7b457502b5435f_2478629_d0__kernel0,AI_VECTOR_CORE,12,73,336.480,1788186149722951.035	,1788186149723287.515	
3,clear_ops,MIX_AIC,12,74,28.120,1788186149723288.755	,1788186149723316.875	
3,static_kernel_GroupedMatmul_c82fe246f0843d6ddf904011e48a066257c9620090b5c755dc35ea4e8ca71409_2478629_d0,MIX_AIC,12,75,50.920,1788186149723319.755	,1788186149723370.675	
3,static_kernel_DequantSwigluQuant_1147b81e175d34d10821636ee978003d202532bd71b04cbcef6dda7cca3a60c9_2478629_d0__kernel0,AI_VECTOR_CORE,12,76,7.620,1788186149723371.875	,1788186149723379.495	
3,static_kernel_GroupedMatmul_5db5b7a9271416eb4e0c9f9f61b4869ef629dd312f49398f079aad144477c151_2478629_d0,MIX_AIC,12,77,34.560,1788186149723380.915	,1788186149723415.475	
3,static_kernel_DynamicQuant_3f3823604c7b850b2738d07cb0d129927f7c09376c436c3c4b7b457502b5435f_2478629_d0__kernel0,AI_VECTOR_CORE,12,78,331.280,1788186149723416.675	,1788186149723747.955	
3,clear_ops,MIX_AIC,12,79,28.640,1788186149723748.975	,1788186149723777.615	
3,static_kernel_GroupedMatmul_c82fe246f0843d6ddf904011e48a066257c9620090b5c755dc35ea4e8ca71409_2478629_d0,MIX_AIC,12,80,51.940,1788186149723780.515	,1788186149723832.455	
3,static_kernel_DequantSwigluQuant_1147b81e175d34d10821636ee978003d202532bd71b04cbcef6dda7cca3a60c9_2478629_d0__kernel0,AI_VECTOR_CORE,12,81,7.620,1788186149723833.255	,1788186149723840.875	
3,static_kernel_GroupedMatmul_5db5b7a9271416eb4e0c9f9f61b4869ef629dd312f49398f079aad144477c151_2478629_d0,MIX_AIC,12,82,35.780,1788186149723842.295	,1788186149723878.075	
3,static_kernel_DynamicQuant_3f3823604c7b850b2738d07cb0d129927f7c09376c436c3c4b7b457502b5435f_2478629_d0__kernel0,AI_VECTOR_CORE,12,83,331.220,1788186149723879.275	,1788186149724210.495	
3,clear_ops,MIX_AIC,12,84,30.280,1788186149724211.495	,1788186149724241.775	
3,static_kernel_GroupedMatmul_c82fe246f0843d6ddf904011e48a066257c9620090b5c755dc35ea4e8ca71409_2478629_d0,MIX_AIC,12,85,50.900,1788186149724244.875	,1788186149724295.775	
3,static_kernel_DequantSwigluQuant_1147b81e175d34d10821636ee978003d202532bd71b04cbcef6dda7cca3a60c9_2478629_d0__kernel0,AI_VECTOR_CORE,12,86,7.520,1788186149724297.015	,1788186149724304.535	
3,static_kernel_GroupedMatmul_5db5b7a9271416eb4e0c9f9f61b4869ef629dd312f49398f079aad144477c151_2478629_d0,MIX_AIC,12,87,34.800,1788186149724305.475	,1788186149724340.275	
3,static_kernel_DynamicQuant_3f3823604c7b850b2738d07cb0d129927f7c09376c436c3c4b7b457502b5435f_2478629_d0__kernel0,AI_VECTOR_CORE,12,88,331.340,1788186149724341.235	,1788186149724672.575	
3,clear_ops,MIX_AIC,12,89,28.620,1788186149724673.515	,1788186149724702.135	
3,static_kernel_GroupedMatmul_c82fe246f0843d6ddf904011e48a066257c9620090b5c755dc35ea4e8ca71409_2478629_d0,MIX_AIC,12,90,52.040,1788186149724705.035	,1788186149724757.075	
3,static_kernel_DequantSwigluQuant_1147b81e175d34d10821636ee978003d202532bd71b04cbcef6dda7cca3a60c9_2478629_d0__kernel0,AI_VECTOR_CORE,12,91,7.960,1788186149724757.795	,1788186149724765.755	
3,static_kernel_GroupedMatmul_5db5b7a9271416eb4e0c9f9f61b4869ef629dd312f49398f079aad144477c151_2478629_d0,MIX_AIC,12,92,33.260,1788186149724766.815	,1788186149724800.075	
3,static_kernel_DynamicQuant_3f3823604c7b850b2738d07cb0d129927f7c09376c436c3c4b7b457502b5435f_2478629_d0__kernel0,AI_VECTOR_CORE,12,93,333.480,1788186149724800.775	,1788186149725134.255	
3,clear_ops,MIX_AIC,12,94,28.340,1788186149725135.495	,1788186149725163.835	
3,static_kernel_GroupedMatmul_c82fe246f0843d6ddf904011e48a066257c9620090b5c755dc35ea4e8ca71409_2478629_d0,MIX_AIC,12,95,50.960,1788186149725166.435	,1788186149725217.395	
3,static_kernel_DequantSwigluQuant_1147b81e175d34d10821636ee978003d202532bd71b04cbcef6dda7cca3a60c9_2478629_d0__kernel0,AI_VECTOR_CORE,12,96,7.820,1788186149725218.615	,1788186149725226.435	
3,static_kernel_GroupedMatmul_5db5b7a9271416eb4e0c9f9f61b4869ef629dd312f49398f079aad144477c151_2478629_d0,MIX_AIC,12,97,33.600,1788186149725227.635	,1788186149725261.235	
3,static_kernel_DynamicQuant_3f3823604c7b850b2738d07cb0d129927f7c09376c436c3c4b7b457502b5435f_2478629_d0__kernel0,AI_VECTOR_CORE,12,98,332.020,1788186149725262.215	,1788186149725594.235	
3,clear_ops,MIX_AIC,12,99,29.020,1788186149725595.695	,1788186149725624.715	
3,static_kernel_GroupedMatmul_c82fe246f0843d6ddf904011e48a066257c9620090b5c755dc35ea4e8ca71409_2478629_d0,MIX_AIC,12,100,50.880,1788186149725627.855	,1788186149725678.735	
3,static_kernel_DequantSwigluQuant_1147b81e175d34d10821636ee978003d202532bd71b04cbcef6dda7cca3a60c9_2478629_d0__kernel0,AI_VECTOR_CORE,12,101,7.420,1788186149725679.995	,1788186149725687.415	
3,static_kernel_GroupedMatmul_5db5b7a9271416eb4e0c9f9f61b4869ef629dd312f49398f079aad144477c151_2478629_d0,MIX_AIC,12,102,34.300,1788186149725688.415	,1788186149725722.715	
3,static_kernel_DynamicQuant_3f3823604c7b850b2738d07cb0d129927f7c09376c436c3c4b7b457502b5435f_2478629_d0__kernel0,AI_VECTOR_CORE,12,103,330.660,1788186149725723.555	,1788186149726054.215	
3,clear_ops,MIX_AIC,12,104,27.780,1788186149726055.235	,1788186149726083.015	
3,static_kernel_GroupedMatmul_c82fe246f0843d6ddf904011e48a066257c9620090b5c755dc35ea4e8ca71409_2478629_d0,MIX_AIC,12,105,53.380,1788186149726085.615	,1788186149726138.995	
3,static_kernel_DequantSwigluQuant_1147b81e175d34d10821636ee978003d202532bd71b04cbcef6dda7cca3a60c9_2478629_d0__kernel0,AI_VECTOR_CORE,12,106,7.520,1788186149726140.195	,1788186149726147.715	
3,static_kernel_GroupedMatmul_5db5b7a9271416eb4e0c9f9f61b4869ef629dd312f49398f079aad144477c151_2478629_d0,MIX_AIC,12,107,35.960,1788186149726148.655	,1788186149726184.615	
3,static_kernel_DynamicQuant_3f3823604c7b850b2738d07cb0d129927f7c09376c436c3c4b7b457502b5435f_2478629_d0__kernel0,AI_VECTOR_CORE,12,108,330.740,1788186149726185.575	,1788186149726516.315	
3,clear_ops,MIX_AIC,12,109,27.700,1788186149726517.595	,1788186149726545.295	
3,static_kernel_GroupedMatmul_c82fe246f0843d6ddf904011e48a066257c9620090b5c755dc35ea4e8ca71409_2478629_d0,MIX_AIC,12,110,50.660,1788186149726547.975	,1788186149726598.635	
3,static_kernel_DequantSwigluQuant_1147b81e175d34d10821636ee978003d202532bd71b04cbcef6dda7cca3a60c9_2478629_d0__kernel0,AI_VECTOR_CORE,12,111,7.660,1788186149726599.515	,1788186149726607.175	
3,static_kernel_GroupedMatmul_5db5b7a9271416eb4e0c9f9f61b4869ef629dd312f49398f079aad144477c151_2478629_d0,MIX_AIC,12,112,34.040,1788186149726608.575	,1788186149726642.615	
3,static_kernel_DynamicQuant_3f3823604c7b850b2738d07cb0d129927f7c09376c436c3c4b7b457502b5435f_2478629_d0__kernel0,AI_VECTOR_CORE,12,113,332.680,1788186149726643.735	,1788186149726976.415	
3,clear_ops,MIX_AIC,12,114,27.620,1788186149726977.795	,1788186149727005.415	
3,static_kernel_GroupedMatmul_c82fe246f0843d6ddf904011e48a066257c9620090b5c755dc35ea4e8ca71409_2478629_d0,MIX_AIC,12,115,52.260,1788186149727008.195	,1788186149727060.455	
3,static_kernel_DequantSwigluQuant_1147b81e175d34d10821636ee978003d202532bd71b04cbcef6dda7cca3a60c9_2478629_d0__kernel0,AI_VECTOR_CORE,12,116,10.620,1788186149727061.535	,1788186149727072.155	
3,static_kernel_GroupedMatmul_5db5b7a9271416eb4e0c9f9f61b4869ef629dd312f49398f079aad144477c151_2478629_d0,MIX_AIC,12,117,36.620,1788186149727073.555	,1788186149727110.175	
3,static_kernel_DynamicQuant_3f3823604c7b850b2738d07cb0d129927f7c09376c436c3c4b7b457502b5435f_2478629_d0__kernel0,AI_VECTOR_CORE,12,118,330.500,1788186149727111.155	,1788186149727441.655	
3,clear_ops,MIX_AIC,12,119,30.020,1788186149727442.755	,1788186149727472.775	
3,static_kernel_GroupedMatmul_c82fe246f0843d6ddf904011e48a066257c9620090b5c755dc35ea4e8ca71409_2478629_d0,MIX_AIC,12,120,51.900,1788186149727475.575	,1788186149727527.475	
3,static_kernel_DequantSwigluQuant_1147b81e175d34d10821636ee978003d202532bd71b04cbcef6dda7cca3a60c9_2478629_d0__kernel0,AI_VECTOR_CORE,12,121,7.700,1788186149727528.295	,1788186149727535.995	
3,static_kernel_GroupedMatmul_5db5b7a9271416eb4e0c9f9f61b4869ef629dd312f49398f079aad144477c151_2478629_d0,MIX_AIC,12,122,34.800,1788186149727537.335	,1788186149727572.135	
3,static_kernel_DynamicQuant_3f3823604c7b850b2738d07cb0d129927f7c09376c436c3c4b7b457502b5435f_2478629_d0__kernel0,AI_VECTOR_CORE,12,123,331.640,1788186149727573.095	,1788186149727904.735	
3,clear_ops,MIX_AIC,12,124,28.300,1788186149727906.035	,1788186149727934.335	
3,static_kernel_GroupedMatmul_c82fe246f0843d6ddf904011e48a066257c9620090b5c755dc35ea4e8ca71409_2478629_d0,MIX_AIC,12,125,50.440,1788186149727937.015	,1788186149727987.455	
3,static_kernel_DequantSwigluQuant_1147b81e175d34d10821636ee978003d202532bd71b04cbcef6dda7cca3a60c9_2478629_d0__kernel0,AI_VECTOR_CORE,12,126,7.860,1788186149727988.535	,1788186149727996.395	
3,static_kernel_GroupedMatmul_5db5b7a9271416eb4e0c9f9f61b4869ef629dd312f49398f079aad144477c151_2478629_d0,MIX_AIC,12,127,33.200,1788186149727997.575	,1788186149728030.775	
3,static_kernel_DynamicQuant_3f3823604c7b850b2738d07cb0d129927f7c09376c436c3c4b7b457502b5435f_2478629_d0__kernel0,AI_VECTOR_CORE,12,128,331.860,1788186149728031.495	,1788186149728363.355	
3,clear_ops,MIX_AIC,12,129,29.040,1788186149728364.335	,1788186149728393.375	
3,static_kernel_GroupedMatmul_c82fe246f0843d6ddf904011e48a066257c9620090b5c755dc35ea4e8ca71409_2478629_d0,MIX_AIC,12,130,50.280,1788186149728396.495	,1788186149728446.775	
3,static_kernel_DequantSwigluQuant_1147b81e175d34d10821636ee978003d202532bd71b04cbcef6dda7cca3a60c9_2478629_d0__kernel0,AI_VECTOR_CORE,12,131,7.920,1788186149728448.035	,1788186149728455.955	
3,static_kernel_GroupedMatmul_5db5b7a9271416eb4e0c9f9f61b4869ef629dd312f49398f079aad144477c151_2478629_d0,MIX_AIC,12,132,35.440,1788186149728457.055	,1788186149728492.495	
3,static_kernel_DynamicQuant_3f3823604c7b850b2738d07cb0d129927f7c09376c436c3c4b7b457502b5435f_2478629_d0__kernel0,AI_VECTOR_CORE,12,133,330.980,1788186149728493.435	,1788186149728824.415	
3,clear_ops,MIX_AIC,12,134,28.000,1788186149728825.655	,1788186149728853.655	
3,static_kernel_GroupedMatmul_c82fe246f0843d6ddf904011e48a066257c9620090b5c755dc35ea4e8ca71409_2478629_d0,MIX_AIC,12,135,50.180,1788186149728856.615	,1788186149728906.795	
3,static_kernel_DequantSwigluQuant_1147b81e175d34d10821636ee978003d202532bd71b04cbcef6dda7cca3a60c9_2478629_d0__kernel0,AI_VECTOR_CORE,12,136,7.380,1788186149728907.535	,1788186149728914.915	
3,static_kernel_GroupedMatmul_5db5b7a9271416eb4e0c9f9f61b4869ef629dd312f49398f079aad144477c151_2478629_d0,MIX_AIC,12,137,37.080,1788186149728915.975	,1788186149728953.055	
3,static_kernel_DynamicQuant_3f3823604c7b850b2738d07cb0d129927f7c09376c436c3c4b7b457502b5435f_2478629_d0__kernel0,AI_VECTOR_CORE,12,138,331.980,1788186149728954.135	,1788186149729286.115	
3,clear_ops,MIX_AIC,12,139,27.960,1788186149729287.515	,1788186149729315.475	
3,static_kernel_GroupedMatmul_c82fe246f0843d6ddf904011e48a066257c9620090b5c755dc35ea4e8ca71409_2478629_d0,MIX_AIC,12,140,50.720,1788186149729318.435	,1788186149729369.155	
3,static_kernel_DequantSwigluQuant_1147b81e175d34d10821636ee978003d202532bd71b04cbcef6dda7cca3a60c9_2478629_d0__kernel0,AI_VECTOR_CORE,12,141,7.820,1788186149729370.015	,1788186149729377.835	
3,static_kernel_GroupedMatmul_5db5b7a9271416eb4e0c9f9f61b4869ef629dd312f49398f079aad144477c151_2478629_d0,MIX_AIC,12,142,34.080,1788186149729379.075	,1788186149729413.155	
3,static_kernel_DynamicQuant_3f3823604c7b850b2738d07cb0d129927f7c09376c436c3c4b7b457502b5435f_2478629_d0__kernel0,AI_VECTOR_CORE,12,143,330.220,1788186149729414.235	,1788186149729744.455	
3,clear_ops,MIX_AIC,12,144,31.120,1788186149729745.415	,1788186149729776.535	
3,static_kernel_GroupedMatmul_c82fe246f0843d6ddf904011e48a066257c9620090b5c755dc35ea4e8ca71409_2478629_d0,MIX_AIC,12,145,50.060,1788186149729779.435	,1788186149729829.495	
3,static_kernel_DequantSwigluQuant_1147b81e175d34d10821636ee978003d202532bd71b04cbcef6dda7cca3a60c9_2478629_d0__kernel0,AI_VECTOR_CORE,12,146,7.540,1788186149729830.415	,1788186149729837.955	
3,static_kernel_GroupedMatmul_5db5b7a9271416eb4e0c9f9f61b4869ef629dd312f49398f079aad144477c151_2478629_d0,MIX_AIC,12,147,37.380,1788186149729838.835	,1788186149729876.215	
3,static_kernel_DynamicQuant_3f3823604c7b850b2738d07cb0d129927f7c09376c436c3c4b7b457502b5435f_2478629_d0__kernel0,AI_VECTOR_CORE,12,148,331.000,1788186149729877.035	,1788186149730208.035	
3,clear_ops,MIX_AIC,12,149,28.220,1788186149730209.255	,1788186149730237.475	
3,static_kernel_GroupedMatmul_c82fe246f0843d6ddf904011e48a066257c9620090b5c755dc35ea4e8ca71409_2478629_d0,MIX_AIC,12,150,52.280,1788186149730240.175	,1788186149730292.455	
3,static_kernel_DequantSwigluQuant_1147b81e175d34d10821636ee978003d202532bd71b04cbcef6dda7cca3a60c9_2478629_d0__kernel0,AI_VECTOR_CORE,12,151,7.260,1788186149730293.195	,1788186149730300.455	
3,static_kernel_GroupedMatmul_5db5b7a9271416eb4e0c9f9f61b4869ef629dd312f49398f079aad144477c151_2478629_d0,MIX_AIC,12,152,36.780,1788186149730301.635	,1788186149730338.415	
3,static_kernel_DynamicQuant_3f3823604c7b850b2738d07cb0d129927f7c09376c436c3c4b7b457502b5435f_2478629_d0__kernel0,AI_VECTOR_CORE,12,153,339.560,1788186149730339.215	,1788186149730678.775	
3,clear_ops,MIX_AIC,12,154,29.540,1788186149730680.255	,1788186149730709.795	
3,static_kernel_GroupedMatmul_c82fe246f0843d6ddf904011e48a066257c9620090b5c755dc35ea4e8ca71409_2478629_d0,MIX_AIC,12,155,51.420,1788186149730712.415	,1788186149730763.835	
3,static_kernel_DequantSwigluQuant_1147b81e175d34d10821636ee978003d202532bd71b04cbcef6dda7cca3a60c9_2478629_d0__kernel0,AI_VECTOR_CORE,12,156,7.820,1788186149730764.575	,1788186149730772.395	
3,static_kernel_GroupedMatmul_5db5b7a9271416eb4e0c9f9f61b4869ef629dd312f49398f079aad144477c151_2478629_d0,MIX_AIC,12,157,33.920,1788186149730773.615	,1788186149730807.535	
3,static_kernel_DynamicQuant_3f3823604c7b850b2738d07cb0d129927f7c09376c436c3c4b7b457502b5435f_2478629_d0__kernel0,AI_VECTOR_CORE,12,158,331.640,1788186149730808.735	,1788186149731140.375	
3,clear_ops,MIX_AIC,12,159,28.160,1788186149731141.295	,1788186149731169.455	
3,static_kernel_GroupedMatmul_c82fe246f0843d6ddf904011e48a066257c9620090b5c755dc35ea4e8ca71409_2478629_d0,MIX_AIC,12,160,51.180,1788186149731172.275	,1788186149731223.455	
3,static_kernel_DequantSwigluQuant_1147b81e175d34d10821636ee978003d202532bd71b04cbcef6dda7cca3a60c9_2478629_d0__kernel0,AI_VECTOR_CORE,12,161,10.280,1788186149731224.435	,1788186149731234.715	
3,static_kernel_GroupedMatmul_5db5b7a9271416eb4e0c9f9f61b4869ef629dd312f49398f079aad144477c151_2478629_d0,MIX_AIC,12,162,35.620,1788186149731235.875	,1788186149731271.495	
3,static_kernel_DynamicQuant_3f3823604c7b850b2738d07cb0d129927f7c09376c436c3c4b7b457502b5435f_2478629_d0__kernel0,AI_VECTOR_CORE,12,163,332.540,1788186149731272.275	,1788186149731604.815	
3,clear_ops,MIX_AIC,12,164,29.360,1788186149731606.015	,1788186149731635.375	
3,static_kernel_GroupedMatmul_c82fe246f0843d6ddf904011e48a066257c9620090b5c755dc35ea4e8ca71409_2478629_d0,MIX_AIC,12,165,51.420,1788186149731638.195	,1788186149731689.615	
3,static_kernel_DequantSwigluQuant_1147b81e175d34d10821636ee978003d202532bd71b04cbcef6dda7cca3a60c9_2478629_d0__kernel0,AI_VECTOR_CORE,12,166,7.940,1788186149731690.395	,1788186149731698.335	
3,static_kernel_GroupedMatmul_5db5b7a9271416eb4e0c9f9f61b4869ef629dd312f49398f079aad144477c151_2478629_d0,MIX_AIC,12,167,34.180,1788186149731699.415	,1788186149731733.595	
3,static_kernel_DynamicQuant_3f3823604c7b850b2738d07cb0d129927f7c09376c436c3c4b7b457502b5435f_2478629_d0__kernel0,AI_VECTOR_CORE,12,168,334.240,1788186149731734.495	,1788186149732068.735	
3,clear_ops,MIX_AIC,12,169,28.780,1788186149732069.875	,1788186149732098.655	
3,static_kernel_GroupedMatmul_c82fe246f0843d6ddf904011e48a066257c9620090b5c755dc35ea4e8ca71409_2478629_d0,MIX_AIC,12,170,50.140,1788186149732101.455	,1788186149732151.595	
3,static_kernel_DequantSwigluQuant_1147b81e175d34d10821636ee978003d202532bd71b04cbcef6dda7cca3a60c9_2478629_d0__kernel0,AI_VECTOR_CORE,12,171,7.640,1788186149732152.375	,1788186149732160.015	
3,static_kernel_GroupedMatmul_5db5b7a9271416eb4e0c9f9f61b4869ef629dd312f49398f079aad144477c151_2478629_d0,MIX_AIC,12,172,35.200,1788186149732161.395	,1788186149732196.595	
3,static_kernel_DynamicQuant_3f3823604c7b850b2738d07cb0d129927f7c09376c436c3c4b7b457502b5435f_2478629_d0__kernel0,AI_VECTOR_CORE,12,173,330.300,1788186149732197.795	,1788186149732528.095	
3,clear_ops,MIX_AIC,12,174,29.380,1788186149732529.395	,1788186149732558.775	
3,static_kernel_GroupedMatmul_c82fe246f0843d6ddf904011e48a066257c9620090b5c755dc35ea4e8ca71409_2478629_d0,MIX_AIC,12,175,52.060,1788186149732561.595	,1788186149732613.655	
3,static_kernel_DequantSwigluQuant_1147b81e175d34d10821636ee978003d202532bd71b04cbcef6dda7cca3a60c9_2478629_d0__kernel0,AI_VECTOR_CORE,12,176,7.680,1788186149732614.375	,1788186149732622.055	
3,static_kernel_GroupedMatmul_5db5b7a9271416eb4e0c9f9f61b4869ef629dd312f49398f079aad144477c151_2478629_d0,MIX_AIC,12,177,37.160,1788186149732623.395	,1788186149732660.555	
3,static_kernel_DynamicQuant_3f3823604c7b850b2738d07cb0d129927f7c09376c436c3c4b7b457502b5435f_2478629_d0__kernel0,AI_VECTOR_CORE,12,178,329.660,1788186149732661.595	,1788186149732991.255	
3,clear_ops,MIX_AIC,12,179,28.400,1788186149732992.635	,1788186149733021.035	
3,static_kernel_GroupedMatmul_c82fe246f0843d6ddf904011e48a066257c9620090b5c755dc35ea4e8ca71409_2478629_d0,MIX_AIC,12,180,52.300,1788186149733023.635	,1788186149733075.935	
3,static_kernel_DequantSwigluQuant_1147b81e175d34d10821636ee978003d202532bd71b04cbcef6dda7cca3a60c9_2478629_d0__kernel0,AI_VECTOR_CORE,12,181,8.100,1788186149733076.975	,1788186149733085.075	
3,static_kernel_GroupedMatmul_5db5b7a9271416eb4e0c9f9f61b4869ef629dd312f49398f079aad144477c151_2478629_d0,MIX_AIC,12,182,35.360,1788186149733086.015	,1788186149733121.375	
3,static_kernel_DynamicQuant_3f3823604c7b850b2738d07cb0d129927f7c09376c436c3c4b7b457502b5435f_2478629_d0__kernel0,AI_VECTOR_CORE,12,183,332.400,1788186149733122.375	,1788186149733454.775	
3,clear_ops,MIX_AIC,12,184,28.340,1788186149733455.915	,1788186149733484.255	
3,static_kernel_GroupedMatmul_c82fe246f0843d6ddf904011e48a066257c9620090b5c755dc35ea4e8ca71409_2478629_d0,MIX_AIC,12,185,50.400,1788186149733486.855	,1788186149733537.255	
3,static_kernel_DequantSwigluQuant_1147b81e175d34d10821636ee978003d202532bd71b04cbcef6dda7cca3a60c9_2478629_d0__kernel0,AI_VECTOR_CORE,12,186,7.560,1788186149733538.455	,1788186149733546.015	
3,static_kernel_GroupedMatmul_5db5b7a9271416eb4e0c9f9f61b4869ef629dd312f49398f079aad144477c151_2478629_d0,MIX_AIC,12,187,34.580,1788186149733547.475	,1788186149733582.055	
3,static_kernel_DynamicQuant_3f3823604c7b850b2738d07cb0d129927f7c09376c436c3c4b7b457502b5435f_2478629_d0__kernel0,AI_VECTOR_CORE,12,188,332.920,1788186149733583.255	,1788186149733916.175	
3,clear_ops,MIX_AIC,12,189,29.540,1788186149733917.295	,1788186149733946.835	
3,static_kernel_GroupedMatmul_c82fe246f0843d6ddf904011e48a066257c9620090b5c755dc35ea4e8ca71409_2478629_d0,MIX_AIC,12,190,51.980,1788186149733949.455	,1788186149734001.435	
3,static_kernel_DequantSwigluQuant_1147b81e175d34d10821636ee978003d202532bd71b04cbcef6dda7cca3a60c9_2478629_d0__kernel0,AI_VECTOR_CORE,12,191,7.440,1788186149734002.175	,1788186149734009.615	
3,static_kernel_GroupedMatmul_5db5b7a9271416eb4e0c9f9f61b4869ef629dd312f49398f079aad144477c151_2478629_d0,MIX_AIC,12,192,34.460,1788186149734010.615	,1788186149734045.075	
3,static_kernel_DynamicQuant_3f3823604c7b850b2738d07cb0d129927f7c09376c436c3c4b7b457502b5435f_2478629_d0__kernel0,AI_VECTOR_CORE,12,193,333.180,1788186149734045.775	,1788186149734378.955	
3,clear_ops,MIX_AIC,12,194,28.180,1788186149734380.395	,1788186149734408.575	
3,static_kernel_GroupedMatmul_c82fe246f0843d6ddf904011e48a066257c9620090b5c755dc35ea4e8ca71409_2478629_d0,MIX_AIC,12,195,51.340,1788186149734411.375	,1788186149734462.715	
3,static_kernel_DequantSwigluQuant_1147b81e175d34d10821636ee978003d202532bd71b04cbcef6dda7cca3a60c9_2478629_d0__kernel0,AI_VECTOR_CORE,12,196,10.860,1788186149734463.515	,1788186149734474.375	
3,static_kernel_GroupedMatmul_5db5b7a9271416eb4e0c9f9f61b4869ef629dd312f49398f079aad144477c151_2478629_d0,MIX_AIC,12,197,35.480,1788186149734475.535	,1788186149734511.015	
3,static_kernel_DynamicQuant_3f3823604c7b850b2738d07cb0d129927f7c09376c436c3c4b7b457502b5435f_2478629_d0__kernel0,AI_VECTOR_CORE,12,198,330.860,1788186149734511.915	,1788186149734842.775	
3,clear_ops,MIX_AIC,12,199,27.960,1788186149734844.115	,1788186149734872.075	
3,static_kernel_GroupedMatmul_c82fe246f0843d6ddf904011e48a066257c9620090b5c755dc35ea4e8ca71409_2478629_d0,MIX_AIC,12,200,52.400,1788186149734875.035	,1788186149734927.435	
3,static_kernel_DequantSwigluQuant_1147b81e175d34d10821636ee978003d202532bd71b04cbcef6dda7cca3a60c9_2478629_d0__kernel0,AI_VECTOR_CORE,12,201,7.540,1788186149734928.395	,1788186149734935.935	
3,static_kernel_GroupedMatmul_5db5b7a9271416eb4e0c9f9f61b4869ef629dd312f49398f079aad144477c151_2478629_d0,MIX_AIC,12,202,34.520,1788186149734936.835	,1788186149734971.355	
3,static_kernel_DynamicQuant_3f3823604c7b850b2738d07cb0d129927f7c09376c436c3c4b7b457502b5435f_2478629_d0__kernel0,AI_VECTOR_CORE,12,203,331.580,1788186149734972.615	,1788186149735304.195	
3,clear_ops,MIX_AIC,12,204,28.360,1788186149735305.555	,1788186149735333.915	
3,static_kernel_GroupedMatmul_c82fe246f0843d6ddf904011e48a066257c9620090b5c755dc35ea4e8ca71409_2478629_d0,MIX_AIC,12,205,50.140,1788186149735336.535	,1788186149735386.675	
3,static_kernel_DequantSwigluQuant_1147b81e175d34d10821636ee978003d202532bd71b04cbcef6dda7cca3a60c9_2478629_d0__kernel0,AI_VECTOR_CORE,12,206,7.740,1788186149735387.475	,1788186149735395.215	
3,static_kernel_GroupedMatmul_5db5b7a9271416eb4e0c9f9f61b4869ef629dd312f49398f079aad144477c151_2478629_d0,MIX_AIC,12,207,34.160,1788186149735396.495	,1788186149735430.655	
3,static_kernel_DynamicQuant_3f3823604c7b850b2738d07cb0d129927f7c09376c436c3c4b7b457502b5435f_2478629_d0__kernel0,AI_VECTOR_CORE,12,208,331.440,1788186149735431.635	,1788186149735763.075	
3,clear_ops,MIX_AIC,12,209,27.700,1788186149735763.995	,1788186149735791.695	
3,static_kernel_GroupedMatmul_c82fe246f0843d6ddf904011e48a066257c9620090b5c755dc35ea4e8ca71409_2478629_d0,MIX_AIC,12,210,51.140,1788186149735794.375	,1788186149735845.515	
3,static_kernel_DequantSwigluQuant_1147b81e175d34d10821636ee978003d202532bd71b04cbcef6dda7cca3a60c9_2478629_d0__kernel0,AI_VECTOR_CORE,12,211,7.340,1788186149735846.555	,1788186149735853.895	
3,static_kernel_GroupedMatmul_5db5b7a9271416eb4e0c9f9f61b4869ef629dd312f49398f079aad144477c151_2478629_d0,MIX_AIC,12,212,34.480,1788186149735855.015	,1788186149735889.495	
3,static_kernel_DynamicQuant_3f3823604c7b850b2738d07cb0d129927f7c09376c436c3c4b7b457502b5435f_2478629_d0__kernel0,AI_VECTOR_CORE,12,213,331.880,1788186149735890.155	,1788186149736222.035	
3,clear_ops,MIX_AIC,12,214,28.640,1788186149736223.015	,1788186149736251.655	
3,static_kernel_GroupedMatmul_c82fe246f0843d6ddf904011e48a066257c9620090b5c755dc35ea4e8ca71409_2478629_d0,MIX_AIC,12,215,52.160,1788186149736254.635	,1788186149736306.795	
3,static_kernel_DequantSwigluQuant_1147b81e175d34d10821636ee978003d202532bd71b04cbcef6dda7cca3a60c9_2478629_d0__kernel0,AI_VECTOR_CORE,12,216,7.780,1788186149736308.015	,1788186149736315.795	
3,static_kernel_GroupedMatmul_5db5b7a9271416eb4e0c9f9f61b4869ef629dd312f49398f079aad144477c151_2478629_d0,MIX_AIC,12,217,35.760,1788186149736317.055	,1788186149736352.815	
3,static_kernel_DynamicQuant_3f3823604c7b850b2738d07cb0d129927f7c09376c436c3c4b7b457502b5435f_2478629_d0__kernel0,AI_VECTOR_CORE,12,218,331.560,1788186149736353.995	,1788186149736685.555	
3,clear_ops,MIX_AIC,12,219,28.860,1788186149736686.495	,1788186149736715.355	
3,static_kernel_GroupedMatmul_c82fe246f0843d6ddf904011e48a066257c9620090b5c755dc35ea4e8ca71409_2478629_d0,MIX_AIC,12,220,50.700,1788186149736718.035	,1788186149736768.735	
3,static_kernel_DequantSwigluQuant_1147b81e175d34d10821636ee978003d202532bd71b04cbcef6dda7cca3a60c9_2478629_d0__kernel0,AI_VECTOR_CORE,12,221,7.500,1788186149736769.575	,1788186149736777.075	
3,static_kernel_GroupedMatmul_5db5b7a9271416eb4e0c9f9f61b4869ef629dd312f49398f079aad144477c151_2478629_d0,MIX_AIC,12,222,34.900,1788186149736778.015	,1788186149736812.915	
3,static_kernel_DynamicQuant_3f3823604c7b850b2738d07cb0d129927f7c09376c436c3c4b7b457502b5435f_2478629_d0__kernel0,AI_VECTOR_CORE,12,223,330.460,1788186149736813.795	,1788186149737144.255	
3,clear_ops,MIX_AIC,12,224,27.420,1788186149737145.555	,1788186149737172.975	
3,static_kernel_GroupedMatmul_c82fe246f0843d6ddf904011e48a066257c9620090b5c755dc35ea4e8ca71409_2478629_d0,MIX_AIC,12,225,50.580,1788186149737175.915	,1788186149737226.495	
3,static_kernel_DequantSwigluQuant_1147b81e175d34d10821636ee978003d202532bd71b04cbcef6dda7cca3a60c9_2478629_d0__kernel0,AI_VECTOR_CORE,12,226,7.540,1788186149737227.475	,1788186149737235.015	
3,static_kernel_GroupedMatmul_5db5b7a9271416eb4e0c9f9f61b4869ef629dd312f49398f079aad144477c151_2478629_d0,MIX_AIC,12,227,33.920,1788186149737235.915	,1788186149737269.835	
3,static_kernel_DynamicQuant_3f3823604c7b850b2738d07cb0d129927f7c09376c436c3c4b7b457502b5435f_2478629_d0__kernel0,AI_VECTOR_CORE,12,228,331.380,1788186149737271.015	,1788186149737602.395	
3,clear_ops,MIX_AIC,12,229,28.220,1788186149737603.335	,1788186149737631.555	
3,static_kernel_GroupedMatmul_c82fe246f0843d6ddf904011e48a066257c9620090b5c755dc35ea4e8ca71409_2478629_d0,MIX_AIC,12,230,51.200,1788186149737634.275	,1788186149737685.475	
3,static_kernel_DequantSwigluQuant_1147b81e175d34d10821636ee978003d202532bd71b04cbcef6dda7cca3a60c9_2478629_d0__kernel0,AI_VECTOR_CORE,12,231,7.740,1788186149737686.455	,1788186149737694.195	
3,static_kernel_GroupedMatmul_5db5b7a9271416eb4e0c9f9f61b4869ef629dd312f49398f079aad144477c151_2478629_d0,MIX_AIC,12,232,36.060,1788186149737695.495	,1788186149737731.555	
3,static_kernel_DynamicQuant_3f3823604c7b850b2738d07cb0d129927f7c09376c436c3c4b7b457502b5435f_2478629_d0__kernel0,AI_VECTOR_CORE,12,233,341.700,1788186149737732.435	,1788186149738074.135	
3,clear_ops,MIX_AIC,12,234,29.400,1788186149738075.115	,1788186149738104.515	
3,static_kernel_GroupedMatmul_c82fe246f0843d6ddf904011e48a066257c9620090b5c755dc35ea4e8ca71409_2478629_d0,MIX_AIC,12,235,50.260,1788186149738107.315	,1788186149738157.575	
3,static_kernel_DequantSwigluQuant_1147b81e175d34d10821636ee978003d202532bd71b04cbcef6dda7cca3a60c9_2478629_d0__kernel0,AI_VECTOR_CORE,12,236,7.660,1788186149738158.775	,1788186149738166.435	
3,static_kernel_GroupedMatmul_5db5b7a9271416eb4e0c9f9f61b4869ef629dd312f49398f079aad144477c151_2478629_d0,MIX_AIC,12,237,35.500,1788186149738167.815	,1788186149738203.315	
3,static_kernel_DynamicQuant_3f3823604c7b850b2738d07cb0d129927f7c09376c436c3c4b7b457502b5435f_2478629_d0__kernel0,AI_VECTOR_CORE,12,238,332.480,1788186149738204.195	,1788186149738536.675	
3,clear_ops,MIX_AIC,12,239,28.420,1788186149738537.775	,1788186149738566.195	
3,static_kernel_GroupedMatmul_c82fe246f0843d6ddf904011e48a066257c9620090b5c755dc35ea4e8ca71409_2478629_d0,MIX_AIC,12,240,51.020,1788186149738569.315	,1788186149738620.335	
3,static_kernel_DequantSwigluQuant_1147b81e175d34d10821636ee978003d202532bd71b04cbcef6dda7cca3a60c9_2478629_d0__kernel0,AI_VECTOR_CORE,12,241,7.900,1788186149738621.455	,1788186149738629.355	
3,static_kernel_GroupedMatmul_5db5b7a9271416eb4e0c9f9f61b4869ef629dd312f49398f079aad144477c151_2478629_d0,MIX_AIC,12,242,33.380,1788186149738630.495	,1788186149738663.875	
3,static_kernel_DynamicQuant_3f3823604c7b850b2738d07cb0d129927f7c09376c436c3c4b7b457502b5435f_2478629_d0__kernel0,AI_VECTOR_CORE,12,243,331.240,1788186149738665.015	,1788186149738996.255	
3,clear_ops,MIX_AIC,12,244,28.240,1788186149738997.315	,1788186149739025.555	
3,static_kernel_GroupedMatmul_c82fe246f0843d6ddf904011e48a066257c9620090b5c755dc35ea4e8ca71409_2478629_d0,MIX_AIC,12,245,52.300,1788186149739028.295	,1788186149739080.595	
3,static_kernel_DequantSwigluQuant_1147b81e175d34d10821636ee978003d202532bd71b04cbcef6dda7cca3a60c9_2478629_d0__kernel0,AI_VECTOR_CORE,12,246,7.180,1788186149739081.675	,1788186149739088.855	
3,static_kernel_GroupedMatmul_5db5b7a9271416eb4e0c9f9f61b4869ef629dd312f49398f079aad144477c151_2478629_d0,MIX_AIC,12,247,37.560,1788186149739090.095	,1788186149739127.655	
3,static_kernel_DynamicQuant_3f3823604c7b850b2738d07cb0d129927f7c09376c436c3c4b7b457502b5435f_2478629_d0__kernel0,AI_VECTOR_CORE,12,248,331.540,1788186149739128.335	,1788186149739459.875	
3,clear_ops,MIX_AIC,12,249,28.620,1788186149739461.155	,1788186149739489.775	
3,N/A,NOTIFY_RECORD,12,250,0.020,1788186149739490.835	,1788186149739490.855	
3,N/A,PROFILER_TRACE_EX,47,270,0.020,1788186149739821.855	,1788186149739821.875	
3,TensorMove_2060cf8d69781f9a7462e2f67555909f_high_performance__kernel0,AI_VECTOR_CORE,47,271,185.700,1788186149743256.795	,1788186149743442.495	
3,N/A,MODEL_EXECUTE,47,272,115.580,1788186149743442.535	,1788186149743558.115	
3,static_kernel_GroupedMatmul_c82fe246f0843d6ddf904011e48a066257c9620090b5c755dc35ea4e8ca71409_2478629_d0,MIX_AIC,12,0,51.360,1788186149743559.115	,1788186149743610.475	
3,N/A,MODEL_WAIT_COMPLETE,47,273,23119.220,1788186149743574.835	,1788186149766694.055	
3,static_kernel_DequantSwigluQuant_1147b81e175d34d10821636ee978003d202532bd71b04cbcef6dda7cca3a60c9_2478629_d0__kernel0,AI_VECTOR_CORE,12,1,7.660,1788186149743611.235	,1788186149743618.895	
3,static_kernel_GroupedMatmul_5db5b7a9271416eb4e0c9f9f61b4869ef629dd312f49398f079aad144477c151_2478629_d0,MIX_AIC,12,2,36.620,1788186149743620.275	,1788186149743656.895	
3,static_kernel_DynamicQuant_3f3823604c7b850b2738d07cb0d129927f7c09376c436c3c4b7b457502b5435f_2478629_d0__kernel0,AI_VECTOR_CORE,12,3,358.740,1788186149743657.875	,1788186149744016.615	
3,clear_ops,MIX_AIC,12,4,30.720,1788186149744017.595	,1788186149744048.315	
3,static_kernel_GroupedMatmul_c82fe246f0843d6ddf904011e48a066257c9620090b5c755dc35ea4e8ca71409_2478629_d0,MIX_AIC,12,5,51.320,1788186149744051.075	,1788186149744102.395	
3,static_kernel_DequantSwigluQuant_1147b81e175d34d10821636ee978003d202532bd71b04cbcef6dda7cca3a60c9_2478629_d0__kernel0,AI_VECTOR_CORE,12,6,7.540,1788186149744103.195	,1788186149744110.735	
3,static_kernel_GroupedMatmul_5db5b7a9271416eb4e0c9f9f61b4869ef629dd312f49398f079aad144477c151_2478629_d0,MIX_AIC,12,7,35.940,1788186149744111.655	,1788186149744147.595	
3,static_kernel_DynamicQuant_3f3823604c7b850b2738d07cb0d129927f7c09376c436c3c4b7b457502b5435f_2478629_d0__kernel0,AI_VECTOR_CORE,12,8,333.100,1788186149744148.635	,1788186149744481.735	
3,clear_ops,MIX_AIC,12,9,28.640,1788186149744482.795	,1788186149744511.435	
3,static_kernel_GroupedMatmul_c82fe246f0843d6ddf904011e48a066257c9620090b5c755dc35ea4e8ca71409_2478629_d0,MIX_AIC,12,10,51.100,1788186149744514.395	,1788186149744565.495	
3,static_kernel_DequantSwigluQuant_1147b81e175d34d10821636ee978003d202532bd71b04cbcef6dda7cca3a60c9_2478629_d0__kernel0,AI_VECTOR_CORE,12,11,7.780,1788186149744566.555	,1788186149744574.335	
3,static_kernel_GroupedMatmul_5db5b7a9271416eb4e0c9f9f61b4869ef629dd312f49398f079aad144477c151_2478629_d0,MIX_AIC,12,12,34.400,1788186149744575.615	,1788186149744610.015	
3,static_kernel_DynamicQuant_3f3823604c7b850b2738d07cb0d129927f7c09376c436c3c4b7b457502b5435f_2478629_d0__kernel0,AI_VECTOR_CORE,12,13,333.160,1788186149744610.775	,1788186149744943.935	
3,clear_ops,MIX_AIC,12,14,27.700,1788186149744945.315	,1788186149744973.015	
3,static_kernel_GroupedMatmul_c82fe246f0843d6ddf904011e48a066257c9620090b5c755dc35ea4e8ca71409_2478629_d0,MIX_AIC,12,15,53.640,1788186149744975.675	,1788186149745029.315	
3,static_kernel_DequantSwigluQuant_1147b81e175d34d10821636ee978003d202532bd71b04cbcef6dda7cca3a60c9_2478629_d0__kernel0,AI_VECTOR_CORE,12,16,7.920,1788186149745030.255	,1788186149745038.175	
3,static_kernel_GroupedMatmul_5db5b7a9271416eb4e0c9f9f61b4869ef629dd312f49398f079aad144477c151_2478629_d0,MIX_AIC,12,17,33.540,1788186149745039.295	,1788186149745072.835	
3,static_kernel_DynamicQuant_3f3823604c7b850b2738d07cb0d129927f7c09376c436c3c4b7b457502b5435f_2478629_d0__kernel0,AI_VECTOR_CORE,12,18,332.740,1788186149745073.835	,1788186149745406.575	
3,clear_ops,MIX_AIC,12,19,28.940,1788186149745407.595	,1788186149745436.535	
3,static_kernel_GroupedMatmul_c82fe246f0843d6ddf904011e48a066257c9620090b5c755dc35ea4e8ca71409_2478629_d0,MIX_AIC,12,20,52.140,1788186149745439.155	,1788186149745491.295	
3,static_kernel_DequantSwigluQuant_1147b81e175d34d10821636ee978003d202532bd71b04cbcef6dda7cca3a60c9_2478629_d0__kernel0,AI_VECTOR_CORE,12,21,11.000,1788186149745492.535	,1788186149745503.535	
3,static_kernel_GroupedMatmul_5db5b7a9271416eb4e0c9f9f61b4869ef629dd312f49398f079aad144477c151_2478629_d0,MIX_AIC,12,22,34.980,1788186149745504.535	,1788186149745539.515	
3,static_kernel_DynamicQuant_3f3823604c7b850b2738d07cb0d129927f7c09376c436c3c4b7b457502b5435f_2478629_d0__kernel0,AI_VECTOR_CORE,12,23,330.380,1788186149745540.315	,1788186149745870.695	
3,clear_ops,MIX_AIC,12,24,28.560,1788186149745871.975	,1788186149745900.535	
3,static_kernel_GroupedMatmul_c82fe246f0843d6ddf904011e48a066257c9620090b5c755dc35ea4e8ca71409_2478629_d0,MIX_AIC,12,25,50.140,1788186149745903.555	,1788186149745953.695	
3,static_kernel_DequantSwigluQuant_1147b81e175d34d10821636ee978003d202532bd71b04cbcef6dda7cca3a60c9_2478629_d0__kernel0,AI_VECTOR_CORE,12,26,7.500,1788186149745954.415	,1788186149745961.915	
3,static_kernel_GroupedMatmul_5db5b7a9271416eb4e0c9f9f61b4869ef629dd312f49398f079aad144477c151_2478629_d0,MIX_AIC,12,27,35.740,1788186149745962.855	,1788186149745998.595	
3,static_kernel_DynamicQuant_3f3823604c7b850b2738d07cb0d129927f7c09376c436c3c4b7b457502b5435f_2478629_d0__kernel0,AI_VECTOR_CORE,12,28,333.780,1788186149745999.835	,1788186149746333.615	
3,clear_ops,MIX_AIC,12,29,28.440,1788186149746334.775	,1788186149746363.215	
3,static_kernel_GroupedMatmul_c82fe246f0843d6ddf904011e48a066257c9620090b5c755dc35ea4e8ca71409_2478629_d0,MIX_AIC,12,30,53.680,1788186149746366.315	,1788186149746419.995	
3,static_kernel_DequantSwigluQuant_1147b81e175d34d10821636ee978003d202532bd71b04cbcef6dda7cca3a60c9_2478629_d0__kernel0,AI_VECTOR_CORE,12,31,7.560,1788186149746420.975	,1788186149746428.535	
3,static_kernel_GroupedMatmul_5db5b7a9271416eb4e0c9f9f61b4869ef629dd312f49398f079aad144477c151_2478629_d0,MIX_AIC,12,32,35.100,1788186149746429.995	,1788186149746465.095	
3,static_kernel_DynamicQuant_3f3823604c7b850b2738d07cb0d129927f7c09376c436c3c4b7b457502b5435f_2478629_d0__kernel0,AI_VECTOR_CORE,12,33,331.060,1788186149746465.775	,1788186149746796.835	
3,clear_ops,MIX_AIC,12,34,28.880,1788186149746798.015	,1788186149746826.895	
3,static_kernel_GroupedMatmul_c82fe246f0843d6ddf904011e48a066257c9620090b5c755dc35ea4e8ca71409_2478629_d0,MIX_AIC,12,35,50.760,1788186149746829.615	,1788186149746880.375	
3,static_kernel_DequantSwigluQuant_1147b81e175d34d10821636ee978003d202532bd71b04cbcef6dda7cca3a60c9_2478629_d0__kernel0,AI_VECTOR_CORE,12,36,7.520,1788186149746881.135	,1788186149746888.655	
3,static_kernel_GroupedMatmul_5db5b7a9271416eb4e0c9f9f61b4869ef629dd312f49398f079aad144477c151_2478629_d0,MIX_AIC,12,37,34.880,1788186149746889.595	,1788186149746924.475	
3,static_kernel_DynamicQuant_3f3823604c7b850b2738d07cb0d129927f7c09376c436c3c4b7b457502b5435f_2478629_d0__kernel0,AI_VECTOR_CORE,12,38,331.400,1788186149746925.335	,1788186149747256.735	
3,clear_ops,MIX_AIC,12,39,28.980,1788186149747257.675	,1788186149747286.655	
3,static_kernel_GroupedMatmul_c82fe246f0843d6ddf904011e48a066257c9620090b5c755dc35ea4e8ca71409_2478629_d0,MIX_AIC,12,40,50.900,1788186149747289.215	,1788186149747340.115	
3,static_kernel_DequantSwigluQuant_1147b81e175d34d10821636ee978003d202532bd71b04cbcef6dda7cca3a60c9_2478629_d0__kernel0,AI_VECTOR_CORE,12,41,8.000,1788186149747340.775	,1788186149747348.775	
3,static_kernel_GroupedMatmul_5db5b7a9271416eb4e0c9f9f61b4869ef629dd312f49398f079aad144477c151_2478629_d0,MIX_AIC,12,42,35.580,1788186149747349.815	,1788186149747385.395	
3,static_kernel_DynamicQuant_3f3823604c7b850b2738d07cb0d129927f7c09376c436c3c4b7b457502b5435f_2478629_d0__kernel0,AI_VECTOR_CORE,12,43,331.040,1788186149747386.215	,1788186149747717.255	
3,clear_ops,MIX_AIC,12,44,28.020,1788186149747718.395	,1788186149747746.415	
3,static_kernel_GroupedMatmul_c82fe246f0843d6ddf904011e48a066257c9620090b5c755dc35ea4e8ca71409_2478629_d0,MIX_AIC,12,45,50.820,1788186149747749.415	,1788186149747800.235	
3,static_kernel_DequantSwigluQuant_1147b81e175d34d10821636ee978003d202532bd71b04cbcef6dda7cca3a60c9_2478629_d0__kernel0,AI_VECTOR_CORE,12,46,7.520,1788186149747800.915	,1788186149747808.435	
3,static_kernel_GroupedMatmul_5db5b7a9271416eb4e0c9f9f61b4869ef629dd312f49398f079aad144477c151_2478629_d0,MIX_AIC,12,47,33.240,1788186149747809.355	,1788186149747842.595	
3,static_kernel_DynamicQuant_3f3823604c7b850b2738d07cb0d129927f7c09376c436c3c4b7b457502b5435f_2478629_d0__kernel0,AI_VECTOR_CORE,12,48,332.220,1788186149747843.315	,1788186149748175.535	
3,clear_ops,MIX_AIC,12,49,28.880,1788186149748177.015	,1788186149748205.895	
3,static_kernel_GroupedMatmul_c82fe246f0843d6ddf904011e48a066257c9620090b5c755dc35ea4e8ca71409_2478629_d0,MIX_AIC,12,50,51.860,1788186149748208.615	,1788186149748260.475	
3,static_kernel_DequantSwigluQuant_1147b81e175d34d10821636ee978003d202532bd71b04cbcef6dda7cca3a60c9_2478629_d0__kernel0,AI_VECTOR_CORE,12,51,7.740,1788186149748261.335	,1788186149748269.075	
3,static_kernel_GroupedMatmul_5db5b7a9271416eb4e0c9f9f61b4869ef629dd312f49398f079aad144477c151_2478629_d0,MIX_AIC,12,52,35.620,1788186149748270.375	,1788186149748305.995	
3,static_kernel_DynamicQuant_3f3823604c7b850b2738d07cb0d129927f7c09376c436c3c4b7b457502b5435f_2478629_d0__kernel0,AI_VECTOR_CORE,12,53,331.740,1788186149748306.735	,1788186149748638.475	
3,clear_ops,MIX_AIC,12,54,28.500,1788186149748639.575	,1788186149748668.075	
3,static_kernel_GroupedMatmul_c82fe246f0843d6ddf904011e48a066257c9620090b5c755dc35ea4e8ca71409_2478629_d0,MIX_AIC,12,55,51.000,1788186149748671.175	,1788186149748722.175	
3,static_kernel_DequantSwigluQuant_1147b81e175d34d10821636ee978003d202532bd71b04cbcef6dda7cca3a60c9_2478629_d0__kernel0,AI_VECTOR_CORE,12,56,7.700,1788186149748723.355	,1788186149748731.055	
3,static_kernel_GroupedMatmul_5db5b7a9271416eb4e0c9f9f61b4869ef629dd312f49398f079aad144477c151_2478629_d0,MIX_AIC,12,57,33.820,1788186149748732.395	,1788186149748766.215	
3,static_kernel_DynamicQuant_3f3823604c7b850b2738d07cb0d129927f7c09376c436c3c4b7b457502b5435f_2478629_d0__kernel0,AI_VECTOR_CORE,12,58,329.800,1788186149748766.935	,1788186149749096.735	
3,clear_ops,MIX_AIC,12,59,29.860,1788186149749098.015	,1788186149749127.875	
3,static_kernel_GroupedMatmul_c82fe246f0843d6ddf904011e48a066257c9620090b5c755dc35ea4e8ca71409_2478629_d0,MIX_AIC,12,60,50.580,1788186149749130.815	,1788186149749181.395	
3,static_kernel_DequantSwigluQuant_1147b81e175d34d10821636ee978003d202532bd71b04cbcef6dda7cca3a60c9_2478629_d0__kernel0,AI_VECTOR_CORE,12,61,7.400,1788186149749182.235	,1788186149749189.635	
3,static_kernel_GroupedMatmul_5db5b7a9271416eb4e0c9f9f61b4869ef629dd312f49398f079aad144477c151_2478629_d0,MIX_AIC,12,62,35.300,1788186149749190.675	,1788186149749225.975	
3,static_kernel_DynamicQuant_3f3823604c7b850b2738d07cb0d129927f7c09376c436c3c4b7b457502b5435f_2478629_d0__kernel0,AI_VECTOR_CORE,12,63,339.120,1788186149749227.035	,1788186149749566.155	
3,clear_ops,MIX_AIC,12,64,29.720,1788186149749567.355	,1788186149749597.075	
3,static_kernel_GroupedMatmul_c82fe246f0843d6ddf904011e48a066257c9620090b5c755dc35ea4e8ca71409_2478629_d0,MIX_AIC,12,65,50.980,1788186149749600.155	,1788186149749651.135	
3,static_kernel_DequantSwigluQuant_1147b81e175d34d10821636ee978003d202532bd71b04cbcef6dda7cca3a60c9_2478629_d0__kernel0,AI_VECTOR_CORE,12,66,7.860,1788186149749652.295	,1788186149749660.155	
3,static_kernel_GroupedMatmul_5db5b7a9271416eb4e0c9f9f61b4869ef629dd312f49398f079aad144477c151_2478629_d0,MIX_AIC,12,67,35.340,1788186149749661.335	,1788186149749696.675	
3,static_kernel_DynamicQuant_3f3823604c7b850b2738d07cb0d129927f7c09376c436c3c4b7b457502b5435f_2478629_d0__kernel0,AI_VECTOR_CORE,12,68,330.780,1788186149749697.755	,1788186149750028.535	
3,clear_ops,MIX_AIC,12,69,28.660,1788186149750029.515	,1788186149750058.175	
3,static_kernel_GroupedMatmul_c82fe246f0843d6ddf904011e48a066257c9620090b5c755dc35ea4e8ca71409_2478629_d0,MIX_AIC,12,70,51.760,1788186149750061.075	,1788186149750112.835	
3,static_kernel_DequantSwigluQuant_1147b81e175d34d10821636ee978003d202532bd71b04cbcef6dda7cca3a60c9_2478629_d0__kernel0,AI_VECTOR_CORE,12,71,7.520,1788186149750113.835	,1788186149750121.355	
3,static_kernel_GroupedMatmul_5db5b7a9271416eb4e0c9f9f61b4869ef629dd312f49398f079aad144477c151_2478629_d0,MIX_AIC,12,72,34.500,1788186149750122.295	,1788186149750156.795	
3,static_kernel_DynamicQuant_3f3823604c7b850b2738d07cb0d129927f7c09376c436c3c4b7b457502b5435f_2478629_d0__kernel0,AI_VECTOR_CORE,12,73,332.280,1788186149750158.035	,1788186149750490.315	
3,clear_ops,MIX_AIC,12,74,29.300,1788186149750491.455	,1788186149750520.755	
3,static_kernel_GroupedMatmul_c82fe246f0843d6ddf904011e48a066257c9620090b5c755dc35ea4e8ca71409_2478629_d0,MIX_AIC,12,75,51.660,1788186149750523.655	,1788186149750575.315	
3,static_kernel_DequantSwigluQuant_1147b81e175d34d10821636ee978003d202532bd71b04cbcef6dda7cca3a60c9_2478629_d0__kernel0,AI_VECTOR_CORE,12,76,8.020,1788186149750576.375	,1788186149750584.395	
3,static_kernel_GroupedMatmul_5db5b7a9271416eb4e0c9f9f61b4869ef629dd312f49398f079aad144477c151_2478629_d0,MIX_AIC,12,77,34.620,1788186149750585.435	,1788186149750620.055	
3,static_kernel_DynamicQuant_3f3823604c7b850b2738d07cb0d129927f7c09376c436c3c4b7b457502b5435f_2478629_d0__kernel0,AI_VECTOR_CORE,12,78,332.440,1788186149750621.195	,1788186149750953.635	
3,clear_ops,MIX_AIC,12,79,28.420,1788186149750954.595	,1788186149750983.015	
3,static_kernel_GroupedMatmul_c82fe246f0843d6ddf904011e48a066257c9620090b5c755dc35ea4e8ca71409_2478629_d0,MIX_AIC,12,80,51.680,1788186149750986.155	,1788186149751037.835	
3,static_kernel_DequantSwigluQuant_1147b81e175d34d10821636ee978003d202532bd71b04cbcef6dda7cca3a60c9_2478629_d0__kernel0,AI_VECTOR_CORE,12,81,7.800,1788186149751038.955	,1788186149751046.755	
3,static_kernel_GroupedMatmul_5db5b7a9271416eb4e0c9f9f61b4869ef629dd312f49398f079aad144477c151_2478629_d0,MIX_AIC,12,82,34.640,1788186149751047.975	,1788186149751082.615	
3,static_kernel_DynamicQuant_3f3823604c7b850b2738d07cb0d129927f7c09376c436c3c4b7b457502b5435f_2478629_d0__kernel0,AI_VECTOR_CORE,12,83,332.340,1788186149751083.735	,1788186149751416.075	
3,clear_ops,MIX_AIC,12,84,26.960,1788186149751417.155	,1788186149751444.115	
3,static_kernel_GroupedMatmul_c82fe246f0843d6ddf904011e48a066257c9620090b5c755dc35ea4e8ca71409_2478629_d0,MIX_AIC,12,85,51.720,1788186149751447.075	,1788186149751498.795	
3,static_kernel_DequantSwigluQuant_1147b81e175d34d10821636ee978003d202532bd71b04cbcef6dda7cca3a60c9_2478629_d0__kernel0,AI_VECTOR_CORE,12,86,7.500,1788186149751499.815	,1788186149751507.315	
3,static_kernel_GroupedMatmul_5db5b7a9271416eb4e0c9f9f61b4869ef629dd312f49398f079aad144477c151_2478629_d0,MIX_AIC,12,87,34.600,1788186149751508.275	,1788186149751542.875	
3,static_kernel_DynamicQuant_3f3823604c7b850b2738d07cb0d129927f7c09376c436c3c4b7b457502b5435f_2478629_d0__kernel0,AI_VECTOR_CORE,12,88,332.300,1788186149751544.075	,1788186149751876.375	
3,clear_ops,MIX_AIC,12,89,29.160,1788186149751877.635	,1788186149751906.795	
3,static_kernel_GroupedMatmul_c82fe246f0843d6ddf904011e48a066257c9620090b5c755dc35ea4e8ca71409_2478629_d0,MIX_AIC,12,90,50.880,1788186149751909.835	,1788186149751960.715	
3,static_kernel_DequantSwigluQuant_1147b81e175d34d10821636ee978003d202532bd71b04cbcef6dda7cca3a60c9_2478629_d0__kernel0,AI_VECTOR_CORE,12,91,7.920,1788186149751961.955	,1788186149751969.875	
3,static_kernel_GroupedMatmul_5db5b7a9271416eb4e0c9f9f61b4869ef629dd312f49398f079aad144477c151_2478629_d0,MIX_AIC,12,92,33.240,1788186149751970.955	,1788186149752004.195	
3,static_kernel_DynamicQuant_3f3823604c7b850b2738d07cb0d129927f7c09376c436c3c4b7b457502b5435f_2478629_d0__kernel0,AI_VECTOR_CORE,12,93,334.760,1788186149752005.455	,1788186149752340.215	
3,clear_ops,MIX_AIC,12,94,27.960,1788186149752341.195	,1788186149752369.155	
3,static_kernel_GroupedMatmul_c82fe246f0843d6ddf904011e48a066257c9620090b5c755dc35ea4e8ca71409_2478629_d0,MIX_AIC,12,95,50.920,1788186149752372.155	,1788186149752423.075	
3,static_kernel_DequantSwigluQuant_1147b81e175d34d10821636ee978003d202532bd71b04cbcef6dda7cca3a60c9_2478629_d0__kernel0,AI_VECTOR_CORE,12,96,7.300,1788186149752424.315	,1788186149752431.615	
3,static_kernel_GroupedMatmul_5db5b7a9271416eb4e0c9f9f61b4869ef629dd312f49398f079aad144477c151_2478629_d0,MIX_AIC,12,97,34.320,1788186149752432.755	,1788186149752467.075	
3,static_kernel_DynamicQuant_3f3823604c7b850b2738d07cb0d129927f7c09376c436c3c4b7b457502b5435f_2478629_d0__kernel0,AI_VECTOR_CORE,12,98,331.860,1788186149752467.915	,1788186149752799.775	
3,clear_ops,MIX_AIC,12,99,27.360,1788186149752800.835	,1788186149752828.195	
3,static_kernel_GroupedMatmul_c82fe246f0843d6ddf904011e48a066257c9620090b5c755dc35ea4e8ca71409_2478629_d0,MIX_AIC,12,100,51.240,1788186149752831.235	,1788186149752882.475	
3,static_kernel_DequantSwigluQuant_1147b81e175d34d10821636ee978003d202532bd71b04cbcef6dda7cca3a60c9_2478629_d0__kernel0,AI_VECTOR_CORE,12,101,7.400,1788186149752883.395	,1788186149752890.795	
3,static_kernel_GroupedMatmul_5db5b7a9271416eb4e0c9f9f61b4869ef629dd312f49398f079aad144477c151_2478629_d0,MIX_AIC,12,102,33.960,1788186149752891.815	,1788186149752925.775	
3,static_kernel_DynamicQuant_3f3823604c7b850b2738d07cb0d129927f7c09376c436c3c4b7b457502b5435f_2478629_d0__kernel0,AI_VECTOR_CORE,12,103,329.620,1788186149752926.975	,1788186149753256.595	
3,clear_ops,MIX_AIC,12,104,28.400,1788186149753257.995	,1788186149753286.395	
3,static_kernel_GroupedMatmul_c82fe246f0843d6ddf904011e48a066257c9620090b5c755dc35ea4e8ca71409_2478629_d0,MIX_AIC,12,105,51.140,1788186149753288.995	,1788186149753340.135	
3,static_kernel_DequantSwigluQuant_1147b81e175d34d10821636ee978003d202532bd71b04cbcef6dda7cca3a60c9_2478629_d0__kernel0,AI_VECTOR_CORE,12,106,7.780,1788186149753341.175	,1788186149753348.955	
3,static_kernel_GroupedMatmul_5db5b7a9271416eb4e0c9f9f61b4869ef629dd312f49398f079aad144477c151_2478629_d0,MIX_AIC,12,107,36.020,1788186149753350.235	,1788186149753386.255	
3,static_kernel_DynamicQuant_3f3823604c7b850b2738d07cb0d129927f7c09376c436c3c4b7b457502b5435f_2478629_d0__kernel0,AI_VECTOR_CORE,12,108,331.840,1788186149753387.235	,1788186149753719.075	
3,clear_ops,MIX_AIC,12,109,28.200,1788186149753720.095	,1788186149753748.295	
3,static_kernel_GroupedMatmul_c82fe246f0843d6ddf904011e48a066257c9620090b5c755dc35ea4e8ca71409_2478629_d0,MIX_AIC,12,110,52.220,1788186149753751.055	,1788186149753803.275	
3,static_kernel_DequantSwigluQuant_1147b81e175d34d10821636ee978003d202532bd71b04cbcef6dda7cca3a60c9_2478629_d0__kernel0,AI_VECTOR_CORE,12,111,7.380,1788186149753804.375	,1788186149753811.755	
3,static_kernel_GroupedMatmul_5db5b7a9271416eb4e0c9f9f61b4869ef629dd312f49398f079aad144477c151_2478629_d0,MIX_AIC,12,112,33.820,1788186149753812.815	,1788186149753846.635	
3,static_kernel_DynamicQuant_3f3823604c7b850b2738d07cb0d129927f7c09376c436c3c4b7b457502b5435f_2478629_d0__kernel0,AI_VECTOR_CORE,12,113,332.860,1788186149753847.375	,1788186149754180.235	
3,clear_ops,MIX_AIC,12,114,28.720,1788186149754181.415	,1788186149754210.135	
3,static_kernel_GroupedMatmul_c82fe246f0843d6ddf904011e48a066257c9620090b5c755dc35ea4e8ca71409_2478629_d0,MIX_AIC,12,115,51.520,1788186149754213.015	,1788186149754264.535	
3,static_kernel_DequantSwigluQuant_1147b81e175d34d10821636ee978003d202532bd71b04cbcef6dda7cca3a60c9_2478629_d0__kernel0,AI_VECTOR_CORE,12,116,11.240,1788186149754265.755	,1788186149754276.995	
3,static_kernel_GroupedMatmul_5db5b7a9271416eb4e0c9f9f61b4869ef629dd312f49398f079aad144477c151_2478629_d0,MIX_AIC,12,117,36.600,1788186149754278.355	,1788186149754314.955	
3,static_kernel_DynamicQuant_3f3823604c7b850b2738d07cb0d129927f7c09376c436c3c4b7b457502b5435f_2478629_d0__kernel0,AI_VECTOR_CORE,12,118,331.440,1788186149754315.935	,1788186149754647.375	
3,clear_ops,MIX_AIC,12,119,28.600,1788186149754648.255	,1788186149754676.855	
3,static_kernel_GroupedMatmul_c82fe246f0843d6ddf904011e48a066257c9620090b5c755dc35ea4e8ca71409_2478629_d0,MIX_AIC,12,120,50.440,1788186149754679.795	,1788186149754730.235	
3,static_kernel_DequantSwigluQuant_1147b81e175d34d10821636ee978003d202532bd71b04cbcef6dda7cca3a60c9_2478629_d0__kernel0,AI_VECTOR_CORE,12,121,7.380,1788186149754731.375	,1788186149754738.755	
3,static_kernel_GroupedMatmul_5db5b7a9271416eb4e0c9f9f61b4869ef629dd312f49398f079aad144477c151_2478629_d0,MIX_AIC,12,122,34.840,1788186149754739.815	,1788186149754774.655	
3,static_kernel_DynamicQuant_3f3823604c7b850b2738d07cb0d129927f7c09376c436c3c4b7b457502b5435f_2478629_d0__kernel0,AI_VECTOR_CORE,12,123,331.120,1788186149754775.535	,1788186149755106.655	
3,clear_ops,MIX_AIC,12,124,27.920,1788186149755107.855	,1788186149755135.775	
3,static_kernel_GroupedMatmul_c82fe246f0843d6ddf904011e48a066257c9620090b5c755dc35ea4e8ca71409_2478629_d0,MIX_AIC,12,125,50.640,1788186149755138.835	,1788186149755189.475	
3,static_kernel_DequantSwigluQuant_1147b81e175d34d10821636ee978003d202532bd71b04cbcef6dda7cca3a60c9_2478629_d0__kernel0,AI_VECTOR_CORE,12,126,7.660,1788186149755190.395	,1788186149755198.055	
3,static_kernel_GroupedMatmul_5db5b7a9271416eb4e0c9f9f61b4869ef629dd312f49398f079aad144477c151_2478629_d0,MIX_AIC,12,127,34.880,1788186149755199.435	,1788186149755234.315	
3,static_kernel_DynamicQuant_3f3823604c7b850b2738d07cb0d129927f7c09376c436c3c4b7b457502b5435f_2478629_d0__kernel0,AI_VECTOR_CORE,12,128,331.300,1788186149755235.195	,1788186149755566.495	
3,clear_ops,MIX_AIC,12,129,30.140,1788186149755567.955	,1788186149755598.095	
3,static_kernel_GroupedMatmul_c82fe246f0843d6ddf904011e48a066257c9620090b5c755dc35ea4e8ca71409_2478629_d0,MIX_AIC,12,130,52.160,1788186149755600.755	,1788186149755652.915	
3,static_kernel_DequantSwigluQuant_1147b81e175d34d10821636ee978003d202532bd71b04cbcef6dda7cca3a60c9_2478629_d0__kernel0,AI_VECTOR_CORE,12,131,7.820,1788186149755654.115	,1788186149755661.935	
3,static_kernel_GroupedMatmul_5db5b7a9271416eb4e0c9f9f61b4869ef629dd312f49398f079aad144477c151_2478629_d0,MIX_AIC,12,132,36.660,1788186149755663.155	,1788186149755699.815	
3,static_kernel_DynamicQuant_3f3823604c7b850b2738d07cb0d129927f7c09376c436c3c4b7b457502b5435f_2478629_d0__kernel0,AI_VECTOR_CORE,12,133,331.640,1788186149755700.715	,1788186149756032.355	
3,clear_ops,MIX_AIC,12,134,28.320,1788186149756033.775	,1788186149756062.095	
3,static_kernel_GroupedMatmul_c82fe246f0843d6ddf904011e48a066257c9620090b5c755dc35ea4e8ca71409_2478629_d0,MIX_AIC,12,135,51.020,1788186149756064.735	,1788186149756115.755	
3,static_kernel_DequantSwigluQuant_1147b81e175d34d10821636ee978003d202532bd71b04cbcef6dda7cca3a60c9_2478629_d0__kernel0,AI_VECTOR_CORE,12,136,7.660,1788186149756116.915	,1788186149756124.575	
3,static_kernel_GroupedMatmul_5db5b7a9271416eb4e0c9f9f61b4869ef629dd312f49398f079aad144477c151_2478629_d0,MIX_AIC,12,137,34.080,1788186149756125.935	,1788186149756160.015	
3,static_kernel_DynamicQuant_3f3823604c7b850b2738d07cb0d129927f7c09376c436c3c4b7b457502b5435f_2478629_d0__kernel0,AI_VECTOR_CORE,12,138,332.060,1788186149756161.075	,1788186149756493.135	
3,clear_ops,MIX_AIC,12,139,28.520,1788186149756494.215	,1788186149756522.735	
3,static_kernel_GroupedMatmul_c82fe246f0843d6ddf904011e48a066257c9620090b5c755dc35ea4e8ca71409_2478629_d0,MIX_AIC,12,140,53.580,1788186149756525.775	,1788186149756579.355	
3,static_kernel_DequantSwigluQuant_1147b81e175d34d10821636ee978003d202532bd71b04cbcef6dda7cca3a60c9_2478629_d0__kernel0,AI_VECTOR_CORE,12,141,7.880,1788186149756580.315	,1788186149756588.195	
3,static_kernel_GroupedMatmul_5db5b7a9271416eb4e0c9f9f61b4869ef629dd312f49398f079aad144477c151_2478629_d0,MIX_AIC,12,142,35.060,1788186149756589.335	,1788186149756624.395	
3,static_kernel_DynamicQuant_3f3823604c7b850b2738d07cb0d129927f7c09376c436c3c4b7b457502b5435f_2478629_d0__kernel0,AI_VECTOR_CORE,12,143,338.480,1788186149756625.095	,1788186149756963.575	
3,clear_ops,MIX_AIC,12,144,27.960,1788186149756964.955	,1788186149756992.915	
3,static_kernel_GroupedMatmul_c82fe246f0843d6ddf904011e48a066257c9620090b5c755dc35ea4e8ca71409_2478629_d0,MIX_AIC,12,145,50.220,1788186149756995.895	,1788186149757046.115	
3,static_kernel_DequantSwigluQuant_1147b81e175d34d10821636ee978003d202532bd71b04cbcef6dda7cca3a60c9_2478629_d0__kernel0,AI_VECTOR_CORE,12,146,7.560,1788186149757046.835	,1788186149757054.395	
3,static_kernel_GroupedMatmul_5db5b7a9271416eb4e0c9f9f61b4869ef629dd312f49398f079aad144477c151_2478629_d0,MIX_AIC,12,147,35.080,1788186149757055.295	,1788186149757090.375	
3,static_kernel_DynamicQuant_3f3823604c7b850b2738d07cb0d129927f7c09376c436c3c4b7b457502b5435f_2478629_d0__kernel0,AI_VECTOR_CORE,12,148,330.340,1788186149757091.055	,1788186149757421.395	
3,clear_ops,MIX_AIC,12,149,27.880,1788186149757422.775	,1788186149757450.655	
3,static_kernel_GroupedMatmul_c82fe246f0843d6ddf904011e48a066257c9620090b5c755dc35ea4e8ca71409_2478629_d0,MIX_AIC,12,150,50.580,1788186149757453.715	,1788186149757504.295	
3,static_kernel_DequantSwigluQuant_1147b81e175d34d10821636ee978003d202532bd71b04cbcef6dda7cca3a60c9_2478629_d0__kernel0,AI_VECTOR_CORE,12,151,7.160,1788186149757505.255	,1788186149757512.415	
3,static_kernel_GroupedMatmul_5db5b7a9271416eb4e0c9f9f61b4869ef629dd312f49398f079aad144477c151_2478629_d0,MIX_AIC,12,152,34.860,1788186149757513.715	,1788186149757548.575	
3,static_kernel_DynamicQuant_3f3823604c7b850b2738d07cb0d129927f7c09376c436c3c4b7b457502b5435f_2478629_d0__kernel0,AI_VECTOR_CORE,12,153,331.000,1788186149757549.455	,1788186149757880.455	
3,clear_ops,MIX_AIC,12,154,29.040,1788186149757881.775	,1788186149757910.815	
3,static_kernel_GroupedMatmul_c82fe246f0843d6ddf904011e48a066257c9620090b5c755dc35ea4e8ca71409_2478629_d0,MIX_AIC,12,155,52.300,1788186149757913.935	,1788186149757966.235	
3,static_kernel_DequantSwigluQuant_1147b81e175d34d10821636ee978003d202532bd71b04cbcef6dda7cca3a60c9_2478629_d0__kernel0,AI_VECTOR_CORE,12,156,7.620,1788186149757967.275	,1788186149757974.895	
3,static_kernel_GroupedMatmul_5db5b7a9271416eb4e0c9f9f61b4869ef629dd312f49398f079aad144477c151_2478629_d0,MIX_AIC,12,157,36.200,1788186149757976.335	,1788186149758012.535	
3,static_kernel_DynamicQuant_3f3823604c7b850b2738d07cb0d129927f7c09376c436c3c4b7b457502b5435f_2478629_d0__kernel0,AI_VECTOR_CORE,12,158,330.500,1788186149758013.295	,1788186149758343.795	
3,clear_ops,MIX_AIC,12,159,28.380,1788186149758344.935	,1788186149758373.315	
3,static_kernel_GroupedMatmul_c82fe246f0843d6ddf904011e48a066257c9620090b5c755dc35ea4e8ca71409_2478629_d0,MIX_AIC,12,160,51.540,1788186149758375.915	,1788186149758427.455	
3,static_kernel_DequantSwigluQuant_1147b81e175d34d10821636ee978003d202532bd71b04cbcef6dda7cca3a60c9_2478629_d0__kernel0,AI_VECTOR_CORE,12,161,10.240,1788186149758428.635	,1788186149758438.875	
3,static_kernel_GroupedMatmul_5db5b7a9271416eb4e0c9f9f61b4869ef629dd312f49398f079aad144477c151_2478629_d0,MIX_AIC,12,162,33.860,1788186149758440.055	,1788186149758473.915	
3,static_kernel_DynamicQuant_3f3823604c7b850b2738d07cb0d129927f7c09376c436c3c4b7b457502b5435f_2478629_d0__kernel0,AI_VECTOR_CORE,12,163,331.840,1788186149758474.615	,1788186149758806.455	
3,clear_ops,MIX_AIC,12,164,28.320,1788186149758807.375	,1788186149758835.695	
3,static_kernel_GroupedMatmul_c82fe246f0843d6ddf904011e48a066257c9620090b5c755dc35ea4e8ca71409_2478629_d0,MIX_AIC,12,165,52.360,1788186149758838.355	,1788186149758890.715	
3,static_kernel_DequantSwigluQuant_1147b81e175d34d10821636ee978003d202532bd71b04cbcef6dda7cca3a60c9_2478629_d0__kernel0,AI_VECTOR_CORE,12,166,7.660,1788186149758891.715	,1788186149758899.375	
3,static_kernel_GroupedMatmul_5db5b7a9271416eb4e0c9f9f61b4869ef629dd312f49398f079aad144477c151_2478629_d0,MIX_AIC,12,167,35.280,1788186149758900.755	,1788186149758936.035	
3,static_kernel_DynamicQuant_3f3823604c7b850b2738d07cb0d129927f7c09376c436c3c4b7b457502b5435f_2478629_d0__kernel0,AI_VECTOR_CORE,12,168,333.020,1788186149758937.155	,1788186149759270.175	
3,clear_ops,MIX_AIC,12,169,28.040,1788186149759271.435	,1788186149759299.475	
3,static_kernel_GroupedMatmul_c82fe246f0843d6ddf904011e48a066257c9620090b5c755dc35ea4e8ca71409_2478629_d0,MIX_AIC,12,170,51.520,1788186149759302.375	,1788186149759353.895	
3,static_kernel_DequantSwigluQuant_1147b81e175d34d10821636ee978003d202532bd71b04cbcef6dda7cca3a60c9_2478629_d0__kernel0,AI_VECTOR_CORE,12,171,7.640,1788186149759354.575	,1788186149759362.215	
3,static_kernel_GroupedMatmul_5db5b7a9271416eb4e0c9f9f61b4869ef629dd312f49398f079aad144477c151_2478629_d0,MIX_AIC,12,172,36.620,1788186149759363.635	,1788186149759400.255	
3,static_kernel_DynamicQuant_3f3823604c7b850b2738d07cb0d129927f7c09376c436c3c4b7b457502b5435f_2478629_d0__kernel0,AI_VECTOR_CORE,12,173,331.200,1788186149759401.235	,1788186149759732.435	
3,clear_ops,MIX_AIC,12,174,28.340,1788186149759733.755	,1788186149759762.095	
3,static_kernel_GroupedMatmul_c82fe246f0843d6ddf904011e48a066257c9620090b5c755dc35ea4e8ca71409_2478629_d0,MIX_AIC,12,175,50.180,1788186149759764.755	,1788186149759814.935	
3,static_kernel_DequantSwigluQuant_1147b81e175d34d10821636ee978003d202532bd71b04cbcef6dda7cca3a60c9_2478629_d0__kernel0,AI_VECTOR_CORE,12,176,7.560,1788186149759815.715	,1788186149759823.275	
3,static_kernel_GroupedMatmul_5db5b7a9271416eb4e0c9f9f61b4869ef629dd312f49398f079aad144477c151_2478629_d0,MIX_AIC,12,177,33.560,1788186149759824.755	,1788186149759858.315	
3,static_kernel_DynamicQuant_3f3823604c7b850b2738d07cb0d129927f7c09376c436c3c4b7b457502b5435f_2478629_d0__kernel0,AI_VECTOR_CORE,12,178,332.660,1788186149759859.275	,1788186149760191.935	
3,clear_ops,MIX_AIC,12,179,28.380,1788186149760193.415	,1788186149760221.795	
3,static_kernel_GroupedMatmul_c82fe246f0843d6ddf904011e48a066257c9620090b5c755dc35ea4e8ca71409_2478629_d0,MIX_AIC,12,180,51.960,1788186149760224.375	,1788186149760276.335	
3,static_kernel_DequantSwigluQuant_1147b81e175d34d10821636ee978003d202532bd71b04cbcef6dda7cca3a60c9_2478629_d0__kernel0,AI_VECTOR_CORE,12,181,7.820,1788186149760277.155	,1788186149760284.975	
3,static_kernel_GroupedMatmul_5db5b7a9271416eb4e0c9f9f61b4869ef629dd312f49398f079aad144477c151_2478629_d0,MIX_AIC,12,182,35.840,1788186149760286.175	,1788186149760322.015	
3,static_kernel_DynamicQuant_3f3823604c7b850b2738d07cb0d129927f7c09376c436c3c4b7b457502b5435f_2478629_d0__kernel0,AI_VECTOR_CORE,12,183,332.100,1788186149760323.115	,1788186149760655.215	
3,clear_ops,MIX_AIC,12,184,27.900,1788186149760656.575	,1788186149760684.475	
3,static_kernel_GroupedMatmul_c82fe246f0843d6ddf904011e48a066257c9620090b5c755dc35ea4e8ca71409_2478629_d0,MIX_AIC,12,185,50.680,1788186149760687.595	,1788186149760738.275	
3,static_kernel_DequantSwigluQuant_1147b81e175d34d10821636ee978003d202532bd71b04cbcef6dda7cca3a60c9_2478629_d0__kernel0,AI_VECTOR_CORE,12,186,7.520,1788186149760739.175	,1788186149760746.695	
3,static_kernel_GroupedMatmul_5db5b7a9271416eb4e0c9f9f61b4869ef629dd312f49398f079aad144477c151_2478629_d0,MIX_AIC,12,187,36.700,1788186149760747.615	,1788186149760784.315	
3,static_kernel_DynamicQuant_3f3823604c7b850b2738d07cb0d129927f7c09376c436c3c4b7b457502b5435f_2478629_d0__kernel0,AI_VECTOR_CORE,12,188,332.000,1788186149760785.255	,1788186149761117.255	
3,clear_ops,MIX_AIC,12,189,28.420,1788186149761118.595	,1788186149761147.015	
3,static_kernel_GroupedMatmul_c82fe246f0843d6ddf904011e48a066257c9620090b5c755dc35ea4e8ca71409_2478629_d0,MIX_AIC,12,190,49.840,1788186149761150.155	,1788186149761199.995	
3,static_kernel_DequantSwigluQuant_1147b81e175d34d10821636ee978003d202532bd71b04cbcef6dda7cca3a60c9_2478629_d0__kernel0,AI_VECTOR_CORE,12,191,7.920,1788186149761201.075	,1788186149761208.995	
3,static_kernel_GroupedMatmul_5db5b7a9271416eb4e0c9f9f61b4869ef629dd312f49398f079aad144477c151_2478629_d0,MIX_AIC,12,192,34.640,1788186149761210.135	,1788186149761244.775	
3,static_kernel_DynamicQuant_3f3823604c7b850b2738d07cb0d129927f7c09376c436c3c4b7b457502b5435f_2478629_d0__kernel0,AI_VECTOR_CORE,12,193,332.700,1788186149761245.875	,1788186149761578.575	
3,clear_ops,MIX_AIC,12,194,28.080,1788186149761579.515	,1788186149761607.595	
3,static_kernel_GroupedMatmul_c82fe246f0843d6ddf904011e48a066257c9620090b5c755dc35ea4e8ca71409_2478629_d0,MIX_AIC,12,195,50.240,1788186149761610.475	,1788186149761660.715	
3,static_kernel_DequantSwigluQuant_1147b81e175d34d10821636ee978003d202532bd71b04cbcef6dda7cca3a60c9_2478629_d0__kernel0,AI_VECTOR_CORE,12,196,10.780,1788186149761661.415	,1788186149761672.195	
3,static_kernel_GroupedMatmul_5db5b7a9271416eb4e0c9f9f61b4869ef629dd312f49398f079aad144477c151_2478629_d0,MIX_AIC,12,197,36.360,1788186149761673.435	,1788186149761709.795	
3,static_kernel_DynamicQuant_3f3823604c7b850b2738d07cb0d129927f7c09376c436c3c4b7b457502b5435f_2478629_d0__kernel0,AI_VECTOR_CORE,12,198,330.280,1788186149761711.035	,1788186149762041.315	
3,clear_ops,MIX_AIC,12,199,28.240,1788186149762042.715	,1788186149762070.955	
3,static_kernel_GroupedMatmul_c82fe246f0843d6ddf904011e48a066257c9620090b5c755dc35ea4e8ca71409_2478629_d0,MIX_AIC,12,200,51.760,1788186149762073.675	,1788186149762125.435	
3,static_kernel_DequantSwigluQuant_1147b81e175d34d10821636ee978003d202532bd71b04cbcef6dda7cca3a60c9_2478629_d0__kernel0,AI_VECTOR_CORE,12,201,7.980,1788186149762126.415	,1788186149762134.395	
3,static_kernel_GroupedMatmul_5db5b7a9271416eb4e0c9f9f61b4869ef629dd312f49398f079aad144477c151_2478629_d0,MIX_AIC,12,202,35.920,1788186149762135.435	,1788186149762171.355	
3,static_kernel_DynamicQuant_3f3823604c7b850b2738d07cb0d129927f7c09376c436c3c4b7b457502b5435f_2478629_d0__kernel0,AI_VECTOR_CORE,12,203,332.700,1788186149762172.415	,1788186149762505.115	
3,clear_ops,MIX_AIC,12,204,28.680,1788186149762506.555	,1788186149762535.235	
3,static_kernel_GroupedMatmul_c82fe246f0843d6ddf904011e48a066257c9620090b5c755dc35ea4e8ca71409_2478629_d0,MIX_AIC,12,205,50.280,1788186149762538.155	,1788186149762588.435	
3,static_kernel_DequantSwigluQuant_1147b81e175d34d10821636ee978003d202532bd71b04cbcef6dda7cca3a60c9_2478629_d0__kernel0,AI_VECTOR_CORE,12,206,7.720,1788186149762589.675	,1788186149762597.395	
3,static_kernel_GroupedMatmul_5db5b7a9271416eb4e0c9f9f61b4869ef629dd312f49398f079aad144477c151_2478629_d0,MIX_AIC,12,207,34.700,1788186149762598.695	,1788186149762633.395	
3,static_kernel_DynamicQuant_3f3823604c7b850b2738d07cb0d129927f7c09376c436c3c4b7b457502b5435f_2478629_d0__kernel0,AI_VECTOR_CORE,12,208,331.800,1788186149762634.435	,1788186149762966.235	
3,clear_ops,MIX_AIC,12,209,27.780,1788186149762967.275	,1788186149762995.055	
3,static_kernel_GroupedMatmul_c82fe246f0843d6ddf904011e48a066257c9620090b5c755dc35ea4e8ca71409_2478629_d0,MIX_AIC,12,210,50.940,1788186149762997.635	,1788186149763048.575	
3,static_kernel_DequantSwigluQuant_1147b81e175d34d10821636ee978003d202532bd71b04cbcef6dda7cca3a60c9_2478629_d0__kernel0,AI_VECTOR_CORE,12,211,7.400,1788186149763049.775	,1788186149763057.175	
3,static_kernel_GroupedMatmul_5db5b7a9271416eb4e0c9f9f61b4869ef629dd312f49398f079aad144477c151_2478629_d0,MIX_AIC,12,212,35.280,1788186149763058.195	,1788186149763093.475	
3,static_kernel_DynamicQuant_3f3823604c7b850b2738d07cb0d129927f7c09376c436c3c4b7b457502b5435f_2478629_d0__kernel0,AI_VECTOR_CORE,12,213,331.860,1788186149763094.575	,1788186149763426.435	
3,clear_ops,MIX_AIC,12,214,28.340,1788186149763427.515	,1788186149763455.855	
3,static_kernel_GroupedMatmul_c82fe246f0843d6ddf904011e48a066257c9620090b5c755dc35ea4e8ca71409_2478629_d0,MIX_AIC,12,215,52.200,1788186149763458.515	,1788186149763510.715	
3,static_kernel_DequantSwigluQuant_1147b81e175d34d10821636ee978003d202532bd71b04cbcef6dda7cca3a60c9_2478629_d0__kernel0,AI_VECTOR_CORE,12,216,7.880,1788186149763511.875	,1788186149763519.755	
3,static_kernel_GroupedMatmul_5db5b7a9271416eb4e0c9f9f61b4869ef629dd312f49398f079aad144477c151_2478629_d0,MIX_AIC,12,217,34.900,1788186149763520.935	,1788186149763555.835	
3,static_kernel_DynamicQuant_3f3823604c7b850b2738d07cb0d129927f7c09376c436c3c4b7b457502b5435f_2478629_d0__kernel0,AI_VECTOR_CORE,12,218,330.760,1788186149763556.715	,1788186149763887.475	
3,clear_ops,MIX_AIC,12,219,28.080,1788186149763888.595	,1788186149763916.675	
3,static_kernel_GroupedMatmul_c82fe246f0843d6ddf904011e48a066257c9620090b5c755dc35ea4e8ca71409_2478629_d0,MIX_AIC,12,220,52.780,1788186149763919.555	,1788186149763972.335	
3,static_kernel_DequantSwigluQuant_1147b81e175d34d10821636ee978003d202532bd71b04cbcef6dda7cca3a60c9_2478629_d0__kernel0,AI_VECTOR_CORE,12,221,7.740,1788186149763973.075	,1788186149763980.815	
3,static_kernel_GroupedMatmul_5db5b7a9271416eb4e0c9f9f61b4869ef629dd312f49398f079aad144477c151_2478629_d0,MIX_AIC,12,222,35.600,1788186149763982.115	,1788186149764017.715	
3,static_kernel_DynamicQuant_3f3823604c7b850b2738d07cb0d129927f7c09376c436c3c4b7b457502b5435f_2478629_d0__kernel0,AI_VECTOR_CORE,12,223,340.040,1788186149764018.455	,1788186149764358.495	
3,clear_ops,MIX_AIC,12,224,28.220,1788186149764359.375	,1788186149764387.595	
3,static_kernel_GroupedMatmul_c82fe246f0843d6ddf904011e48a066257c9620090b5c755dc35ea4e8ca71409_2478629_d0,MIX_AIC,12,225,50.000,1788186149764390.315	,1788186149764440.315	
3,static_kernel_DequantSwigluQuant_1147b81e175d34d10821636ee978003d202532bd71b04cbcef6dda7cca3a60c9_2478629_d0__kernel0,AI_VECTOR_CORE,12,226,7.540,1788186149764441.215	,1788186149764448.755	
3,static_kernel_GroupedMatmul_5db5b7a9271416eb4e0c9f9f61b4869ef629dd312f49398f079aad144477c151_2478629_d0,MIX_AIC,12,227,34.320,1788186149764449.675	,1788186149764483.995	
3,static_kernel_DynamicQuant_3f3823604c7b850b2738d07cb0d129927f7c09376c436c3c4b7b457502b5435f_2478629_d0__kernel0,AI_VECTOR_CORE,12,228,330.900,1788186149764484.815	,1788186149764815.715	
3,clear_ops,MIX_AIC,12,229,28.560,1788186149764817.095	,1788186149764845.655	
3,static_kernel_GroupedMatmul_c82fe246f0843d6ddf904011e48a066257c9620090b5c755dc35ea4e8ca71409_2478629_d0,MIX_AIC,12,230,50.480,1788186149764848.675	,1788186149764899.155	
3,static_kernel_DequantSwigluQuant_1147b81e175d34d10821636ee978003d202532bd71b04cbcef6dda7cca3a60c9_2478629_d0__kernel0,AI_VECTOR_CORE,12,231,7.820,1788186149764900.215	,1788186149764908.035	
3,static_kernel_GroupedMatmul_5db5b7a9271416eb4e0c9f9f61b4869ef629dd312f49398f079aad144477c151_2478629_d0,MIX_AIC,12,232,33.600,1788186149764909.275	,1788186149764942.875	
3,static_kernel_DynamicQuant_3f3823604c7b850b2738d07cb0d129927f7c09376c436c3c4b7b457502b5435f_2478629_d0__kernel0,AI_VECTOR_CORE,12,233,334.020,1788186149764943.835	,1788186149765277.855	
3,clear_ops,MIX_AIC,12,234,28.220,1788186149765278.775	,1788186149765306.995	
3,static_kernel_GroupedMatmul_c82fe246f0843d6ddf904011e48a066257c9620090b5c755dc35ea4e8ca71409_2478629_d0,MIX_AIC,12,235,51.160,1788186149765309.715	,1788186149765360.875	
3,static_kernel_DequantSwigluQuant_1147b81e175d34d10821636ee978003d202532bd71b04cbcef6dda7cca3a60c9_2478629_d0__kernel0,AI_VECTOR_CORE,12,236,7.600,1788186149765361.855	,1788186149765369.455	
3,static_kernel_GroupedMatmul_5db5b7a9271416eb4e0c9f9f61b4869ef629dd312f49398f079aad144477c151_2478629_d0,MIX_AIC,12,237,35.180,1788186149765370.875	,1788186149765406.055	
3,static_kernel_DynamicQuant_3f3823604c7b850b2738d07cb0d129927f7c09376c436c3c4b7b457502b5435f_2478629_d0__kernel0,AI_VECTOR_CORE,12,238,333.220,1788186149765407.255	,1788186149765740.475	
3,clear_ops,MIX_AIC,12,239,29.140,1788186149765741.355	,1788186149765770.495	
3,static_kernel_GroupedMatmul_c82fe246f0843d6ddf904011e48a066257c9620090b5c755dc35ea4e8ca71409_2478629_d0,MIX_AIC,12,240,51.160,1788186149765773.575	,1788186149765824.735	
3,static_kernel_DequantSwigluQuant_1147b81e175d34d10821636ee978003d202532bd71b04cbcef6dda7cca3a60c9_2478629_d0__kernel0,AI_VECTOR_CORE,12,241,7.840,1788186149765825.695	,1788186149765833.535	
3,static_kernel_GroupedMatmul_5db5b7a9271416eb4e0c9f9f61b4869ef629dd312f49398f079aad144477c151_2478629_d0,MIX_AIC,12,242,34.400,1788186149765834.735	,1788186149765869.135	
3,static_kernel_DynamicQuant_3f3823604c7b850b2738d07cb0d129927f7c09376c436c3c4b7b457502b5435f_2478629_d0__kernel0,AI_VECTOR_CORE,12,243,330.160,1788186149765869.915	,1788186149766200.075	
3,clear_ops,MIX_AIC,12,244,30.100,1788186149766200.975	,1788186149766231.075	
3,static_kernel_GroupedMatmul_c82fe246f0843d6ddf904011e48a066257c9620090b5c755dc35ea4e8ca71409_2478629_d0,MIX_AIC,12,245,51.160,1788186149766233.755	,1788186149766284.915	
3,static_kernel_DequantSwigluQuant_1147b81e175d34d10821636ee978003d202532bd71b04cbcef6dda7cca3a60c9_2478629_d0__kernel0,AI_VECTOR_CORE,12,246,7.200,1788186149766285.875	,1788186149766293.075	
3,static_kernel_GroupedMatmul_5db5b7a9271416eb4e0c9f9f61b4869ef629dd312f49398f079aad144477c151_2478629_d0,MIX_AIC,12,247,35.120,1788186149766294.295	,1788186149766329.415	
3,static_kernel_DynamicQuant_3f3823604c7b850b2738d07cb0d129927f7c09376c436c3c4b7b457502b5435f_2478629_d0__kernel0,AI_VECTOR_CORE,12,248,332.920,1788186149766330.655	,1788186149766663.575	
3,clear_ops,MIX_AIC,12,249,27.960,1788186149766664.475	,1788186149766692.435	
3,N/A,NOTIFY_RECORD,12,250,0.020,1788186149766693.575	,1788186149766693.595	
3,N/A,PROFILER_TRACE_EX,47,274,0.020,1788186149766794.935	,1788186149766794.955	
3,N/A,PROFILING_DISABLE,48,8,0.000,1788186150718014.755	,1788186150718014.755	
