Device_id,Model ID,Task ID,Stream ID,Op Name,OP Type,OP State,Task Type,Task Start Time(us),Task Duration(us),Task Wait Time(us),Block Num,Mix Block Num,HF32 Eligible,Input Shapes,Input Data Types,Input Formats,Output Shapes,Output Data Types,Output Formats,Context ID,aicore_time(us),aic_total_cycles,aic_mac_time(us),aic_mac_ratio,aic_scalar_time(us),aic_scalar_ratio,aic_mte1_time(us),aic_mte1_ratio,aic_mte2_time(us),aic_mte2_ratio,aic_fixpipe_time(us),aic_fixpipe_ratio,aic_icache_miss_rate,aiv_time(us),aiv_total_cycles,aiv_vec_time(us),aiv_vec_ratio,aiv_scalar_time(us),aiv_scalar_ratio,aiv_mte2_time(us),aiv_mte2_ratio,aiv_mte3_time(us),aiv_mte3_ratio,aiv_icache_miss_rate,cube_utilization(%)
3,4294967295,0,47,aclnnInplaceOne_OnesLikeAiCore_OnesLike,OnesLike,dynamic,AI_VECTOR_CORE,1788186421722198.575	,36.900,0,40,0,NO,"""9216,7168""",INT8,ND,"""9216,7168""",INT8,ND,N/A,0.0,0,0.0,0.0,0.0,0.0,0.0,0.0,0.0,0.0,0.0,0.0,0.0,32.899,2171349,5.056,0.154,4.444,0.135,0.001,0.0,25.371,0.771,0.012,0.000
3,4294967295,2,47,aclnnInplaceUniform_DSARandomUniform_DSARandomUniform,DSARandomUniform,dynamic,DSA_SQE,1788186421730542.875	,2774.520,8307.600000,0,0,NO,N/A,N/A,N/A,"""1,7168,4096""",FLOAT,ND,N/A,N/A,N/A,N/A,N/A,N/A,N/A,N/A,N/A,N/A,N/A,N/A,N/A,N/A,N/A,N/A,N/A,N/A,N/A,N/A,N/A,N/A,N/A,N/A,N/A,N/A
3,4294967295,3,47,aclnnInplaceUniform_CastAiCore_Cast,Cast,dynamic,AI_VECTOR_CORE,1788186421733317.415	,322.460,0.000000,40,0,NO,"""1,7168,4096""",FLOAT,ND,"""1,7168,4096""",INT8,ND,N/A,0.0,0,0.0,0.0,0.0,0.0,0.0,0.0,0.0,0.0,0.0,0.0,0.0,318.605,21027918,171.771,0.539,12.854,0.04,206.494,0.648,99.949,0.314,0.005,0.000
3,4294967295,5,47,aclnnInplaceUniform_DSARandomUniform_DSARandomUniform,DSARandomUniform,dynamic,DSA_SQE,1788186421733642.455	,1382.440,2.540000,0,0,NO,N/A,N/A,N/A,"""1,2048,7168""",FLOAT,ND,N/A,N/A,N/A,N/A,N/A,N/A,N/A,N/A,N/A,N/A,N/A,N/A,N/A,N/A,N/A,N/A,N/A,N/A,N/A,N/A,N/A,N/A,N/A,N/A,N/A,N/A
3,4294967295,6,47,aclnnInplaceUniform_CastAiCore_Cast,Cast,dynamic,AI_VECTOR_CORE,1788186421735024.915	,119.700,0.060000,40,0,NO,"""1,2048,7168""",FLOAT,ND,"""1,2048,7168""",INT8,ND,N/A,0.0,0,0.0,0.0,0.0,0.0,0.0,0.0,0.0,0.0,0.0,0.0,0.0,113.781,7509520,85.881,0.755,7.237,0.064,47.771,0.42,13.286,0.117,0.0,0.000
3,4294967295,8,47,aclnnInplaceUniform_DSARandomUniform_DSARandomUniform,DSARandomUniform,dynamic,DSA_SQE,1788186421735147.015	,1.800,2.300000,0,0,NO,N/A,N/A,N/A,"""1,7168""",DT_BF16,ND,N/A,N/A,N/A,N/A,N/A,N/A,N/A,N/A,N/A,N/A,N/A,N/A,N/A,N/A,N/A,N/A,N/A,N/A,N/A,N/A,N/A,N/A,N/A,N/A,N/A,N/A
3,4294967295,10,47,aclnnInplaceUniform_DSARandomUniform_DSARandomUniform,DSARandomUniform,dynamic,DSA_SQE,1788186421735151.155	,2.140,2.450000,0,0,NO,N/A,N/A,N/A,"""9216""",FLOAT,ND,N/A,N/A,N/A,N/A,N/A,N/A,N/A,N/A,N/A,N/A,N/A,N/A,N/A,N/A,N/A,N/A,N/A,N/A,N/A,N/A,N/A,N/A,N/A,N/A,N/A,N/A
3,4294967295,12,47,aclnnInplaceUniform_DSARandomUniform_DSARandomUniform,DSARandomUniform,dynamic,DSA_SQE,1788186421735155.655	,1.700,2.360000,0,0,NO,N/A,N/A,N/A,"""1,4096""",FLOAT,ND,N/A,N/A,N/A,N/A,N/A,N/A,N/A,N/A,N/A,N/A,N/A,N/A,N/A,N/A,N/A,N/A,N/A,N/A,N/A,N/A,N/A,N/A,N/A,N/A,N/A,N/A
3,4294967295,14,47,aclnnInplaceUniform_DSARandomUniform_DSARandomUniform,DSARandomUniform,dynamic,DSA_SQE,1788186421735159.755	,2.200,2.300000,0,0,NO,N/A,N/A,N/A,"""9216""",FLOAT,ND,N/A,N/A,N/A,N/A,N/A,N/A,N/A,N/A,N/A,N/A,N/A,N/A,N/A,N/A,N/A,N/A,N/A,N/A,N/A,N/A,N/A,N/A,N/A,N/A,N/A,N/A
3,4294967295,16,47,aclnnInplaceUniform_DSARandomUniform_DSARandomUniform,DSARandomUniform,dynamic,DSA_SQE,1788186421735164.455	,1.560,2.550000,0,0,NO,N/A,N/A,N/A,"""1,2048""",FLOAT,ND,N/A,N/A,N/A,N/A,N/A,N/A,N/A,N/A,N/A,N/A,N/A,N/A,N/A,N/A,N/A,N/A,N/A,N/A,N/A,N/A,N/A,N/A,N/A,N/A,N/A,N/A
3,4294967295,17,47,sk_scope_kernel_begin_dav_2201,sk_scope_kernel_begin_dav_2201,dynamic,AI_VECTOR_CORE,1788186427188797.735	,1.020,5453631.690000,1,0,NO,N/A,N/A,N/A,N/A,N/A,N/A,N/A,0.0,0,0.0,0.0,0.0,0.0,0.0,0.0,0.0,0.0,0.0,0.0,0.0,0.179,295,0.008,0.047,0.012,0.068,0.001,0.007,0.001,0.007,0.444,0.000
3,4294967295,18,47,sk_placeholder_kernel_dav_2201,sk_placeholder_kernel_dav_2201,dynamic,AI_VECTOR_CORE,1788186427188964.035	,0.920,165.230000,1,0,NO,N/A,N/A,N/A,N/A,N/A,N/A,N/A,0.0,0,0.0,0.0,0.0,0.0,0.0,0.0,0.0,0.0,0.0,0.0,0.0,0.125,207,0.008,0.068,0.012,0.097,0.001,0.01,0.001,0.01,0.444,0.000
3,4294967295,19,47,sk_placeholder_kernel_dav_2201,sk_placeholder_kernel_dav_2201,dynamic,AI_VECTOR_CORE,1788186427189005.575	,0.880,40.580000,1,0,NO,N/A,N/A,N/A,N/A,N/A,N/A,N/A,0.0,0,0.0,0.0,0.0,0.0,0.0,0.0,0.0,0.0,0.0,0.0,0.0,0.105,174,0.008,0.08,0.012,0.115,0.001,0.011,0.001,0.011,0.444,0.000
3,4294967295,20,47,aclnnGroupedMatmulV5_GroupedMatmul_GroupedMatmul,GroupedMatmul,dynamic,MIX_AIC,1788186427210670.275	,46.500,21663.870000,20,0,NO,"""9216,7168;1,7168,4096;;;;;;1""",INT8;INT8;INT32;UINT64;FLOAT;FLOAT16;FLOAT16;INT64,ND;NCL;ND;ND;ND;ND;ND;ND,"""9216,4096""",INT32,ND,0,35.357,1166767,2.905,0.082,10.329,0.292,9.372,0.265,28.12,0.795,2.605,0.074,0.022,0.0,0,0.0,0.0,0.0,0.0,0.0,0.0,0.0,0.0,0.0,76.036
3,4294967295,21,47,DequantSwigluQuant,DequantSwigluQuant,dynamic,AI_VECTOR_CORE,1788186427893396.235	,9.980,682679.500000,36,0,NO,"""9216,4096;1,4096;9216;;1,2048;;1""",INT32;FLOAT;FLOAT;DT_UNDEFINED;FLOAT;DT_UNDEFINED;INT64,ND;ND;ND;NULL;ND;NULL;ND,"""9216,2048;9216""",INT8;FLOAT,ND;ND,N/A,0.0,0,0.0,0.0,0.0,0.0,0.0,0.0,0.0,0.0,0.0,0.0,0.0,6.604,392248,0.057,0.009,2.821,0.427,1.023,0.155,0.009,0.001,0.175,0.000
3,4294967295,22,47,aclnnGroupedMatmulV5_GroupedMatmul_GroupedMatmul,GroupedMatmul,dynamic,MIX_AIC,1788186427897311.375	,24.620,3905.270000,20,20,NO,"""9216,2048;1,2048,7168;;1,7168;;;;1;9216""",INT8;INT8;INT32;DT_BF16;FLOAT;FLOAT16;FLOAT16;INT64;FLOAT,ND;NCL;ND;ND;ND;ND;ND;ND;ND,"""9216,7168""",DT_BF16,ND,0,20.485,675990,1.453,0.071,12.318,0.601,4.702,0.23,7.974,0.389,2.283,0.111,0.037,20.19,666277,0.195,0.01,5.963,0.295,2.39,0.118,0.18,0.009,0.114,83.203
3,4294967295,23,47,aclnnDynamicQuantV2_DynamicQuant_DynamicQuant,DynamicQuant,dynamic,AI_VECTOR_CORE,1788186427898067.155	,317.580,731.130000,40,0,NO,"""9216,7168""",DT_BF16,ND,"""9216,7168;9216""",INT8;FLOAT,ND;ND,N/A,0.0,0,0.0,0.0,0.0,0.0,0.0,0.0,0.0,0.0,0.0,0.0,0.0,312.116,20599630,188.864,0.605,30.424,0.097,280.912,0.9,148.697,0.476,0.005,0.000
3,4294967295,24,47,clear_ops,clear_ops,dynamic,MIX_AIC,1788186427898464.375	,35.720,79.670000,20,40,NO,N/A,N/A,N/A,N/A,N/A,N/A,0,33.447,1103766,0.0,0.0,4.655,0.139,0.001,0.0,0.001,0.0,0.001,0.0,0.128,33.344,2200735,0.008,0.0,4.044,0.121,0.001,0.0,0.001,0.0,0.147,93.638
3,4294967295,25,47,sk_placeholder_kernel_dav_2201,sk_placeholder_kernel_dav_2201,dynamic,AI_VECTOR_CORE,1788186427898707.735	,0.880,207.530000,1,0,NO,N/A,N/A,N/A,N/A,N/A,N/A,N/A,0.0,0,0.0,0.0,0.0,0.0,0.0,0.0,0.0,0.0,0.0,0.0,0.0,0.359,592,0.008,0.024,0.012,0.034,0.001,0.003,0.001,0.003,0.444,0.000
3,4294967295,26,47,sk_placeholder_kernel_dav_2201,sk_placeholder_kernel_dav_2201,dynamic,AI_VECTOR_CORE,1788186427898768.335	,0.700,59.620000,1,0,NO,N/A,N/A,N/A,N/A,N/A,N/A,N/A,0.0,0,0.0,0.0,0.0,0.0,0.0,0.0,0.0,0.0,0.0,0.0,0.0,0.2,330,0.008,0.042,0.012,0.061,0.001,0.006,0.001,0.006,0.444,0.000
3,4294967295,27,47,sk_scope_kernel_end_dav_2201,sk_scope_kernel_end_dav_2201,dynamic,AI_VECTOR_CORE,1788186427898827.815	,0.800,58.800000,1,0,NO,N/A,N/A,N/A,N/A,N/A,N/A,N/A,0.0,0,0.0,0.0,0.0,0.0,0.0,0.0,0.0,0.0,0.0,0.0,0.0,0.237,391,0.008,0.036,0.015,0.061,0.001,0.005,0.001,0.005,0.5,0.000
3,4294967295,28,47,sk_scope_kernel_begin_dav_2201,sk_scope_kernel_begin_dav_2201,dynamic,AI_VECTOR_CORE,1788186427899044.035	,0.800,215.450000,1,0,NO,N/A,N/A,N/A,N/A,N/A,N/A,N/A,0.0,0,0.0,0.0,0.0,0.0,0.0,0.0,0.0,0.0,0.0,0.0,0.0,0.238,392,0.008,0.036,0.012,0.051,0.001,0.005,0.001,0.005,0.444,0.000
3,4294967295,29,47,sk_placeholder_kernel_dav_2201,sk_placeholder_kernel_dav_2201,dynamic,AI_VECTOR_CORE,1788186427899094.615	,0.780,49.700000,1,0,NO,N/A,N/A,N/A,N/A,N/A,N/A,N/A,0.0,0,0.0,0.0,0.0,0.0,0.0,0.0,0.0,0.0,0.0,0.0,0.0,0.204,337,0.008,0.042,0.012,0.059,0.001,0.006,0.001,0.006,0.444,0.000
3,4294967295,30,47,sk_placeholder_kernel_dav_2201,sk_placeholder_kernel_dav_2201,dynamic,AI_VECTOR_CORE,1788186427899135.795	,0.780,40.470000,1,0,NO,N/A,N/A,N/A,N/A,N/A,N/A,N/A,0.0,0,0.0,0.0,0.0,0.0,0.0,0.0,0.0,0.0,0.0,0.0,0.0,0.205,338,0.008,0.041,0.012,0.059,0.001,0.006,0.001,0.006,0.444,0.000
3,4294967295,31,47,aclnnGroupedMatmulV5_GroupedMatmul_GroupedMatmul,GroupedMatmul,dynamic,MIX_AIC,1788186427900951.875	,49.940,1815.470000,20,0,NO,"""9216,7168;1,7168,4096;;;;;;1""",INT8;INT8;INT32;UINT64;FLOAT;FLOAT16;FLOAT16;INT64,ND;NCL;ND;ND;ND;ND;ND;ND,"""9216,4096""",INT32,ND,0,37.603,1240901,2.905,0.077,9.172,0.244,9.376,0.249,31.487,0.837,2.414,0.064,0.023,0.0,0,0.0,0.0,0.0,0.0,0.0,0.0,0.0,0.0,0.0,75.296
3,4294967295,32,47,DequantSwigluQuant,DequantSwigluQuant,dynamic,AI_VECTOR_CORE,1788186427901132.575	,9.620,130.560000,36,0,NO,"""9216,4096;1,4096;9216;;1,2048;;1""",INT32;FLOAT;FLOAT;DT_UNDEFINED;FLOAT;DT_UNDEFINED;INT64,ND;ND;ND;NULL;ND;NULL;ND,"""9216,2048;9216""",INT8;FLOAT,ND;ND,N/A,0.0,0,0.0,0.0,0.0,0.0,0.0,0.0,0.0,0.0,0.0,0.0,0.0,6.142,364808,0.057,0.009,2.119,0.345,0.824,0.134,0.005,0.001,0.186,0.000
3,4294967295,33,47,aclnnGroupedMatmulV5_GroupedMatmul_GroupedMatmul,GroupedMatmul,dynamic,MIX_AIC,1788186427903038.995	,40.520,1896.880000,20,20,NO,"""9216,2048;1,2048,7168;;1,7168;;;;1;9216""",INT8;INT8;INT32;DT_BF16;FLOAT;FLOAT16;FLOAT16;INT64;FLOAT,ND;NCL;ND;ND;ND;ND;ND;ND;ND,"""9216,7168""",DT_BF16,ND,0,30.105,993464,1.453,0.048,12.579,0.418,4.688,0.156,18.832,0.626,4.777,0.159,0.04,29.865,985555,0.208,0.007,4.685,0.157,1.563,0.052,0.209,0.007,0.122,74.297
3,4294967295,34,47,aclnnDynamicQuantV2_DynamicQuant_DynamicQuant,DynamicQuant,dynamic,AI_VECTOR_CORE,1788186427903739.075	,327.900,659.480000,40,0,NO,"""9216,7168""",DT_BF16,ND,"""9216,7168;9216""",INT8;FLOAT,ND;ND,N/A,0.0,0,0.0,0.0,0.0,0.0,0.0,0.0,0.0,0.0,0.0,0.0,0.0,321.838,21241334,188.864,0.587,30.44,0.095,290.66,0.903,153.536,0.477,0.005,0.000
3,4294967295,35,47,clear_ops,clear_ops,dynamic,MIX_AIC,1788186427904068.095	,33.880,1.100000,20,40,NO,N/A,N/A,N/A,N/A,N/A,N/A,0,31.618,1043399,0.0,0.0,4.673,0.148,0.001,0.0,0.001,0.0,0.001,0.0,0.124,31.517,2080150,0.008,0.0,4.055,0.129,0.001,0.0,0.001,0.0,0.147,93.324
3,4294967295,36,47,sk_placeholder_kernel_dav_2201,sk_placeholder_kernel_dav_2201,dynamic,AI_VECTOR_CORE,1788186427904103.195	,0.840,1.370000,1,0,NO,N/A,N/A,N/A,N/A,N/A,N/A,N/A,0.0,0,0.0,0.0,0.0,0.0,0.0,0.0,0.0,0.0,0.0,0.0,0.0,0.305,503,0.008,0.028,0.012,0.04,0.001,0.004,0.001,0.004,0.444,0.000
3,4294967295,37,47,sk_placeholder_kernel_dav_2201,sk_placeholder_kernel_dav_2201,dynamic,AI_VECTOR_CORE,1788186427904104.055	,0.720,0.000000,1,0,NO,N/A,N/A,N/A,N/A,N/A,N/A,N/A,0.0,0,0.0,0.0,0.0,0.0,0.0,0.0,0.0,0.0,0.0,0.0,0.0,0.194,320,0.008,0.044,0.012,0.063,0.001,0.006,0.001,0.006,0.444,0.000
3,4294967295,38,47,sk_scope_kernel_end_dav_2201,sk_scope_kernel_end_dav_2201,dynamic,AI_VECTOR_CORE,1788186427904104.795	,0.740,0.030000,1,0,NO,N/A,N/A,N/A,N/A,N/A,N/A,N/A,0.0,0,0.0,0.0,0.0,0.0,0.0,0.0,0.0,0.0,0.0,0.0,0.0,0.212,349,0.008,0.04,0.015,0.069,0.001,0.006,0.001,0.006,0.5,0.000
3,4294967295,39,47,sk_scope_kernel_begin_dav_2201,sk_scope_kernel_begin_dav_2201,dynamic,AI_VECTOR_CORE,1788186427904128.915	,0.740,23.510000,1,0,NO,N/A,N/A,N/A,N/A,N/A,N/A,N/A,0.0,0,0.0,0.0,0.0,0.0,0.0,0.0,0.0,0.0,0.0,0.0,0.0,0.211,348,0.008,0.04,0.012,0.057,0.001,0.006,0.001,0.006,0.444,0.000
3,4294967295,40,47,sk_placeholder_kernel_dav_2201,sk_placeholder_kernel_dav_2201,dynamic,AI_VECTOR_CORE,1788186427904175.515	,0.740,45.760000,1,0,NO,N/A,N/A,N/A,N/A,N/A,N/A,N/A,0.0,0,0.0,0.0,0.0,0.0,0.0,0.0,0.0,0.0,0.0,0.0,0.0,0.188,311,0.008,0.045,0.012,0.064,0.001,0.006,0.001,0.006,0.444,0.000
3,4294967295,41,47,sk_placeholder_kernel_dav_2201,sk_placeholder_kernel_dav_2201,dynamic,AI_VECTOR_CORE,1788186427904203.735	,0.740,27.510000,1,0,NO,N/A,N/A,N/A,N/A,N/A,N/A,N/A,0.0,0,0.0,0.0,0.0,0.0,0.0,0.0,0.0,0.0,0.0,0.0,0.0,0.191,315,0.008,0.044,0.012,0.063,0.001,0.006,0.001,0.006,0.444,0.000
3,4294967295,42,47,aclnnGroupedMatmulV5_GroupedMatmul_GroupedMatmul,GroupedMatmul,dynamic,MIX_AIC,1788186427905854.355	,48.860,1649.760000,20,0,NO,"""9216,7168;1,7168,4096;;;;;;1""",INT8;INT8;INT32;UINT64;FLOAT;FLOAT16;FLOAT16;INT64,ND;NCL;ND;ND;ND;ND;ND;ND,"""9216,4096""",INT32,ND,0,37.466,1236385,2.905,0.078,8.924,0.238,9.372,0.25,31.394,0.838,2.458,0.066,0.023,0.0,0,0.0,0.0,0.0,0.0,0.0,0.0,0.0,0.0,0.0,76.681
3,4294967295,43,47,DequantSwigluQuant,DequantSwigluQuant,dynamic,AI_VECTOR_CORE,1788186427906016.315	,8.160,113.140000,36,0,NO,"""9216,4096;1,4096;9216;;1,2048;;1""",INT32;FLOAT;FLOAT;DT_UNDEFINED;FLOAT;DT_UNDEFINED;INT64,ND;ND;ND;NULL;ND;NULL;ND,"""9216,2048;9216""",INT8;FLOAT,ND;ND,N/A,0.0,0,0.0,0.0,0.0,0.0,0.0,0.0,0.0,0.0,0.0,0.0,0.0,5.614,333455,0.057,0.01,1.478,0.263,0.377,0.067,0.006,0.001,0.191,0.000
3,4294967295,44,47,aclnnGroupedMatmulV5_GroupedMatmul_GroupedMatmul,GroupedMatmul,dynamic,MIX_AIC,1788186427907865.715	,41.600,1841.340000,20,20,NO,"""9216,2048;1,2048,7168;;1,7168;;;;1;9216""",INT8;INT8;INT32;DT_BF16;FLOAT;FLOAT16;FLOAT16;INT64;FLOAT,ND;NCL;ND;ND;ND;ND;ND;ND;ND,"""9216,7168""",DT_BF16,ND,0,29.86,985378,1.453,0.049,12.089,0.405,4.691,0.157,18.83,0.631,4.606,0.154,0.041,29.598,976731,0.211,0.007,3.818,0.129,1.677,0.057,0.18,0.006,0.124,71.779
3,4294967295,45,47,aclnnDynamicQuantV2_DynamicQuant_DynamicQuant,DynamicQuant,dynamic,AI_VECTOR_CORE,1788186427908575.995	,329.840,668.650000,40,0,NO,"""9216,7168""",DT_BF16,ND,"""9216,7168;9216""",INT8;FLOAT,ND;ND,N/A,0.0,0,0.0,0.0,0.0,0.0,0.0,0.0,0.0,0.0,0.0,0.0,0.0,324.657,21427335,188.863,0.582,30.369,0.094,290.879,0.896,167.244,0.515,0.005,0.000
3,4294967295,46,47,clear_ops,clear_ops,dynamic,MIX_AIC,1788186427908907.055	,33.640,1.160000,20,40,NO,N/A,N/A,N/A,N/A,N/A,N/A,0,31.443,1037635,0.0,0.0,4.571,0.145,0.001,0.0,0.001,0.0,0.001,0.0,0.127,31.341,2068517,0.008,0.0,3.847,0.123,0.001,0.0,0.001,0.0,0.149,93.471
3,4294967295,47,47,sk_placeholder_kernel_dav_2201,sk_placeholder_kernel_dav_2201,dynamic,AI_VECTOR_CORE,1788186427908941.575	,0.900,0.860000,1,0,NO,N/A,N/A,N/A,N/A,N/A,N/A,N/A,0.0,0,0.0,0.0,0.0,0.0,0.0,0.0,0.0,0.0,0.0,0.0,0.0,0.318,525,0.008,0.027,0.012,0.038,0.001,0.004,0.001,0.004,0.444,0.000
3,4294967295,48,47,sk_placeholder_kernel_dav_2201,sk_placeholder_kernel_dav_2201,dynamic,AI_VECTOR_CORE,1788186427908942.495	,0.780,0.100000,1,0,NO,N/A,N/A,N/A,N/A,N/A,N/A,N/A,0.0,0,0.0,0.0,0.0,0.0,0.0,0.0,0.0,0.0,0.0,0.0,0.0,0.204,337,0.008,0.042,0.012,0.059,0.001,0.006,0.001,0.006,0.444,0.000
3,4294967295,49,47,sk_scope_kernel_end_dav_2201,sk_scope_kernel_end_dav_2201,dynamic,AI_VECTOR_CORE,1788186427908943.295	,0.760,0.000000,1,0,NO,N/A,N/A,N/A,N/A,N/A,N/A,N/A,0.0,0,0.0,0.0,0.0,0.0,0.0,0.0,0.0,0.0,0.0,0.0,0.0,0.251,414,0.008,0.034,0.015,0.058,0.001,0.005,0.001,0.005,0.5,0.000
3,4294967295,50,47,sk_scope_kernel_begin_dav_2201,sk_scope_kernel_begin_dav_2201,dynamic,AI_VECTOR_CORE,1788186427908962.435	,0.780,18.490000,1,0,NO,N/A,N/A,N/A,N/A,N/A,N/A,N/A,0.0,0,0.0,0.0,0.0,0.0,0.0,0.0,0.0,0.0,0.0,0.0,0.0,0.248,410,0.008,0.034,0.012,0.049,0.001,0.005,0.001,0.005,0.444,0.000
3,4294967295,51,47,sk_placeholder_kernel_dav_2201,sk_placeholder_kernel_dav_2201,dynamic,AI_VECTOR_CORE,1788186427909013.315	,0.760,49.970000,1,0,NO,N/A,N/A,N/A,N/A,N/A,N/A,N/A,0.0,0,0.0,0.0,0.0,0.0,0.0,0.0,0.0,0.0,0.0,0.0,0.0,0.207,342,0.008,0.041,0.012,0.058,0.001,0.006,0.001,0.006,0.444,0.000
3,4294967295,52,47,sk_placeholder_kernel_dav_2201,sk_placeholder_kernel_dav_2201,dynamic,AI_VECTOR_CORE,1788186427909041.255	,0.740,27.240000,1,0,NO,N/A,N/A,N/A,N/A,N/A,N/A,N/A,0.0,0,0.0,0.0,0.0,0.0,0.0,0.0,0.0,0.0,0.0,0.0,0.0,0.208,344,0.008,0.041,0.012,0.058,0.001,0.006,0.001,0.006,0.444,0.000
3,4294967295,53,47,aclnnGroupedMatmulV5_GroupedMatmul_GroupedMatmul,GroupedMatmul,dynamic,MIX_AIC,1788186427910697.355	,52.460,1655.260000,20,0,NO,"""9216,7168;1,7168,4096;;;;;;1""",INT8;INT8;INT32;UINT64;FLOAT;FLOAT16;FLOAT16;INT64,ND;NCL;ND;ND;ND;ND;ND;ND,"""9216,4096""",INT32,ND,0,40.231,1327628,2.905,0.072,11.251,0.28,9.375,0.233,31.504,0.783,2.45,0.061,0.019,0.0,0,0.0,0.0,0.0,0.0,0.0,0.0,0.0,0.0,0.0,76.689
3,4294967295,54,47,DequantSwigluQuant,DequantSwigluQuant,dynamic,AI_VECTOR_CORE,1788186427910861.855	,10.120,112.040000,36,0,NO,"""9216,4096;1,4096;9216;;1,2048;;1""",INT32;FLOAT;FLOAT;DT_UNDEFINED;FLOAT;DT_UNDEFINED;INT64,ND;ND;ND;NULL;ND;NULL;ND,"""9216,2048;9216""",INT8;FLOAT,ND;ND,N/A,0.0,0,0.0,0.0,0.0,0.0,0.0,0.0,0.0,0.0,0.0,0.0,0.0,6.167,366319,0.057,0.009,1.986,0.322,0.747,0.121,0.005,0.001,0.182,0.000
3,4294967295,55,47,aclnnGroupedMatmulV5_GroupedMatmul_GroupedMatmul,GroupedMatmul,dynamic,MIX_AIC,1788186427912687.995	,40.280,1816.130000,20,20,NO,"""9216,2048;1,2048,7168;;1,7168;;;;1;9216""",INT8;INT8;INT32;DT_BF16;FLOAT;FLOAT16;FLOAT16;INT64;FLOAT,ND;NCL;ND;ND;ND;ND;ND;ND;ND,"""9216,7168""",DT_BF16,ND,0,30.286,999444,1.453,0.048,12.422,0.41,4.689,0.155,18.954,0.626,4.736,0.156,0.042,30.011,990351,0.211,0.007,3.647,0.122,1.764,0.059,0.176,0.006,0.125,75.189
3,4294967295,56,47,aclnnDynamicQuantV2_DynamicQuant_DynamicQuant,DynamicQuant,dynamic,AI_VECTOR_CORE,1788186427913443.495	,329.880,715.220000,40,0,NO,"""9216,7168""",DT_BF16,ND,"""9216,7168;9216""",INT8;FLOAT,ND;ND,N/A,0.0,0,0.0,0.0,0.0,0.0,0.0,0.0,0.0,0.0,0.0,0.0,0.0,324.422,21411859,188.856,0.582,30.829,0.095,290.678,0.896,158.69,0.489,0.005,0.000
3,4294967295,57,47,clear_ops,clear_ops,dynamic,MIX_AIC,1788186427913774.635	,32.680,1.370000,20,40,NO,N/A,N/A,N/A,N/A,N/A,N/A,0,30.467,1005417,0.0,0.0,4.513,0.148,0.001,0.0,0.001,0.0,0.001,0.0,0.127,30.368,2004315,0.008,0.0,3.994,0.132,0.001,0.0,0.001,0.0,0.147,93.229
3,4294967295,58,47,sk_placeholder_kernel_dav_2201,sk_placeholder_kernel_dav_2201,dynamic,AI_VECTOR_CORE,1788186427913808.555	,0.880,1.070000,1,0,NO,N/A,N/A,N/A,N/A,N/A,N/A,N/A,0.0,0,0.0,0.0,0.0,0.0,0.0,0.0,0.0,0.0,0.0,0.0,0.0,0.309,510,0.008,0.027,0.012,0.039,0.001,0.004,0.001,0.004,0.444,0.000
3,4294967295,59,47,sk_placeholder_kernel_dav_2201,sk_placeholder_kernel_dav_2201,dynamic,AI_VECTOR_CORE,1788186427913809.455	,0.740,0.120000,1,0,NO,N/A,N/A,N/A,N/A,N/A,N/A,N/A,0.0,0,0.0,0.0,0.0,0.0,0.0,0.0,0.0,0.0,0.0,0.0,0.0,0.192,317,0.008,0.044,0.012,0.063,0.001,0.006,0.001,0.006,0.444,0.000
3,4294967295,60,47,sk_scope_kernel_end_dav_2201,sk_scope_kernel_end_dav_2201,dynamic,AI_VECTOR_CORE,1788186427913810.215	,0.800,0.010000,1,0,NO,N/A,N/A,N/A,N/A,N/A,N/A,N/A,0.0,0,0.0,0.0,0.0,0.0,0.0,0.0,0.0,0.0,0.0,0.0,0.0,0.222,366,0.008,0.038,0.015,0.066,0.001,0.005,0.001,0.005,0.5,0.000
3,4294967295,61,47,sk_scope_kernel_begin_dav_2201,sk_scope_kernel_begin_dav_2201,dynamic,AI_VECTOR_CORE,1788186427913811.035	,0.800,0.000000,1,0,NO,N/A,N/A,N/A,N/A,N/A,N/A,N/A,0.0,0,0.0,0.0,0.0,0.0,0.0,0.0,0.0,0.0,0.0,0.0,0.0,0.223,368,0.008,0.038,0.012,0.054,0.001,0.005,0.001,0.005,0.444,0.000
3,4294967295,62,47,sk_placeholder_kernel_dav_2201,sk_placeholder_kernel_dav_2201,dynamic,AI_VECTOR_CORE,1788186427913849.815	,0.660,37.950000,1,0,NO,N/A,N/A,N/A,N/A,N/A,N/A,N/A,0.0,0,0.0,0.0,0.0,0.0,0.0,0.0,0.0,0.0,0.0,0.0,0.0,0.192,317,0.008,0.044,0.012,0.063,0.001,0.006,0.001,0.006,0.444,0.000
3,4294967295,63,47,sk_placeholder_kernel_dav_2201,sk_placeholder_kernel_dav_2201,dynamic,AI_VECTOR_CORE,1788186427913885.895	,0.660,35.590000,1,0,NO,N/A,N/A,N/A,N/A,N/A,N/A,N/A,0.0,0,0.0,0.0,0.0,0.0,0.0,0.0,0.0,0.0,0.0,0.0,0.0,0.19,313,0.008,0.045,0.012,0.064,0.001,0.006,0.001,0.006,0.444,0.000
3,4294967295,64,47,aclnnGroupedMatmulV5_GroupedMatmul_GroupedMatmul,GroupedMatmul,dynamic,MIX_AIC,1788186427915533.175	,51.500,1646.590000,20,0,NO,"""9216,7168;1,7168,4096;;;;;;1""",INT8;INT8;INT32;UINT64;FLOAT;FLOAT16;FLOAT16;INT64,ND;NCL;ND;ND;ND;ND;ND;ND,"""9216,4096""",INT32,ND,0,38.891,1283408,2.905,0.075,9.45,0.243,9.373,0.241,32.246,0.829,2.449,0.063,0.022,0.0,0,0.0,0.0,0.0,0.0,0.0,0.0,0.0,0.0,0.0,75.517
3,4294967295,65,47,DequantSwigluQuant,DequantSwigluQuant,dynamic,AI_VECTOR_CORE,1788186427915667.895	,7.800,83.250000,36,0,NO,"""9216,4096;1,4096;9216;;1,2048;;1""",INT32;FLOAT;FLOAT;DT_UNDEFINED;FLOAT;DT_UNDEFINED;INT64,ND;ND;ND;NULL;ND;NULL;ND,"""9216,2048;9216""",INT8;FLOAT,ND;ND,N/A,0.0,0,0.0,0.0,0.0,0.0,0.0,0.0,0.0,0.0,0.0,0.0,0.0,4.59,272657,0.057,0.012,1.312,0.286,0.4,0.087,0.005,0.001,0.183,0.000
3,4294967295,66,47,aclnnGroupedMatmulV5_GroupedMatmul_GroupedMatmul,GroupedMatmul,dynamic,MIX_AIC,1788186427917594.055	,42.460,1918.200000,20,20,NO,"""9216,2048;1,2048,7168;;1,7168;;;;1;9216""",INT8;INT8;INT32;DT_BF16;FLOAT;FLOAT16;FLOAT16;INT64;FLOAT,ND;NCL;ND;ND;ND;ND;ND;ND;ND,"""9216,7168""",DT_BF16,ND,0,30.214,997049,1.453,0.048,13.539,0.448,4.689,0.155,18.387,0.609,4.468,0.148,0.04,29.933,987787,0.206,0.007,4.871,0.163,2.012,0.067,0.183,0.006,0.127,71.158
3,4294967295,67,47,aclnnDynamicQuantV2_DynamicQuant_DynamicQuant,DynamicQuant,dynamic,AI_VECTOR_CORE,1788186427918265.695	,329.520,629.290000,40,0,NO,"""9216,7168""",DT_BF16,ND,"""9216,7168;9216""",INT8;FLOAT,ND;ND,N/A,0.0,0,0.0,0.0,0.0,0.0,0.0,0.0,0.0,0.0,0.0,0.0,0.0,323.493,21350509,188.86,0.584,30.355,0.094,291.329,0.901,156.676,0.484,0.005,0.000
3,4294967295,68,47,clear_ops,clear_ops,dynamic,MIX_AIC,1788186427918596.835	,34.820,1.480000,20,40,NO,N/A,N/A,N/A,N/A,N/A,N/A,0,32.548,1074080,0.0,0.0,4.6,0.141,0.001,0.0,0.001,0.0,0.001,0.0,0.127,32.445,2141373,0.008,0.0,3.917,0.121,0.001,0.0,0.001,0.0,0.148,93.475
3,4294967295,69,47,sk_placeholder_kernel_dav_2201,sk_placeholder_kernel_dav_2201,dynamic,AI_VECTOR_CORE,1788186427918632.595	,0.840,0.930000,1,0,NO,N/A,N/A,N/A,N/A,N/A,N/A,N/A,0.0,0,0.0,0.0,0.0,0.0,0.0,0.0,0.0,0.0,0.0,0.0,0.0,0.322,532,0.008,0.026,0.012,0.038,0.001,0.004,0.001,0.004,0.444,0.000
3,4294967295,70,47,sk_placeholder_kernel_dav_2201,sk_placeholder_kernel_dav_2201,dynamic,AI_VECTOR_CORE,1788186427918633.475	,0.720,0.160000,1,0,NO,N/A,N/A,N/A,N/A,N/A,N/A,N/A,0.0,0,0.0,0.0,0.0,0.0,0.0,0.0,0.0,0.0,0.0,0.0,0.0,0.208,343,0.008,0.041,0.012,0.058,0.001,0.006,0.001,0.006,0.444,0.000
3,4294967295,71,47,sk_scope_kernel_end_dav_2201,sk_scope_kernel_end_dav_2201,dynamic,AI_VECTOR_CORE,1788186427918634.215	,0.800,0.030000,1,0,NO,N/A,N/A,N/A,N/A,N/A,N/A,N/A,0.0,0,0.0,0.0,0.0,0.0,0.0,0.0,0.0,0.0,0.0,0.0,0.0,0.256,422,0.008,0.033,0.015,0.057,0.001,0.005,0.001,0.005,0.5,0.000
3,4294967295,72,47,sk_scope_kernel_begin_dav_2201,sk_scope_kernel_begin_dav_2201,dynamic,AI_VECTOR_CORE,1788186427918635.055	,0.800,0.000000,1,0,NO,N/A,N/A,N/A,N/A,N/A,N/A,N/A,0.0,0,0.0,0.0,0.0,0.0,0.0,0.0,0.0,0.0,0.0,0.0,0.0,0.257,424,0.008,0.033,0.012,0.047,0.001,0.005,0.001,0.005,0.444,0.000
3,4294967295,73,47,sk_placeholder_kernel_dav_2201,sk_placeholder_kernel_dav_2201,dynamic,AI_VECTOR_CORE,1788186427918643.715	,0.760,7.950000,1,0,NO,N/A,N/A,N/A,N/A,N/A,N/A,N/A,0.0,0,0.0,0.0,0.0,0.0,0.0,0.0,0.0,0.0,0.0,0.0,0.0,0.203,335,0.008,0.042,0.012,0.06,0.001,0.006,0.001,0.006,0.444,0.000
3,4294967295,74,47,sk_placeholder_kernel_dav_2201,sk_placeholder_kernel_dav_2201,dynamic,AI_VECTOR_CORE,1788186427918694.155	,0.780,49.740000,1,0,NO,N/A,N/A,N/A,N/A,N/A,N/A,N/A,0.0,0,0.0,0.0,0.0,0.0,0.0,0.0,0.0,0.0,0.0,0.0,0.0,0.202,333,0.008,0.042,0.012,0.06,0.001,0.006,0.001,0.006,0.444,0.000
3,4294967295,75,47,aclnnGroupedMatmulV5_GroupedMatmul_GroupedMatmul,GroupedMatmul,dynamic,MIX_AIC,1788186427920321.635	,51.220,1626.720000,20,0,NO,"""9216,7168;1,7168,4096;;;;;;1""",INT8;INT8;INT32;UINT64;FLOAT;FLOAT16;FLOAT16;INT64,ND;NCL;ND;ND;ND;ND;ND;ND,"""9216,4096""",INT32,ND,0,38.106,1257499,2.905,0.076,9.28,0.244,9.379,0.246,31.779,0.834,2.442,0.064,0.023,0.0,0,0.0,0.0,0.0,0.0,0.0,0.0,0.0,0.0,0.0,74.397
3,4294967295,76,47,DequantSwigluQuant,DequantSwigluQuant,dynamic,AI_VECTOR_CORE,1788186427920507.015	,8.620,134.030000,36,0,NO,"""9216,4096;1,4096;9216;;1,2048;;1""",INT32;FLOAT;FLOAT;DT_UNDEFINED;FLOAT;DT_UNDEFINED;INT64,ND;ND;ND;NULL;ND;NULL;ND,"""9216,2048;9216""",INT8;FLOAT,ND;ND,N/A,0.0,0,0.0,0.0,0.0,0.0,0.0,0.0,0.0,0.0,0.0,0.0,0.0,5.109,303475,0.057,0.011,1.756,0.344,0.603,0.118,0.005,0.001,0.184,0.000
3,4294967295,77,47,aclnnGroupedMatmulV5_GroupedMatmul_GroupedMatmul,GroupedMatmul,dynamic,MIX_AIC,1788186427922336.535	,41.860,1820.880000,20,20,NO,"""9216,2048;1,2048,7168;;1,7168;;;;1;9216""",INT8;INT8;INT32;DT_BF16;FLOAT;FLOAT16;FLOAT16;INT64;FLOAT,ND;NCL;ND;ND;ND;ND;ND;ND;ND,"""9216,7168""",DT_BF16,ND,0,29.852,985102,1.453,0.049,12.906,0.432,4.692,0.157,18.464,0.619,4.541,0.152,0.041,29.578,976059,0.205,0.007,4.341,0.147,2.174,0.074,0.178,0.006,0.126,71.313
3,4294967295,78,47,aclnnDynamicQuantV2_DynamicQuant_DynamicQuant,DynamicQuant,dynamic,AI_VECTOR_CORE,1788186427923014.655	,329.480,636.390000,40,0,NO,"""9216,7168""",DT_BF16,ND,"""9216,7168;9216""",INT8;FLOAT,ND;ND,N/A,0.0,0,0.0,0.0,0.0,0.0,0.0,0.0,0.0,0.0,0.0,0.0,0.0,322.258,21269057,188.86,0.586,30.694,0.095,291.312,0.904,162.351,0.504,0.005,0.000
3,4294967295,79,47,clear_ops,clear_ops,dynamic,MIX_AIC,1788186427923345.655	,35.500,1.520000,20,40,NO,N/A,N/A,N/A,N/A,N/A,N/A,0,33.225,1096409,0.0,0.0,4.552,0.137,0.001,0.0,0.001,0.0,0.001,0.0,0.127,33.123,2186099,0.008,0.0,3.863,0.117,0.001,0.0,0.001,0.0,0.147,93.590
3,4294967295,80,47,sk_placeholder_kernel_dav_2201,sk_placeholder_kernel_dav_2201,dynamic,AI_VECTOR_CORE,1788186427923382.055	,0.780,0.750000,1,0,NO,N/A,N/A,N/A,N/A,N/A,N/A,N/A,0.0,0,0.0,0.0,0.0,0.0,0.0,0.0,0.0,0.0,0.0,0.0,0.0,0.305,503,0.008,0.028,0.012,0.04,0.001,0.004,0.001,0.004,0.444,0.000
3,4294967295,81,47,sk_placeholder_kernel_dav_2201,sk_placeholder_kernel_dav_2201,dynamic,AI_VECTOR_CORE,1788186427923382.855	,0.660,0.000000,1,0,NO,N/A,N/A,N/A,N/A,N/A,N/A,N/A,0.0,0,0.0,0.0,0.0,0.0,0.0,0.0,0.0,0.0,0.0,0.0,0.0,0.192,316,0.008,0.044,0.012,0.063,0.001,0.006,0.001,0.006,0.444,0.000
3,4294967295,82,47,sk_scope_kernel_end_dav_2201,sk_scope_kernel_end_dav_2201,dynamic,AI_VECTOR_CORE,1788186427923383.535	,0.720,0.090000,1,0,NO,N/A,N/A,N/A,N/A,N/A,N/A,N/A,0.0,0,0.0,0.0,0.0,0.0,0.0,0.0,0.0,0.0,0.0,0.0,0.0,0.218,360,0.008,0.039,0.015,0.067,0.001,0.006,0.001,0.006,0.5,0.000
3,4294967295,83,47,sk_scope_kernel_begin_dav_2201,sk_scope_kernel_begin_dav_2201,dynamic,AI_VECTOR_CORE,1788186427923384.275	,0.700,0.030000,1,0,NO,N/A,N/A,N/A,N/A,N/A,N/A,N/A,0.0,0,0.0,0.0,0.0,0.0,0.0,0.0,0.0,0.0,0.0,0.0,0.0,0.22,363,0.008,0.039,0.012,0.055,0.001,0.006,0.001,0.006,0.444,0.000
3,4294967295,84,47,sk_placeholder_kernel_dav_2201,sk_placeholder_kernel_dav_2201,dynamic,AI_VECTOR_CORE,1788186427923410.315	,0.720,25.300000,1,0,NO,N/A,N/A,N/A,N/A,N/A,N/A,N/A,0.0,0,0.0,0.0,0.0,0.0,0.0,0.0,0.0,0.0,0.0,0.0,0.0,0.188,310,0.008,0.045,0.012,0.065,0.001,0.006,0.001,0.006,0.444,0.000
3,4294967295,85,47,sk_placeholder_kernel_dav_2201,sk_placeholder_kernel_dav_2201,dynamic,AI_VECTOR_CORE,1788186427923467.895	,0.720,57.030000,1,0,NO,N/A,N/A,N/A,N/A,N/A,N/A,N/A,0.0,0,0.0,0.0,0.0,0.0,0.0,0.0,0.0,0.0,0.0,0.0,0.0,0.187,309,0.008,0.045,0.012,0.065,0.001,0.006,0.001,0.006,0.444,0.000
3,4294967295,86,47,aclnnGroupedMatmulV5_GroupedMatmul_GroupedMatmul,GroupedMatmul,dynamic,MIX_AIC,1788186427925072.375	,50.740,1603.780000,20,0,NO,"""9216,7168;1,7168,4096;;;;;;1""",INT8;INT8;INT32;UINT64;FLOAT;FLOAT16;FLOAT16;INT64,ND;NCL;ND;ND;ND;ND;ND;ND,"""9216,4096""",INT32,ND,0,37.864,1249513,2.905,0.077,9.384,0.248,9.376,0.248,31.228,0.825,2.393,0.063,0.023,0.0,0,0.0,0.0,0.0,0.0,0.0,0.0,0.0,0.0,0.0,74.624
3,4294967295,87,47,DequantSwigluQuant,DequantSwigluQuant,dynamic,AI_VECTOR_CORE,1788186427925253.275	,8.040,130.010000,36,0,NO,"""9216,4096;1,4096;9216;;1,2048;;1""",INT32;FLOAT;FLOAT;DT_UNDEFINED;FLOAT;DT_UNDEFINED;INT64,ND;ND;ND;NULL;ND;NULL;ND,"""9216,2048;9216""",INT8;FLOAT,ND;ND,N/A,0.0,0,0.0,0.0,0.0,0.0,0.0,0.0,0.0,0.0,0.0,0.0,0.0,4.635,275314,0.057,0.012,1.309,0.282,0.419,0.09,0.005,0.001,0.184,0.000
3,4294967295,88,47,aclnnGroupedMatmulV5_GroupedMatmul_GroupedMatmul,GroupedMatmul,dynamic,MIX_AIC,1788186427927102.675	,42.700,1841.460000,20,20,NO,"""9216,2048;1,2048,7168;;1,7168;;;;1;9216""",INT8;INT8;INT32;DT_BF16;FLOAT;FLOAT16;FLOAT16;INT64;FLOAT,ND;NCL;ND;ND;ND;ND;ND;ND;ND,"""9216,7168""",DT_BF16,ND,0,30.71,1013418,1.453,0.047,13.89,0.452,4.691,0.153,18.688,0.609,4.643,0.151,0.039,30.391,1002911,0.197,0.006,5.373,0.177,2.267,0.075,0.184,0.006,0.126,71.920
3,4294967295,89,47,aclnnDynamicQuantV2_DynamicQuant_DynamicQuant,DynamicQuant,dynamic,AI_VECTOR_CORE,1788186427927784.955	,329.840,639.550000,40,0,NO,"""9216,7168""",DT_BF16,ND,"""9216,7168;9216""",INT8;FLOAT,ND;ND,N/A,0.0,0,0.0,0.0,0.0,0.0,0.0,0.0,0.0,0.0,0.0,0.0,0.0,324.091,21389979,188.864,0.583,30.615,0.094,293.338,0.905,165.954,0.512,0.005,0.000
3,4294967295,90,47,clear_ops,clear_ops,dynamic,MIX_AIC,1788186427928115.915	,33.940,1.160000,20,40,NO,N/A,N/A,N/A,N/A,N/A,N/A,0,31.678,1045378,0.0,0.0,4.568,0.144,0.001,0.0,0.001,0.0,0.001,0.0,0.127,31.577,2084065,0.008,0.0,3.946,0.125,0.001,0.0,0.001,0.0,0.147,93.336
3,4294967295,91,47,sk_placeholder_kernel_dav_2201,sk_placeholder_kernel_dav_2201,dynamic,AI_VECTOR_CORE,1788186427928151.035	,0.900,1.060000,1,0,NO,N/A,N/A,N/A,N/A,N/A,N/A,N/A,0.0,0,0.0,0.0,0.0,0.0,0.0,0.0,0.0,0.0,0.0,0.0,0.0,0.315,520,0.008,0.027,0.012,0.038,0.001,0.004,0.001,0.004,0.444,0.000
3,4294967295,92,47,sk_placeholder_kernel_dav_2201,sk_placeholder_kernel_dav_2201,dynamic,AI_VECTOR_CORE,1788186427928151.955	,0.780,0.100000,1,0,NO,N/A,N/A,N/A,N/A,N/A,N/A,N/A,0.0,0,0.0,0.0,0.0,0.0,0.0,0.0,0.0,0.0,0.0,0.0,0.0,0.204,336,0.008,0.042,0.012,0.06,0.001,0.006,0.001,0.006,0.444,0.000
3,4294967295,93,47,sk_scope_kernel_end_dav_2201,sk_scope_kernel_end_dav_2201,dynamic,AI_VECTOR_CORE,1788186427928152.755	,0.840,0.000000,1,0,NO,N/A,N/A,N/A,N/A,N/A,N/A,N/A,0.0,0,0.0,0.0,0.0,0.0,0.0,0.0,0.0,0.0,0.0,0.0,0.0,0.251,414,0.008,0.034,0.015,0.058,0.001,0.005,0.001,0.005,0.5,0.000
3,4294967295,94,47,sk_scope_kernel_begin_dav_2201,sk_scope_kernel_begin_dav_2201,dynamic,AI_VECTOR_CORE,1788186427928153.615	,0.840,0.000000,1,0,NO,N/A,N/A,N/A,N/A,N/A,N/A,N/A,0.0,0,0.0,0.0,0.0,0.0,0.0,0.0,0.0,0.0,0.0,0.0,0.0,0.252,415,0.008,0.034,0.012,0.048,0.001,0.005,0.001,0.005,0.444,0.000
3,4294967295,95,47,sk_placeholder_kernel_dav_2201,sk_placeholder_kernel_dav_2201,dynamic,AI_VECTOR_CORE,1788186427928190.815	,0.820,36.410000,1,0,NO,N/A,N/A,N/A,N/A,N/A,N/A,N/A,0.0,0,0.0,0.0,0.0,0.0,0.0,0.0,0.0,0.0,0.0,0.0,0.0,0.215,355,0.008,0.039,0.012,0.056,0.001,0.006,0.001,0.006,0.444,0.000
3,4294967295,96,47,sk_placeholder_kernel_dav_2201,sk_placeholder_kernel_dav_2201,dynamic,AI_VECTOR_CORE,1788186427928242.395	,0.820,50.930000,1,0,NO,N/A,N/A,N/A,N/A,N/A,N/A,N/A,0.0,0,0.0,0.0,0.0,0.0,0.0,0.0,0.0,0.0,0.0,0.0,0.0,0.213,351,0.008,0.04,0.012,0.057,0.001,0.006,0.001,0.006,0.444,0.000
3,4294967295,97,47,aclnnGroupedMatmulV5_GroupedMatmul_GroupedMatmul,GroupedMatmul,dynamic,MIX_AIC,1788186427929885.635	,50.440,1642.430000,20,0,NO,"""9216,7168;1,7168,4096;;;;;;1""",INT8;INT8;INT32;UINT64;FLOAT;FLOAT16;FLOAT16;INT64,ND;NCL;ND;ND;ND;ND;ND;ND,"""9216,4096""",INT32,ND,0,37.771,1246435,2.905,0.077,9.26,0.245,9.372,0.248,31.361,0.83,2.398,0.063,0.023,0.0,0,0.0,0.0,0.0,0.0,0.0,0.0,0.0,0.0,0.0,74.883
3,4294967295,98,47,DequantSwigluQuant,DequantSwigluQuant,dynamic,AI_VECTOR_CORE,1788186427930047.115	,8.100,110.810000,36,0,NO,"""9216,4096;1,4096;9216;;1,2048;;1""",INT32;FLOAT;FLOAT;DT_UNDEFINED;FLOAT;DT_UNDEFINED;INT64,ND;ND;ND;NULL;ND;NULL;ND,"""9216,2048;9216""",INT8;FLOAT,ND;ND,N/A,0.0,0,0.0,0.0,0.0,0.0,0.0,0.0,0.0,0.0,0.0,0.0,0.0,4.708,279669,0.057,0.012,1.433,0.304,0.408,0.087,0.006,0.001,0.183,0.000
3,4294967295,99,47,aclnnGroupedMatmulV5_GroupedMatmul_GroupedMatmul,GroupedMatmul,dynamic,MIX_AIC,1788186427931869.095	,40.920,1813.900000,20,20,NO,"""9216,2048;1,2048,7168;;1,7168;;;;1;9216""",INT8;INT8;INT32;DT_BF16;FLOAT;FLOAT16;FLOAT16;INT64;FLOAT,ND;NCL;ND;ND;ND;ND;ND;ND;ND,"""9216,7168""",DT_BF16,ND,0,29.878,985987,1.453,0.049,12.658,0.424,4.693,0.157,18.615,0.623,4.556,0.152,0.042,29.582,976197,0.204,0.007,3.804,0.129,1.851,0.063,0.183,0.006,0.126,73.017
3,4294967295,100,47,aclnnDynamicQuantV2_DynamicQuant_DynamicQuant,DynamicQuant,dynamic,AI_VECTOR_CORE,1788186427932543.055	,330.160,633.080000,40,0,NO,"""9216,7168""",DT_BF16,ND,"""9216,7168;9216""",INT8;FLOAT,ND;ND,N/A,0.0,0,0.0,0.0,0.0,0.0,0.0,0.0,0.0,0.0,0.0,0.0,0.0,324.542,21419782,188.863,0.582,30.284,0.093,293.02,0.903,159.525,0.492,0.005,0.000
3,4294967295,101,47,clear_ops,clear_ops,dynamic,MIX_AIC,1788186427932874.335	,34.820,1.090000,20,40,NO,N/A,N/A,N/A,N/A,N/A,N/A,0,32.548,1074071,0.0,0.0,4.633,0.142,0.001,0.0,0.001,0.0,0.001,0.0,0.128,32.448,2141585,0.008,0.0,3.875,0.119,0.001,0.0,0.001,0.0,0.148,93.474
3,4294967295,102,47,sk_placeholder_kernel_dav_2201,sk_placeholder_kernel_dav_2201,dynamic,AI_VECTOR_CORE,1788186427932910.115	,0.840,0.930000,1,0,NO,N/A,N/A,N/A,N/A,N/A,N/A,N/A,0.0,0,0.0,0.0,0.0,0.0,0.0,0.0,0.0,0.0,0.0,0.0,0.0,0.301,496,0.008,0.028,0.012,0.04,0.001,0.004,0.001,0.004,0.444,0.000
3,4294967295,103,47,sk_placeholder_kernel_dav_2201,sk_placeholder_kernel_dav_2201,dynamic,AI_VECTOR_CORE,1788186427932910.975	,0.720,0.160000,1,0,NO,N/A,N/A,N/A,N/A,N/A,N/A,N/A,0.0,0,0.0,0.0,0.0,0.0,0.0,0.0,0.0,0.0,0.0,0.0,0.0,0.188,311,0.008,0.045,0.012,0.064,0.001,0.006,0.001,0.006,0.444,0.000
3,4294967295,104,47,sk_scope_kernel_end_dav_2201,sk_scope_kernel_end_dav_2201,dynamic,AI_VECTOR_CORE,1788186427932911.735	,0.780,0.030000,1,0,NO,N/A,N/A,N/A,N/A,N/A,N/A,N/A,0.0,0,0.0,0.0,0.0,0.0,0.0,0.0,0.0,0.0,0.0,0.0,0.0,0.225,372,0.008,0.038,0.015,0.065,0.001,0.005,0.001,0.005,0.5,0.000
3,4294967295,105,47,sk_scope_kernel_begin_dav_2201,sk_scope_kernel_begin_dav_2201,dynamic,AI_VECTOR_CORE,1788186427932928.095	,0.780,15.470000,1,0,NO,N/A,N/A,N/A,N/A,N/A,N/A,N/A,0.0,0,0.0,0.0,0.0,0.0,0.0,0.0,0.0,0.0,0.0,0.0,0.0,0.224,370,0.008,0.038,0.012,0.054,0.001,0.005,0.001,0.005,0.444,0.000
3,4294967295,106,47,sk_placeholder_kernel_dav_2201,sk_placeholder_kernel_dav_2201,dynamic,AI_VECTOR_CORE,1788186427932967.095	,0.700,38.220000,1,0,NO,N/A,N/A,N/A,N/A,N/A,N/A,N/A,0.0,0,0.0,0.0,0.0,0.0,0.0,0.0,0.0,0.0,0.0,0.0,0.0,0.204,337,0.008,0.042,0.012,0.059,0.001,0.006,0.001,0.006,0.444,0.000
3,4294967295,107,47,sk_placeholder_kernel_dav_2201,sk_placeholder_kernel_dav_2201,dynamic,AI_VECTOR_CORE,1788186427933011.615	,0.700,43.800000,1,0,NO,N/A,N/A,N/A,N/A,N/A,N/A,N/A,0.0,0,0.0,0.0,0.0,0.0,0.0,0.0,0.0,0.0,0.0,0.0,0.0,0.207,341,0.008,0.041,0.012,0.059,0.001,0.006,0.001,0.006,0.444,0.000
3,4294967295,108,47,aclnnGroupedMatmulV5_GroupedMatmul_GroupedMatmul,GroupedMatmul,dynamic,MIX_AIC,1788186427934653.475	,49.120,1641.300000,20,0,NO,"""9216,7168;1,7168,4096;;;;;;1""",INT8;INT8;INT32;UINT64;FLOAT;FLOAT16;FLOAT16;INT64,ND;NCL;ND;ND;ND;ND;ND;ND,"""9216,4096""",INT32,ND,0,37.441,1235567,2.905,0.078,8.938,0.239,9.378,0.25,31.339,0.837,2.394,0.064,0.023,0.0,0,0.0,0.0,0.0,0.0,0.0,0.0,0.0,0.0,0.0,76.224
3,4294967295,109,47,DequantSwigluQuant,DequantSwigluQuant,dynamic,AI_VECTOR_CORE,1788186427934836.195	,9.480,133.630000,36,0,NO,"""9216,4096;1,4096;9216;;1,2048;;1""",INT32;FLOAT;FLOAT;DT_UNDEFINED;FLOAT;DT_UNDEFINED;INT64,ND;ND;ND;NULL;ND;NULL;ND,"""9216,2048;9216""",INT8;FLOAT,ND;ND,N/A,0.0,0,0.0,0.0,0.0,0.0,0.0,0.0,0.0,0.0,0.0,0.0,0.0,5.629,334344,0.057,0.01,2.049,0.364,0.751,0.133,0.005,0.001,0.187,0.000
3,4294967295,110,47,aclnnGroupedMatmulV5_GroupedMatmul_GroupedMatmul,GroupedMatmul,dynamic,MIX_AIC,1788186427936668.735	,42.000,1823.020000,20,20,NO,"""9216,2048;1,2048,7168;;1,7168;;;;1;9216""",INT8;INT8;INT32;DT_BF16;FLOAT;FLOAT16;FLOAT16;INT64;FLOAT,ND;NCL;ND;ND;ND;ND;ND;ND;ND,"""9216,7168""",DT_BF16,ND,0,30.503,1006589,1.453,0.048,13.403,0.439,4.688,0.154,18.535,0.608,4.597,0.151,0.04,30.2,996586,0.207,0.007,4.305,0.143,2.039,0.068,0.181,0.006,0.129,72.625
3,4294967295,111,47,aclnnDynamicQuantV2_DynamicQuant_DynamicQuant,DynamicQuant,dynamic,AI_VECTOR_CORE,1788186427937363.055	,329.280,652.250000,40,0,NO,"""9216,7168""",DT_BF16,ND,"""9216,7168;9216""",INT8;FLOAT,ND;ND,N/A,0.0,0,0.0,0.0,0.0,0.0,0.0,0.0,0.0,0.0,0.0,0.0,0.0,323.691,21363637,188.861,0.583,30.345,0.094,292.035,0.902,171.324,0.529,0.005,0.000
3,4294967295,112,47,clear_ops,clear_ops,dynamic,MIX_AIC,1788186427937693.415	,34.680,1.220000,20,40,NO,N/A,N/A,N/A,N/A,N/A,N/A,0,32.429,1070159,0.0,0.0,4.645,0.143,0.001,0.0,0.001,0.0,0.001,0.0,0.126,32.324,2133391,0.008,0.0,3.966,0.123,0.001,0.0,0.001,0.0,0.149,93.509
3,4294967295,113,47,sk_placeholder_kernel_dav_2201,sk_placeholder_kernel_dav_2201,dynamic,AI_VECTOR_CORE,1788186427937729.195	,0.920,1.070000,1,0,NO,N/A,N/A,N/A,N/A,N/A,N/A,N/A,0.0,0,0.0,0.0,0.0,0.0,0.0,0.0,0.0,0.0,0.0,0.0,0.0,0.329,543,0.008,0.026,0.012,0.037,0.001,0.004,0.001,0.004,0.444,0.000
3,4294967295,114,47,sk_placeholder_kernel_dav_2201,sk_placeholder_kernel_dav_2201,dynamic,AI_VECTOR_CORE,1788186427937730.155	,0.800,0.080000,1,0,NO,N/A,N/A,N/A,N/A,N/A,N/A,N/A,0.0,0,0.0,0.0,0.0,0.0,0.0,0.0,0.0,0.0,0.0,0.0,0.0,0.213,352,0.008,0.04,0.012,0.057,0.001,0.006,0.001,0.006,0.444,0.000
3,4294967295,115,47,sk_scope_kernel_end_dav_2201,sk_scope_kernel_end_dav_2201,dynamic,AI_VECTOR_CORE,1788186427937730.995	,0.720,0.000000,1,0,NO,N/A,N/A,N/A,N/A,N/A,N/A,N/A,0.0,0,0.0,0.0,0.0,0.0,0.0,0.0,0.0,0.0,0.0,0.0,0.0,0.243,401,0.008,0.035,0.015,0.06,0.001,0.005,0.001,0.005,0.5,0.000
3,4294967295,116,47,sk_scope_kernel_begin_dav_2201,sk_scope_kernel_begin_dav_2201,dynamic,AI_VECTOR_CORE,1788186427937738.075	,0.740,6.280000,1,0,NO,N/A,N/A,N/A,N/A,N/A,N/A,N/A,0.0,0,0.0,0.0,0.0,0.0,0.0,0.0,0.0,0.0,0.0,0.0,0.0,0.245,404,0.008,0.035,0.012,0.05,0.001,0.005,0.001,0.005,0.444,0.000
3,4294967295,117,47,sk_placeholder_kernel_dav_2201,sk_placeholder_kernel_dav_2201,dynamic,AI_VECTOR_CORE,1788186427937788.535	,0.700,49.760000,1,0,NO,N/A,N/A,N/A,N/A,N/A,N/A,N/A,0.0,0,0.0,0.0,0.0,0.0,0.0,0.0,0.0,0.0,0.0,0.0,0.0,0.181,299,0.008,0.047,0.012,0.067,0.001,0.007,0.001,0.007,0.444,0.000
3,4294967295,118,47,sk_placeholder_kernel_dav_2201,sk_placeholder_kernel_dav_2201,dynamic,AI_VECTOR_CORE,1788186427937822.115	,0.720,32.800000,1,0,NO,N/A,N/A,N/A,N/A,N/A,N/A,N/A,0.0,0,0.0,0.0,0.0,0.0,0.0,0.0,0.0,0.0,0.0,0.0,0.0,0.183,302,0.008,0.046,0.012,0.066,0.001,0.007,0.001,0.007,0.444,0.000
3,4294967295,119,47,aclnnGroupedMatmulV5_GroupedMatmul_GroupedMatmul,GroupedMatmul,dynamic,MIX_AIC,1788186427939434.075	,50.520,1611.280000,20,0,NO,"""9216,7168;1,7168,4096;;;;;;1""",INT8;INT8;INT32;UINT64;FLOAT;FLOAT16;FLOAT16;INT64,ND;NCL;ND;ND;ND;ND;ND;ND,"""9216,4096""",INT32,ND,0,38.279,1263194,2.905,0.076,9.143,0.239,9.375,0.245,32.021,0.837,2.458,0.064,0.022,0.0,0,0.0,0.0,0.0,0.0,0.0,0.0,0.0,0.0,0.0,75.769
3,4294967295,120,47,DequantSwigluQuant,DequantSwigluQuant,dynamic,AI_VECTOR_CORE,1788186427939599.375	,8.580,114.980000,36,0,NO,"""9216,4096;1,4096;9216;;1,2048;;1""",INT32;FLOAT;FLOAT;DT_UNDEFINED;FLOAT;DT_UNDEFINED;INT64,ND;ND;ND;NULL;ND;NULL;ND,"""9216,2048;9216""",INT8;FLOAT,ND;ND,N/A,0.0,0,0.0,0.0,0.0,0.0,0.0,0.0,0.0,0.0,0.0,0.0,0.0,5.104,303155,0.057,0.011,1.791,0.351,0.609,0.119,0.005,0.001,0.184,0.000
3,4294967295,121,47,aclnnGroupedMatmulV5_GroupedMatmul_GroupedMatmul,GroupedMatmul,dynamic,MIX_AIC,1788186427941442.255	,40.540,1834.170000,20,20,NO,"""9216,2048;1,2048,7168;;1,7168;;;;1;9216""",INT8;INT8;INT32;DT_BF16;FLOAT;FLOAT16;FLOAT16;INT64;FLOAT,ND;NCL;ND;ND;ND;ND;ND;ND;ND,"""9216,7168""",DT_BF16,ND,0,32.104,1059443,1.453,0.045,14.419,0.449,4.689,0.146,18.701,0.583,4.787,0.149,0.038,31.782,1048806,0.195,0.006,5.208,0.164,2.627,0.083,0.174,0.005,0.126,79.192
3,4294967295,122,47,aclnnDynamicQuantV2_DynamicQuant_DynamicQuant,DynamicQuant,dynamic,AI_VECTOR_CORE,1788186427942112.995	,329.640,630.210000,40,0,NO,"""9216,7168""",DT_BF16,ND,"""9216,7168;9216""",INT8;FLOAT,ND;ND,N/A,0.0,0,0.0,0.0,0.0,0.0,0.0,0.0,0.0,0.0,0.0,0.0,0.0,323.064,21322244,188.863,0.585,30.634,0.095,292.568,0.906,167.644,0.519,0.005,0.000
3,4294967295,123,47,clear_ops,clear_ops,dynamic,MIX_AIC,1788186427942443.695	,35.660,1.110000,20,40,NO,N/A,N/A,N/A,N/A,N/A,N/A,0,33.399,1102170,0.0,0.0,4.419,0.132,0.001,0.0,0.001,0.0,0.001,0.0,0.125,33.3,2197804,0.008,0.0,3.81,0.114,0.001,0.0,0.001,0.0,0.147,93.660
3,4294967295,124,47,sk_placeholder_kernel_dav_2201,sk_placeholder_kernel_dav_2201,dynamic,AI_VECTOR_CORE,1788186427942480.095	,0.800,0.590000,1,0,NO,N/A,N/A,N/A,N/A,N/A,N/A,N/A,0.0,0,0.0,0.0,0.0,0.0,0.0,0.0,0.0,0.0,0.0,0.0,0.0,0.317,523,0.008,0.027,0.012,0.038,0.001,0.004,0.001,0.004,0.444,0.000
3,4294967295,125,47,sk_placeholder_kernel_dav_2201,sk_placeholder_kernel_dav_2201,dynamic,AI_VECTOR_CORE,1788186427942480.915	,0.720,0.200000,1,0,NO,N/A,N/A,N/A,N/A,N/A,N/A,N/A,0.0,0,0.0,0.0,0.0,0.0,0.0,0.0,0.0,0.0,0.0,0.0,0.0,0.204,337,0.008,0.042,0.012,0.059,0.001,0.006,0.001,0.006,0.444,0.000
3,4294967295,126,47,sk_scope_kernel_end_dav_2201,sk_scope_kernel_end_dav_2201,dynamic,AI_VECTOR_CORE,1788186427942481.655	,0.740,0.030000,1,0,NO,N/A,N/A,N/A,N/A,N/A,N/A,N/A,0.0,0,0.0,0.0,0.0,0.0,0.0,0.0,0.0,0.0,0.0,0.0,0.0,0.234,386,0.008,0.036,0.015,0.062,0.001,0.005,0.001,0.005,0.5,0.000
3,4294967295,127,47,sk_scope_kernel_begin_dav_2201,sk_scope_kernel_begin_dav_2201,dynamic,AI_VECTOR_CORE,1788186427942495.195	,0.740,12.760000,1,0,NO,N/A,N/A,N/A,N/A,N/A,N/A,N/A,0.0,0,0.0,0.0,0.0,0.0,0.0,0.0,0.0,0.0,0.0,0.0,0.0,0.235,388,0.008,0.036,0.012,0.052,0.001,0.005,0.001,0.005,0.444,0.000
3,4294967295,128,47,sk_placeholder_kernel_dav_2201,sk_placeholder_kernel_dav_2201,dynamic,AI_VECTOR_CORE,1788186427942535.935	,0.760,40.010000,1,0,NO,N/A,N/A,N/A,N/A,N/A,N/A,N/A,0.0,0,0.0,0.0,0.0,0.0,0.0,0.0,0.0,0.0,0.0,0.0,0.0,0.203,335,0.008,0.042,0.012,0.06,0.001,0.006,0.001,0.006,0.444,0.000
3,4294967295,129,47,sk_placeholder_kernel_dav_2201,sk_placeholder_kernel_dav_2201,dynamic,AI_VECTOR_CORE,1788186427942583.035	,0.760,46.240000,1,0,NO,N/A,N/A,N/A,N/A,N/A,N/A,N/A,0.0,0,0.0,0.0,0.0,0.0,0.0,0.0,0.0,0.0,0.0,0.0,0.0,0.202,334,0.008,0.042,0.012,0.06,0.001,0.006,0.001,0.006,0.444,0.000
3,4294967295,130,47,aclnnGroupedMatmulV5_GroupedMatmul_GroupedMatmul,GroupedMatmul,dynamic,MIX_AIC,1788186427944198.135	,50.240,1614.490000,20,0,NO,"""9216,7168;1,7168,4096;;;;;;1""",INT8;INT8;INT32;UINT64;FLOAT;FLOAT16;FLOAT16;INT64,ND;NCL;ND;ND;ND;ND;ND;ND,"""9216,4096""",INT32,ND,0,38.044,1255458,2.905,0.076,9.522,0.25,9.375,0.246,31.449,0.827,2.448,0.064,0.022,0.0,0,0.0,0.0,0.0,0.0,0.0,0.0,0.0,0.0,0.0,75.725
3,4294967295,131,47,DequantSwigluQuant,DequantSwigluQuant,dynamic,AI_VECTOR_CORE,1788186427944387.335	,9.280,138.760000,36,0,NO,"""9216,4096;1,4096;9216;;1,2048;;1""",INT32;FLOAT;FLOAT;DT_UNDEFINED;FLOAT;DT_UNDEFINED;INT64,ND;ND;ND;NULL;ND;NULL;ND,"""9216,2048;9216""",INT8;FLOAT,ND;ND,N/A,0.0,0,0.0,0.0,0.0,0.0,0.0,0.0,0.0,0.0,0.0,0.0,0.0,5.494,326349,0.057,0.01,1.928,0.351,0.772,0.14,0.018,0.003,0.183,0.000
3,4294967295,132,47,aclnnGroupedMatmulV5_GroupedMatmul_GroupedMatmul,GroupedMatmul,dynamic,MIX_AIC,1788186427946230.715	,43.260,1834.220000,20,20,NO,"""9216,2048;1,2048,7168;;1,7168;;;;1;9216""",INT8;INT8;INT32;DT_BF16;FLOAT;FLOAT16;FLOAT16;INT64;FLOAT,ND;NCL;ND;ND;ND;ND;ND;ND;ND,"""9216,7168""",DT_BF16,ND,0,31.417,1036757,1.453,0.046,14.843,0.472,4.689,0.149,18.59,0.592,4.524,0.144,0.038,31.136,1027498,0.197,0.006,5.355,0.172,2.833,0.091,0.184,0.006,0.127,72.623
3,4294967295,133,47,aclnnDynamicQuantV2_DynamicQuant_DynamicQuant,DynamicQuant,dynamic,AI_VECTOR_CORE,1788186427946904.775	,328.340,630.740000,40,0,NO,"""9216,7168""",DT_BF16,ND,"""9216,7168;9216""",INT8;FLOAT,ND;ND,N/A,0.0,0,0.0,0.0,0.0,0.0,0.0,0.0,0.0,0.0,0.0,0.0,0.0,322.725,21299857,188.861,0.585,30.376,0.094,291.084,0.902,157.313,0.487,0.005,0.000
3,4294967295,134,47,clear_ops,clear_ops,dynamic,MIX_AIC,1788186427947234.195	,32.840,1.160000,20,40,NO,N/A,N/A,N/A,N/A,N/A,N/A,0,30.559,1008438,0.0,0.0,4.589,0.15,0.001,0.0,0.001,0.0,0.001,0.0,0.126,30.457,2010138,0.008,0.0,3.995,0.131,0.001,0.0,0.001,0.0,0.148,93.053
3,4294967295,135,47,sk_placeholder_kernel_dav_2201,sk_placeholder_kernel_dav_2201,dynamic,AI_VECTOR_CORE,1788186427947268.115	,0.820,0.910000,1,0,NO,N/A,N/A,N/A,N/A,N/A,N/A,N/A,0.0,0,0.0,0.0,0.0,0.0,0.0,0.0,0.0,0.0,0.0,0.0,0.0,0.297,490,0.008,0.029,0.012,0.041,0.001,0.004,0.001,0.004,0.444,0.000
3,4294967295,136,47,sk_placeholder_kernel_dav_2201,sk_placeholder_kernel_dav_2201,dynamic,AI_VECTOR_CORE,1788186427947268.955	,0.720,0.180000,1,0,NO,N/A,N/A,N/A,N/A,N/A,N/A,N/A,0.0,0,0.0,0.0,0.0,0.0,0.0,0.0,0.0,0.0,0.0,0.0,0.0,0.181,298,0.008,0.047,0.012,0.067,0.001,0.007,0.001,0.007,0.444,0.000
3,4294967295,137,47,sk_scope_kernel_end_dav_2201,sk_scope_kernel_end_dav_2201,dynamic,AI_VECTOR_CORE,1788186427947269.695	,0.760,0.030000,1,0,NO,N/A,N/A,N/A,N/A,N/A,N/A,N/A,0.0,0,0.0,0.0,0.0,0.0,0.0,0.0,0.0,0.0,0.0,0.0,0.0,0.227,375,0.008,0.037,0.015,0.064,0.001,0.005,0.001,0.005,0.5,0.000
3,4294967295,138,47,sk_scope_kernel_begin_dav_2201,sk_scope_kernel_begin_dav_2201,dynamic,AI_VECTOR_CORE,1788186427947274.915	,0.760,4.490000,1,0,NO,N/A,N/A,N/A,N/A,N/A,N/A,N/A,0.0,0,0.0,0.0,0.0,0.0,0.0,0.0,0.0,0.0,0.0,0.0,0.0,0.228,377,0.008,0.037,0.012,0.053,0.001,0.005,0.001,0.005,0.444,0.000
3,4294967295,139,47,sk_placeholder_kernel_dav_2201,sk_placeholder_kernel_dav_2201,dynamic,AI_VECTOR_CORE,1788186427947330.395	,0.720,54.740000,1,0,NO,N/A,N/A,N/A,N/A,N/A,N/A,N/A,0.0,0,0.0,0.0,0.0,0.0,0.0,0.0,0.0,0.0,0.0,0.0,0.0,0.177,292,0.008,0.048,0.012,0.068,0.001,0.007,0.001,0.007,0.444,0.000
3,4294967295,140,47,sk_placeholder_kernel_dav_2201,sk_placeholder_kernel_dav_2201,dynamic,AI_VECTOR_CORE,1788186427947368.495	,0.720,37.280000,1,0,NO,N/A,N/A,N/A,N/A,N/A,N/A,N/A,0.0,0,0.0,0.0,0.0,0.0,0.0,0.0,0.0,0.0,0.0,0.0,0.0,0.177,292,0.008,0.048,0.012,0.068,0.001,0.007,0.001,0.007,0.444,0.000
3,4294967295,141,47,aclnnGroupedMatmulV5_GroupedMatmul_GroupedMatmul,GroupedMatmul,dynamic,MIX_AIC,1788186427948987.875	,50.020,1618.780000,20,0,NO,"""9216,7168;1,7168,4096;;;;;;1""",INT8;INT8;INT32;UINT64;FLOAT;FLOAT16;FLOAT16;INT64,ND;NCL;ND;ND;ND;ND;ND;ND,"""9216,4096""",INT32,ND,0,37.476,1236705,2.905,0.078,9.209,0.246,9.373,0.25,31.43,0.839,2.39,0.064,0.022,0.0,0,0.0,0.0,0.0,0.0,0.0,0.0,0.0,0.0,0.0,74.922
3,4294967295,142,47,DequantSwigluQuant,DequantSwigluQuant,dynamic,AI_VECTOR_CORE,1788186427949163.095	,8.880,124.980000,36,0,NO,"""9216,4096;1,4096;9216;;1,2048;;1""",INT32;FLOAT;FLOAT;DT_UNDEFINED;FLOAT;DT_UNDEFINED;INT64,ND;ND;ND;NULL;ND;NULL;ND,"""9216,2048;9216""",INT8;FLOAT,ND;ND,N/A,0.0,0,0.0,0.0,0.0,0.0,0.0,0.0,0.0,0.0,0.0,0.0,0.0,5.308,315307,0.057,0.011,1.885,0.355,0.66,0.124,0.005,0.001,0.184,0.000
3,4294967295,143,47,aclnnGroupedMatmulV5_GroupedMatmul_GroupedMatmul,GroupedMatmul,dynamic,MIX_AIC,1788186427951007.595	,41.700,1835.620000,20,20,NO,"""9216,2048;1,2048,7168;;1,7168;;;;1;9216""",INT8;INT8;INT32;DT_BF16;FLOAT;FLOAT16;FLOAT16;INT64;FLOAT,ND;NCL;ND;ND;ND;ND;ND;ND;ND,"""9216,7168""",DT_BF16,ND,0,29.989,989626,1.453,0.048,12.57,0.419,4.692,0.156,18.502,0.617,4.453,0.148,0.041,29.697,979992,0.206,0.007,4.425,0.149,1.76,0.059,0.187,0.006,0.126,71.915
3,4294967295,144,47,aclnnDynamicQuantV2_DynamicQuant_DynamicQuant,DynamicQuant,dynamic,AI_VECTOR_CORE,1788186427951655.435	,328.900,606.300000,40,0,NO,"""9216,7168""",DT_BF16,ND,"""9216,7168;9216""",INT8;FLOAT,ND;ND,N/A,0.0,0,0.0,0.0,0.0,0.0,0.0,0.0,0.0,0.0,0.0,0.0,0.0,322.719,21299429,188.863,0.585,30.416,0.094,292.006,0.905,169.555,0.525,0.005,0.000
3,4294967295,145,47,clear_ops,clear_ops,dynamic,MIX_AIC,1788186427951985.435	,35.460,1.100000,20,40,NO,N/A,N/A,N/A,N/A,N/A,N/A,0,33.178,1094881,0.0,0.0,4.684,0.141,0.001,0.0,0.001,0.0,0.001,0.0,0.126,33.075,2182951,0.008,0.0,3.985,0.12,0.001,0.0,0.001,0.0,0.147,93.565
3,4294967295,146,47,sk_placeholder_kernel_dav_2201,sk_placeholder_kernel_dav_2201,dynamic,AI_VECTOR_CORE,1788186427952021.815	,0.860,0.790000,1,0,NO,N/A,N/A,N/A,N/A,N/A,N/A,N/A,0.0,0,0.0,0.0,0.0,0.0,0.0,0.0,0.0,0.0,0.0,0.0,0.0,0.314,518,0.008,0.027,0.012,0.039,0.001,0.004,0.001,0.004,0.444,0.000
3,4294967295,147,47,sk_placeholder_kernel_dav_2201,sk_placeholder_kernel_dav_2201,dynamic,AI_VECTOR_CORE,1788186427952022.715	,0.760,0.140000,1,0,NO,N/A,N/A,N/A,N/A,N/A,N/A,N/A,0.0,0,0.0,0.0,0.0,0.0,0.0,0.0,0.0,0.0,0.0,0.0,0.0,0.204,336,0.008,0.042,0.012,0.06,0.001,0.006,0.001,0.006,0.444,0.000
3,4294967295,148,47,sk_scope_kernel_end_dav_2201,sk_scope_kernel_end_dav_2201,dynamic,AI_VECTOR_CORE,1788186427952023.495	,0.820,0.000000,1,0,NO,N/A,N/A,N/A,N/A,N/A,N/A,N/A,0.0,0,0.0,0.0,0.0,0.0,0.0,0.0,0.0,0.0,0.0,0.0,0.0,0.239,394,0.008,0.036,0.015,0.061,0.001,0.005,0.001,0.005,0.5,0.000
3,4294967295,149,47,sk_scope_kernel_begin_dav_2201,sk_scope_kernel_begin_dav_2201,dynamic,AI_VECTOR_CORE,1788186427952024.335	,0.820,0.000000,1,0,NO,N/A,N/A,N/A,N/A,N/A,N/A,N/A,0.0,0,0.0,0.0,0.0,0.0,0.0,0.0,0.0,0.0,0.0,0.0,0.0,0.24,396,0.008,0.035,0.012,0.051,0.001,0.005,0.001,0.005,0.444,0.000
3,4294967295,150,47,sk_placeholder_kernel_dav_2201,sk_placeholder_kernel_dav_2201,dynamic,AI_VECTOR_CORE,1788186427952052.495	,0.720,27.430000,1,0,NO,N/A,N/A,N/A,N/A,N/A,N/A,N/A,0.0,0,0.0,0.0,0.0,0.0,0.0,0.0,0.0,0.0,0.0,0.0,0.0,0.213,352,0.008,0.04,0.012,0.057,0.001,0.006,0.001,0.006,0.444,0.000
3,4294967295,151,47,sk_placeholder_kernel_dav_2201,sk_placeholder_kernel_dav_2201,dynamic,AI_VECTOR_CORE,1788186427952098.735	,0.720,45.530000,1,0,NO,N/A,N/A,N/A,N/A,N/A,N/A,N/A,0.0,0,0.0,0.0,0.0,0.0,0.0,0.0,0.0,0.0,0.0,0.0,0.0,0.215,354,0.008,0.04,0.012,0.056,0.001,0.006,0.001,0.006,0.444,0.000
3,4294967295,152,47,aclnnGroupedMatmulV5_GroupedMatmul_GroupedMatmul,GroupedMatmul,dynamic,MIX_AIC,1788186427953729.795	,50.940,1630.280000,20,0,NO,"""9216,7168;1,7168,4096;;;;;;1""",INT8;INT8;INT32;UINT64;FLOAT;FLOAT16;FLOAT16;INT64,ND;NCL;ND;ND;ND;ND;ND;ND,"""9216,4096""",INT32,ND,0,37.9,1250706,2.905,0.077,8.749,0.231,9.378,0.247,31.905,0.842,2.473,0.065,0.023,0.0,0,0.0,0.0,0.0,0.0,0.0,0.0,0.0,0.0,0.0,74.402
3,4294967295,153,47,DequantSwigluQuant,DequantSwigluQuant,dynamic,AI_VECTOR_CORE,1788186427953933.955	,8.960,153.310000,36,0,NO,"""9216,4096;1,4096;9216;;1,2048;;1""",INT32;FLOAT;FLOAT;DT_UNDEFINED;FLOAT;DT_UNDEFINED;INT64,ND;ND;ND;NULL;ND;NULL;ND,"""9216,2048;9216""",INT8;FLOAT,ND;ND,N/A,0.0,0,0.0,0.0,0.0,0.0,0.0,0.0,0.0,0.0,0.0,0.0,0.0,5.4,320768,0.057,0.01,1.768,0.327,0.627,0.116,0.019,0.004,0.184,0.000
3,4294967295,154,47,aclnnGroupedMatmulV5_GroupedMatmul_GroupedMatmul,GroupedMatmul,dynamic,MIX_AIC,1788186427955754.235	,39.180,1811.290000,20,20,NO,"""9216,2048;1,2048,7168;;1,7168;;;;1;9216""",INT8;INT8;INT32;DT_BF16;FLOAT;FLOAT16;FLOAT16;INT64;FLOAT,ND;NCL;ND;ND;ND;ND;ND;ND;ND,"""9216,7168""",DT_BF16,ND,0,30.046,991522,1.453,0.048,12.574,0.418,4.69,0.156,18.766,0.625,4.663,0.155,0.041,29.748,981677,0.209,0.007,3.942,0.133,1.891,0.064,0.178,0.006,0.125,76.687
3,4294967295,155,47,aclnnDynamicQuantV2_DynamicQuant_DynamicQuant,DynamicQuant,dynamic,AI_VECTOR_CORE,1788186427956436.875	,327.020,643.570000,40,0,NO,"""9216,7168""",DT_BF16,ND,"""9216,7168;9216""",INT8;FLOAT,ND;ND,N/A,0.0,0,0.0,0.0,0.0,0.0,0.0,0.0,0.0,0.0,0.0,0.0,0.0,322.998,21317857,188.862,0.585,30.256,0.094,289.852,0.897,159.784,0.495,0.005,0.000
3,4294967295,156,47,clear_ops,clear_ops,dynamic,MIX_AIC,1788186427956765.175	,34.640,1.230000,20,40,NO,N/A,N/A,N/A,N/A,N/A,N/A,0,32.418,1069794,0.0,0.0,4.639,0.143,0.001,0.0,0.001,0.0,0.001,0.0,0.127,32.319,2133022,0.008,0.0,3.982,0.123,0.001,0.0,0.001,0.0,0.147,93.585
3,4294967295,157,47,sk_placeholder_kernel_dav_2201,sk_placeholder_kernel_dav_2201,dynamic,AI_VECTOR_CORE,1788186427956800.955	,0.820,1.110000,1,0,NO,N/A,N/A,N/A,N/A,N/A,N/A,N/A,0.0,0,0.0,0.0,0.0,0.0,0.0,0.0,0.0,0.0,0.0,0.0,0.0,0.289,477,0.008,0.029,0.012,0.042,0.001,0.004,0.001,0.004,0.444,0.000
3,4294967295,158,47,sk_placeholder_kernel_dav_2201,sk_placeholder_kernel_dav_2201,dynamic,AI_VECTOR_CORE,1788186427956801.815	,0.720,0.000000,1,0,NO,N/A,N/A,N/A,N/A,N/A,N/A,N/A,0.0,0,0.0,0.0,0.0,0.0,0.0,0.0,0.0,0.0,0.0,0.0,0.0,0.177,292,0.008,0.048,0.012,0.068,0.001,0.007,0.001,0.007,0.444,0.000
3,4294967295,159,47,sk_scope_kernel_end_dav_2201,sk_scope_kernel_end_dav_2201,dynamic,AI_VECTOR_CORE,1788186427956802.555	,0.780,0.030000,1,0,NO,N/A,N/A,N/A,N/A,N/A,N/A,N/A,0.0,0,0.0,0.0,0.0,0.0,0.0,0.0,0.0,0.0,0.0,0.0,0.0,0.225,372,0.008,0.038,0.015,0.065,0.001,0.005,0.001,0.005,0.5,0.000
3,4294967295,160,47,sk_scope_kernel_begin_dav_2201,sk_scope_kernel_begin_dav_2201,dynamic,AI_VECTOR_CORE,1788186427956803.355	,0.800,0.000000,1,0,NO,N/A,N/A,N/A,N/A,N/A,N/A,N/A,0.0,0,0.0,0.0,0.0,0.0,0.0,0.0,0.0,0.0,0.0,0.0,0.0,0.226,373,0.008,0.038,0.012,0.054,0.001,0.005,0.001,0.005,0.444,0.000
3,4294967295,161,47,sk_placeholder_kernel_dav_2201,sk_placeholder_kernel_dav_2201,dynamic,AI_VECTOR_CORE,1788186427956835.675	,0.760,31.700000,1,0,NO,N/A,N/A,N/A,N/A,N/A,N/A,N/A,0.0,0,0.0,0.0,0.0,0.0,0.0,0.0,0.0,0.0,0.0,0.0,0.0,0.186,307,0.008,0.046,0.012,0.065,0.001,0.007,0.001,0.007,0.444,0.000
3,4294967295,162,47,sk_placeholder_kernel_dav_2201,sk_placeholder_kernel_dav_2201,dynamic,AI_VECTOR_CORE,1788186427956868.455	,0.760,31.990000,1,0,NO,N/A,N/A,N/A,N/A,N/A,N/A,N/A,0.0,0,0.0,0.0,0.0,0.0,0.0,0.0,0.0,0.0,0.0,0.0,0.0,0.187,308,0.008,0.045,0.012,0.065,0.001,0.006,0.001,0.006,0.444,0.000
3,4294967295,163,47,aclnnGroupedMatmulV5_GroupedMatmul_GroupedMatmul,GroupedMatmul,dynamic,MIX_AIC,1788186427958519.975	,52.040,1650.740000,20,0,NO,"""9216,7168;1,7168,4096;;;;;;1""",INT8;INT8;INT32;UINT64;FLOAT;FLOAT16;FLOAT16;INT64,ND;NCL;ND;ND;ND;ND;ND;ND,"""9216,4096""",INT32,ND,0,40.575,1338963,2.905,0.072,11.369,0.28,9.38,0.231,32.113,0.791,2.439,0.06,0.019,0.0,0,0.0,0.0,0.0,0.0,0.0,0.0,0.0,0.0,0.0,77.968
3,4294967295,164,47,DequantSwigluQuant,DequantSwigluQuant,dynamic,AI_VECTOR_CORE,1788186427958657.095	,9.120,84.960000,36,0,NO,"""9216,4096;1,4096;9216;;1,2048;;1""",INT32;FLOAT;FLOAT;DT_UNDEFINED;FLOAT;DT_UNDEFINED;INT64,ND;ND;ND;NULL;ND;NULL;ND,"""9216,2048;9216""",INT8;FLOAT,ND;ND,N/A,0.0,0,0.0,0.0,0.0,0.0,0.0,0.0,0.0,0.0,0.0,0.0,0.0,5.348,317690,0.057,0.011,2.037,0.381,0.762,0.142,0.017,0.003,0.182,0.000
3,4294967295,165,47,aclnnGroupedMatmulV5_GroupedMatmul_GroupedMatmul,GroupedMatmul,dynamic,MIX_AIC,1788186427960479.575	,41.680,1813.380000,20,20,NO,"""9216,2048;1,2048,7168;;1,7168;;;;1;9216""",INT8;INT8;INT32;DT_BF16;FLOAT;FLOAT16;FLOAT16;INT64;FLOAT,ND;NCL;ND;ND;ND;ND;ND;ND;ND,"""9216,7168""",DT_BF16,ND,0,29.835,984557,1.453,0.049,12.126,0.406,4.689,0.157,18.634,0.625,4.494,0.151,0.043,29.56,975493,0.215,0.007,3.661,0.124,1.619,0.055,0.176,0.006,0.125,71.581
3,4294967295,166,47,aclnnDynamicQuantV2_DynamicQuant_DynamicQuant,DynamicQuant,dynamic,AI_VECTOR_CORE,1788186427961177.155	,328.660,656.070000,40,0,NO,"""9216,7168""",DT_BF16,ND,"""9216,7168;9216""",INT8;FLOAT,ND;ND,N/A,0.0,0,0.0,0.0,0.0,0.0,0.0,0.0,0.0,0.0,0.0,0.0,0.0,321.894,21245029,188.859,0.587,30.164,0.094,289.888,0.901,161.009,0.5,0.005,0.000
3,4294967295,167,47,clear_ops,clear_ops,dynamic,MIX_AIC,1788186427961506.995	,33.320,1.090000,20,40,NO,N/A,N/A,N/A,N/A,N/A,N/A,0,31.116,1026835,0.0,0.0,4.583,0.147,0.001,0.0,0.001,0.0,0.001,0.0,0.127,31.014,2046938,0.008,0.0,4.071,0.131,0.001,0.0,0.001,0.0,0.147,93.386
3,4294967295,168,47,sk_placeholder_kernel_dav_2201,sk_placeholder_kernel_dav_2201,dynamic,AI_VECTOR_CORE,1788186427961541.535	,0.840,1.180000,1,0,NO,N/A,N/A,N/A,N/A,N/A,N/A,N/A,0.0,0,0.0,0.0,0.0,0.0,0.0,0.0,0.0,0.0,0.0,0.0,0.0,0.328,542,0.008,0.026,0.012,0.037,0.001,0.004,0.001,0.004,0.444,0.000
3,4294967295,169,47,sk_placeholder_kernel_dav_2201,sk_placeholder_kernel_dav_2201,dynamic,AI_VECTOR_CORE,1788186427961542.395	,0.720,0.160000,1,0,NO,N/A,N/A,N/A,N/A,N/A,N/A,N/A,0.0,0,0.0,0.0,0.0,0.0,0.0,0.0,0.0,0.0,0.0,0.0,0.0,0.214,353,0.008,0.04,0.012,0.057,0.001,0.006,0.001,0.006,0.444,0.000
3,4294967295,170,47,sk_scope_kernel_end_dav_2201,sk_scope_kernel_end_dav_2201,dynamic,AI_VECTOR_CORE,1788186427961543.155	,0.760,0.030000,1,0,NO,N/A,N/A,N/A,N/A,N/A,N/A,N/A,0.0,0,0.0,0.0,0.0,0.0,0.0,0.0,0.0,0.0,0.0,0.0,0.0,0.243,401,0.008,0.035,0.015,0.06,0.001,0.005,0.001,0.005,0.5,0.000
3,4294967295,171,47,sk_scope_kernel_begin_dav_2201,sk_scope_kernel_begin_dav_2201,dynamic,AI_VECTOR_CORE,1788186427961543.935	,0.760,0.000000,1,0,NO,N/A,N/A,N/A,N/A,N/A,N/A,N/A,0.0,0,0.0,0.0,0.0,0.0,0.0,0.0,0.0,0.0,0.0,0.0,0.0,0.242,400,0.008,0.035,0.012,0.05,0.001,0.005,0.001,0.005,0.444,0.000
3,4294967295,172,47,sk_placeholder_kernel_dav_2201,sk_placeholder_kernel_dav_2201,dynamic,AI_VECTOR_CORE,1788186427961601.195	,0.760,56.490000,1,0,NO,N/A,N/A,N/A,N/A,N/A,N/A,N/A,0.0,0,0.0,0.0,0.0,0.0,0.0,0.0,0.0,0.0,0.0,0.0,0.0,0.219,362,0.008,0.039,0.012,0.055,0.001,0.006,0.001,0.006,0.444,0.000
3,4294967295,173,47,sk_placeholder_kernel_dav_2201,sk_placeholder_kernel_dav_2201,dynamic,AI_VECTOR_CORE,1788186427961640.375	,0.760,38.490000,1,0,NO,N/A,N/A,N/A,N/A,N/A,N/A,N/A,0.0,0,0.0,0.0,0.0,0.0,0.0,0.0,0.0,0.0,0.0,0.0,0.0,0.218,360,0.008,0.039,0.012,0.056,0.001,0.006,0.001,0.006,0.444,0.000
3,4294967295,174,47,aclnnGroupedMatmulV5_GroupedMatmul_GroupedMatmul,GroupedMatmul,dynamic,MIX_AIC,1788186427963295.795	,51.040,1654.490000,20,0,NO,"""9216,7168;1,7168,4096;;;;;;1""",INT8;INT8;INT32;UINT64;FLOAT;FLOAT16;FLOAT16;INT64,ND;NCL;ND;ND;ND;ND;ND;ND,"""9216,4096""",INT32,ND,0,38.412,1267594,2.905,0.076,9.496,0.247,9.383,0.244,31.693,0.825,2.367,0.062,0.022,0.0,0,0.0,0.0,0.0,0.0,0.0,0.0,0.0,0.0,0.0,75.259
3,4294967295,175,47,DequantSwigluQuant,DequantSwigluQuant,dynamic,AI_VECTOR_CORE,1788186427963461.435	,8.040,114.710000,36,0,NO,"""9216,4096;1,4096;9216;;1,2048;;1""",INT32;FLOAT;FLOAT;DT_UNDEFINED;FLOAT;DT_UNDEFINED;INT64,ND;ND;ND;NULL;ND;NULL;ND,"""9216,2048;9216""",INT8;FLOAT,ND;ND,N/A,0.0,0,0.0,0.0,0.0,0.0,0.0,0.0,0.0,0.0,0.0,0.0,0.0,4.715,280066,0.057,0.012,1.357,0.288,0.369,0.078,0.01,0.002,0.182,0.000
3,4294967295,176,47,aclnnGroupedMatmulV5_GroupedMatmul_GroupedMatmul,GroupedMatmul,dynamic,MIX_AIC,1788186427965310.355	,42.140,1840.710000,20,20,NO,"""9216,2048;1,2048,7168;;1,7168;;;;1;9216""",INT8;INT8;INT32;DT_BF16;FLOAT;FLOAT16;FLOAT16;INT64;FLOAT,ND;NCL;ND;ND;ND;ND;ND;ND;ND,"""9216,7168""",DT_BF16,ND,0,30.506,1006710,1.453,0.048,13.293,0.436,4.691,0.154,18.516,0.607,4.582,0.15,0.04,30.203,996694,0.204,0.007,4.176,0.138,1.982,0.066,0.178,0.006,0.13,72.393
3,4294967295,177,47,aclnnDynamicQuantV2_DynamicQuant_DynamicQuant,DynamicQuant,dynamic,AI_VECTOR_CORE,1788186427965996.035	,327.240,643.610000,40,0,NO,"""9216,7168""",DT_BF16,ND,"""9216,7168;9216""",INT8;FLOAT,ND;ND,N/A,0.0,0,0.0,0.0,0.0,0.0,0.0,0.0,0.0,0.0,0.0,0.0,0.0,322.661,21295628,188.862,0.585,30.316,0.094,291.441,0.903,156.991,0.487,0.005,0.000
3,4294967295,178,47,clear_ops,clear_ops,dynamic,MIX_AIC,1788186427966324.775	,32.780,1.510000,20,40,NO,N/A,N/A,N/A,N/A,N/A,N/A,0,30.495,1006339,0.0,0.0,4.608,0.151,0.001,0.0,0.001,0.0,0.001,0.0,0.128,30.394,2006007,0.008,0.0,3.936,0.129,0.001,0.0,0.001,0.0,0.149,93.030
3,4294967295,179,47,sk_placeholder_kernel_dav_2201,sk_placeholder_kernel_dav_2201,dynamic,AI_VECTOR_CORE,1788186427966358.675	,0.880,1.220000,1,0,NO,N/A,N/A,N/A,N/A,N/A,N/A,N/A,0.0,0,0.0,0.0,0.0,0.0,0.0,0.0,0.0,0.0,0.0,0.0,0.0,0.301,496,0.008,0.028,0.012,0.04,0.001,0.004,0.001,0.004,0.444,0.000
3,4294967295,180,47,sk_placeholder_kernel_dav_2201,sk_placeholder_kernel_dav_2201,dynamic,AI_VECTOR_CORE,1788186427966359.575	,0.760,0.000000,1,0,NO,N/A,N/A,N/A,N/A,N/A,N/A,N/A,0.0,0,0.0,0.0,0.0,0.0,0.0,0.0,0.0,0.0,0.0,0.0,0.0,0.188,310,0.008,0.045,0.012,0.065,0.001,0.006,0.001,0.006,0.444,0.000
3,4294967295,181,47,sk_scope_kernel_end_dav_2201,sk_scope_kernel_end_dav_2201,dynamic,AI_VECTOR_CORE,1788186427966360.355	,0.680,0.000000,1,0,NO,N/A,N/A,N/A,N/A,N/A,N/A,N/A,0.0,0,0.0,0.0,0.0,0.0,0.0,0.0,0.0,0.0,0.0,0.0,0.0,0.226,373,0.008,0.038,0.015,0.064,0.001,0.005,0.001,0.005,0.5,0.000
3,4294967295,182,47,sk_scope_kernel_begin_dav_2201,sk_scope_kernel_begin_dav_2201,dynamic,AI_VECTOR_CORE,1788186427966394.295	,0.700,33.320000,1,0,NO,N/A,N/A,N/A,N/A,N/A,N/A,N/A,0.0,0,0.0,0.0,0.0,0.0,0.0,0.0,0.0,0.0,0.0,0.0,0.0,0.225,371,0.008,0.038,0.012,0.054,0.001,0.005,0.001,0.005,0.444,0.000
3,4294967295,183,47,sk_placeholder_kernel_dav_2201,sk_placeholder_kernel_dav_2201,dynamic,AI_VECTOR_CORE,1788186427966441.275	,0.660,46.300000,1,0,NO,N/A,N/A,N/A,N/A,N/A,N/A,N/A,0.0,0,0.0,0.0,0.0,0.0,0.0,0.0,0.0,0.0,0.0,0.0,0.0,0.183,302,0.008,0.046,0.012,0.066,0.001,0.007,0.001,0.007,0.444,0.000
3,4294967295,184,47,sk_placeholder_kernel_dav_2201,sk_placeholder_kernel_dav_2201,dynamic,AI_VECTOR_CORE,1788186427966480.095	,0.660,38.090000,1,0,NO,N/A,N/A,N/A,N/A,N/A,N/A,N/A,0.0,0,0.0,0.0,0.0,0.0,0.0,0.0,0.0,0.0,0.0,0.0,0.0,0.184,304,0.008,0.046,0.012,0.066,0.001,0.007,0.001,0.007,0.444,0.000
3,4294967295,185,47,aclnnGroupedMatmulV5_GroupedMatmul_GroupedMatmul,GroupedMatmul,dynamic,MIX_AIC,1788186427968123.755	,50.640,1643.090000,20,0,NO,"""9216,7168;1,7168,4096;;;;;;1""",INT8;INT8;INT32;UINT64;FLOAT;FLOAT16;FLOAT16;INT64,ND;NCL;ND;ND;ND;ND;ND;ND,"""9216,4096""",INT32,ND,0,37.906,1250899,2.905,0.077,9.096,0.24,9.381,0.247,31.582,0.833,2.46,0.065,0.023,0.0,0,0.0,0.0,0.0,0.0,0.0,0.0,0.0,0.0,0.0,74.854
3,4294967295,186,47,DequantSwigluQuant,DequantSwigluQuant,dynamic,AI_VECTOR_CORE,1788186427968298.555	,8.720,124.110000,36,0,NO,"""9216,4096;1,4096;9216;;1,2048;;1""",INT32;FLOAT;FLOAT;DT_UNDEFINED;FLOAT;DT_UNDEFINED;INT64,ND;ND;ND;NULL;ND;NULL;ND,"""9216,2048;9216""",INT8;FLOAT,ND;ND,N/A,0.0,0,0.0,0.0,0.0,0.0,0.0,0.0,0.0,0.0,0.0,0.0,0.0,4.981,295849,0.057,0.011,1.674,0.336,0.646,0.13,0.005,0.001,0.183,0.000
3,4294967295,187,47,aclnnGroupedMatmulV5_GroupedMatmul_GroupedMatmul,GroupedMatmul,dynamic,MIX_AIC,1788186427970152.995	,43.320,1845.780000,20,20,NO,"""9216,2048;1,2048,7168;;1,7168;;;;1;9216""",INT8;INT8;INT32;DT_BF16;FLOAT;FLOAT16;FLOAT16;INT64;FLOAT,ND;NCL;ND;ND;ND;ND;ND;ND;ND,"""9216,7168""",DT_BF16,ND,0,32.099,1059254,1.453,0.045,15.649,0.488,4.687,0.146,18.7,0.583,4.702,0.146,0.036,31.789,1049052,0.196,0.006,5.421,0.171,2.627,0.083,0.19,0.006,0.127,74.097
3,4294967295,188,47,aclnnDynamicQuantV2_DynamicQuant_DynamicQuant,DynamicQuant,dynamic,AI_VECTOR_CORE,1788186427970840.855	,328.020,644.430000,40,0,NO,"""9216,7168""",DT_BF16,ND,"""9216,7168;9216""",INT8;FLOAT,ND;ND,N/A,0.0,0,0.0,0.0,0.0,0.0,0.0,0.0,0.0,0.0,0.0,0.0,0.0,322.606,21291969,188.863,0.585,30.264,0.094,289.781,0.898,158.462,0.491,0.005,0.000
3,4294967295,189,47,clear_ops,clear_ops,dynamic,MIX_AIC,1788186427971170.175	,33.980,1.480000,20,40,NO,N/A,N/A,N/A,N/A,N/A,N/A,0,31.698,1046034,0.0,0.0,4.674,0.147,0.001,0.0,0.001,0.0,0.001,0.0,0.127,31.595,2085302,0.008,0.0,3.957,0.125,0.001,0.0,0.001,0.0,0.149,93.284
3,4294967295,190,47,sk_placeholder_kernel_dav_2201,sk_placeholder_kernel_dav_2201,dynamic,AI_VECTOR_CORE,1788186427971205.315	,0.960,1.020000,1,0,NO,N/A,N/A,N/A,N/A,N/A,N/A,N/A,0.0,0,0.0,0.0,0.0,0.0,0.0,0.0,0.0,0.0,0.0,0.0,0.0,0.414,683,0.008,0.02,0.012,0.029,0.001,0.003,0.001,0.003,0.444,0.000
3,4294967295,191,47,sk_placeholder_kernel_dav_2201,sk_placeholder_kernel_dav_2201,dynamic,AI_VECTOR_CORE,1788186427971206.295	,0.760,0.040000,1,0,NO,N/A,N/A,N/A,N/A,N/A,N/A,N/A,0.0,0,0.0,0.0,0.0,0.0,0.0,0.0,0.0,0.0,0.0,0.0,0.0,0.218,360,0.008,0.039,0.012,0.056,0.001,0.006,0.001,0.006,0.444,0.000
3,4294967295,192,47,sk_scope_kernel_end_dav_2201,sk_scope_kernel_end_dav_2201,dynamic,AI_VECTOR_CORE,1788186427971207.095	,0.800,0.000000,1,0,NO,N/A,N/A,N/A,N/A,N/A,N/A,N/A,0.0,0,0.0,0.0,0.0,0.0,0.0,0.0,0.0,0.0,0.0,0.0,0.0,0.238,393,0.008,0.036,0.015,0.061,0.001,0.005,0.001,0.005,0.5,0.000
3,4294967295,193,47,sk_scope_kernel_begin_dav_2201,sk_scope_kernel_begin_dav_2201,dynamic,AI_VECTOR_CORE,1788186427971219.335	,0.800,11.450000,1,0,NO,N/A,N/A,N/A,N/A,N/A,N/A,N/A,0.0,0,0.0,0.0,0.0,0.0,0.0,0.0,0.0,0.0,0.0,0.0,0.0,0.238,393,0.008,0.036,0.012,0.051,0.001,0.005,0.001,0.005,0.444,0.000
3,4294967295,194,47,sk_placeholder_kernel_dav_2201,sk_placeholder_kernel_dav_2201,dynamic,AI_VECTOR_CORE,1788186427971265.175	,0.780,45.200000,1,0,NO,N/A,N/A,N/A,N/A,N/A,N/A,N/A,0.0,0,0.0,0.0,0.0,0.0,0.0,0.0,0.0,0.0,0.0,0.0,0.0,0.217,358,0.008,0.039,0.012,0.056,0.001,0.006,0.001,0.006,0.444,0.000
3,4294967295,195,47,sk_placeholder_kernel_dav_2201,sk_placeholder_kernel_dav_2201,dynamic,AI_VECTOR_CORE,1788186427971313.735	,0.780,47.720000,1,0,NO,N/A,N/A,N/A,N/A,N/A,N/A,N/A,0.0,0,0.0,0.0,0.0,0.0,0.0,0.0,0.0,0.0,0.0,0.0,0.0,0.216,356,0.008,0.039,0.012,0.056,0.001,0.006,0.001,0.006,0.444,0.000
3,4294967295,196,47,aclnnGroupedMatmulV5_GroupedMatmul_GroupedMatmul,GroupedMatmul,dynamic,MIX_AIC,1788186427972990.735	,51.300,1676.220000,20,0,NO,"""9216,7168;1,7168,4096;;;;;;1""",INT8;INT8;INT32;UINT64;FLOAT;FLOAT16;FLOAT16;INT64,ND;NCL;ND;ND;ND;ND;ND;ND,"""9216,4096""",INT32,ND,0,38.218,1261191,2.905,0.076,9.449,0.247,9.377,0.245,31.478,0.824,2.427,0.063,0.022,0.0,0,0.0,0.0,0.0,0.0,0.0,0.0,0.0,0.0,0.0,74.499
3,4294967295,197,47,DequantSwigluQuant,DequantSwigluQuant,dynamic,AI_VECTOR_CORE,1788186427973178.995	,8.260,136.950000,36,0,NO,"""9216,4096;1,4096;9216;;1,2048;;1""",INT32;FLOAT;FLOAT;DT_UNDEFINED;FLOAT;DT_UNDEFINED;INT64,ND;ND;ND;NULL;ND;NULL;ND,"""9216,2048;9216""",INT8;FLOAT,ND;ND,N/A,0.0,0,0.0,0.0,0.0,0.0,0.0,0.0,0.0,0.0,0.0,0.0,0.0,4.908,291544,0.057,0.012,1.474,0.3,0.357,0.073,0.013,0.003,0.184,0.000
3,4294967295,198,47,aclnnGroupedMatmulV5_GroupedMatmul_GroupedMatmul,GroupedMatmul,dynamic,MIX_AIC,1788186427975002.295	,43.860,1814.990000,20,20,NO,"""9216,2048;1,2048,7168;;1,7168;;;;1;9216""",INT8;INT8;INT32;DT_BF16;FLOAT;FLOAT16;FLOAT16;INT64;FLOAT,ND;NCL;ND;ND;ND;ND;ND;ND;ND,"""9216,7168""",DT_BF16,ND,0,31.181,1028982,1.453,0.047,14.931,0.479,4.69,0.15,18.631,0.597,4.567,0.146,0.038,30.887,1019266,0.195,0.006,5.414,0.175,2.943,0.095,0.181,0.006,0.127,71.093
3,4294967295,199,47,aclnnDynamicQuantV2_DynamicQuant_DynamicQuant,DynamicQuant,dynamic,AI_VECTOR_CORE,1788186427975674.675	,328.020,628.640000,40,0,NO,"""9216,7168""",DT_BF16,ND,"""9216,7168;9216""",INT8;FLOAT,ND;ND,N/A,0.0,0,0.0,0.0,0.0,0.0,0.0,0.0,0.0,0.0,0.0,0.0,0.0,322.049,21255228,188.862,0.586,30.924,0.096,291.329,0.905,148.984,0.463,0.005,0.000
3,4294967295,200,47,clear_ops,clear_ops,dynamic,MIX_AIC,1788186427976004.015	,34.380,1.230000,20,40,NO,N/A,N/A,N/A,N/A,N/A,N/A,0,32.079,1058593,0.0,0.0,4.581,0.143,0.001,0.0,0.001,0.0,0.001,0.0,0.127,31.981,2110714,0.008,0.0,4.027,0.126,0.001,0.0,0.001,0.0,0.147,93.306
3,4294967295,201,47,sk_placeholder_kernel_dav_2201,sk_placeholder_kernel_dav_2201,dynamic,AI_VECTOR_CORE,1788186427976039.175	,0.780,0.870000,1,0,NO,N/A,N/A,N/A,N/A,N/A,N/A,N/A,0.0,0,0.0,0.0,0.0,0.0,0.0,0.0,0.0,0.0,0.0,0.0,0.0,0.296,488,0.008,0.029,0.012,0.041,0.001,0.004,0.001,0.004,0.444,0.000
3,4294967295,202,47,sk_placeholder_kernel_dav_2201,sk_placeholder_kernel_dav_2201,dynamic,AI_VECTOR_CORE,1788186427976039.975	,0.680,0.000000,1,0,NO,N/A,N/A,N/A,N/A,N/A,N/A,N/A,0.0,0,0.0,0.0,0.0,0.0,0.0,0.0,0.0,0.0,0.0,0.0,0.0,0.184,303,0.008,0.046,0.012,0.066,0.001,0.007,0.001,0.007,0.444,0.000
3,4294967295,203,47,sk_scope_kernel_end_dav_2201,sk_scope_kernel_end_dav_2201,dynamic,AI_VECTOR_CORE,1788186427976040.675	,0.780,0.070000,1,0,NO,N/A,N/A,N/A,N/A,N/A,N/A,N/A,0.0,0,0.0,0.0,0.0,0.0,0.0,0.0,0.0,0.0,0.0,0.0,0.0,0.224,370,0.008,0.038,0.015,0.065,0.001,0.005,0.001,0.005,0.5,0.000
3,4294967295,204,47,sk_scope_kernel_begin_dav_2201,sk_scope_kernel_begin_dav_2201,dynamic,AI_VECTOR_CORE,1788186427976056.775	,0.760,15.220000,1,0,NO,N/A,N/A,N/A,N/A,N/A,N/A,N/A,0.0,0,0.0,0.0,0.0,0.0,0.0,0.0,0.0,0.0,0.0,0.0,0.0,0.224,369,0.008,0.038,0.012,0.054,0.001,0.005,0.001,0.005,0.444,0.000
3,4294967295,205,47,sk_placeholder_kernel_dav_2201,sk_placeholder_kernel_dav_2201,dynamic,AI_VECTOR_CORE,1788186427976098.355	,0.740,40.740000,1,0,NO,N/A,N/A,N/A,N/A,N/A,N/A,N/A,0.0,0,0.0,0.0,0.0,0.0,0.0,0.0,0.0,0.0,0.0,0.0,0.0,0.189,312,0.008,0.045,0.012,0.064,0.001,0.006,0.001,0.006,0.444,0.000
3,4294967295,206,47,sk_placeholder_kernel_dav_2201,sk_placeholder_kernel_dav_2201,dynamic,AI_VECTOR_CORE,1788186427976135.475	,0.760,36.510000,1,0,NO,N/A,N/A,N/A,N/A,N/A,N/A,N/A,0.0,0,0.0,0.0,0.0,0.0,0.0,0.0,0.0,0.0,0.0,0.0,0.0,0.19,314,0.008,0.045,0.012,0.064,0.001,0.006,0.001,0.006,0.444,0.000
3,4294967295,207,47,aclnnGroupedMatmulV5_GroupedMatmul_GroupedMatmul,GroupedMatmul,dynamic,MIX_AIC,1788186427977774.035	,51.020,1637.740000,20,0,NO,"""9216,7168;1,7168,4096;;;;;;1""",INT8;INT8;INT32;UINT64;FLOAT;FLOAT16;FLOAT16;INT64,ND;NCL;ND;ND;ND;ND;ND;ND,"""9216,4096""",INT32,ND,0,38.557,1272365,2.905,0.075,9.351,0.243,9.374,0.243,31.758,0.824,2.418,0.063,0.023,0.0,0,0.0,0.0,0.0,0.0,0.0,0.0,0.0,0.0,0.0,75.571
3,4294967295,208,47,DequantSwigluQuant,DequantSwigluQuant,dynamic,AI_VECTOR_CORE,1788186427977933.015	,8.740,107.980000,36,0,NO,"""9216,4096;1,4096;9216;;1,2048;;1""",INT32;FLOAT;FLOAT;DT_UNDEFINED;FLOAT;DT_UNDEFINED;INT64,ND;ND;ND;NULL;ND;NULL;ND,"""9216,2048;9216""",INT8;FLOAT,ND;ND,N/A,0.0,0,0.0,0.0,0.0,0.0,0.0,0.0,0.0,0.0,0.0,0.0,0.0,5.028,298652,0.057,0.011,1.634,0.325,0.625,0.124,0.012,0.002,0.181,0.000
3,4294967295,209,47,aclnnGroupedMatmulV5_GroupedMatmul_GroupedMatmul,GroupedMatmul,dynamic,MIX_AIC,1788186427979767.055	,42.420,1825.260000,20,20,NO,"""9216,2048;1,2048,7168;;1,7168;;;;1;9216""",INT8;INT8;INT32;DT_BF16;FLOAT;FLOAT16;FLOAT16;INT64;FLOAT,ND;NCL;ND;ND;ND;ND;ND;ND;ND,"""9216,7168""",DT_BF16,ND,0,30.106,993509,1.453,0.048,12.709,0.422,4.692,0.156,18.501,0.615,4.514,0.15,0.041,29.805,983565,0.207,0.007,4.169,0.14,1.77,0.059,0.179,0.006,0.125,70.972
3,4294967295,210,47,aclnnDynamicQuantV2_DynamicQuant_DynamicQuant,DynamicQuant,dynamic,AI_VECTOR_CORE,1788186427980467.355	,327.440,657.830000,40,0,NO,"""9216,7168""",DT_BF16,ND,"""9216,7168;9216""",INT8;FLOAT,ND;ND,N/A,0.0,0,0.0,0.0,0.0,0.0,0.0,0.0,0.0,0.0,0.0,0.0,0.0,322.221,21266583,188.865,0.586,30.12,0.093,289.71,0.899,154.699,0.48,0.005,0.000
3,4294967295,211,47,clear_ops,clear_ops,dynamic,MIX_AIC,1788186427980796.075	,35.380,1.310000,20,40,NO,N/A,N/A,N/A,N/A,N/A,N/A,0,33.125,1093125,0.0,0.0,4.635,0.14,0.001,0.0,0.001,0.0,0.001,0.0,0.126,33.02,2179320,0.008,0.0,3.955,0.12,0.001,0.0,0.001,0.0,0.149,93.626
3,4294967295,212,47,sk_placeholder_kernel_dav_2201,sk_placeholder_kernel_dav_2201,dynamic,AI_VECTOR_CORE,1788186427980832.475	,0.900,1.120000,1,0,NO,N/A,N/A,N/A,N/A,N/A,N/A,N/A,0.0,0,0.0,0.0,0.0,0.0,0.0,0.0,0.0,0.0,0.0,0.0,0.0,0.33,544,0.008,0.026,0.012,0.037,0.001,0.004,0.001,0.004,0.444,0.000
3,4294967295,213,47,sk_placeholder_kernel_dav_2201,sk_placeholder_kernel_dav_2201,dynamic,AI_VECTOR_CORE,1788186427980833.395	,0.800,0.100000,1,0,NO,N/A,N/A,N/A,N/A,N/A,N/A,N/A,0.0,0,0.0,0.0,0.0,0.0,0.0,0.0,0.0,0.0,0.0,0.0,0.0,0.217,358,0.008,0.039,0.012,0.056,0.001,0.006,0.001,0.006,0.444,0.000
3,4294967295,214,47,sk_scope_kernel_end_dav_2201,sk_scope_kernel_end_dav_2201,dynamic,AI_VECTOR_CORE,1788186427980834.215	,0.840,0.000000,1,0,NO,N/A,N/A,N/A,N/A,N/A,N/A,N/A,0.0,0,0.0,0.0,0.0,0.0,0.0,0.0,0.0,0.0,0.0,0.0,0.0,0.249,411,0.008,0.034,0.015,0.058,0.001,0.005,0.001,0.005,0.5,0.000
3,4294967295,215,47,sk_scope_kernel_begin_dav_2201,sk_scope_kernel_begin_dav_2201,dynamic,AI_VECTOR_CORE,1788186427980847.995	,0.840,12.910000,1,0,NO,N/A,N/A,N/A,N/A,N/A,N/A,N/A,0.0,0,0.0,0.0,0.0,0.0,0.0,0.0,0.0,0.0,0.0,0.0,0.0,0.25,413,0.008,0.034,0.012,0.048,0.001,0.005,0.001,0.005,0.444,0.000
3,4294967295,216,47,sk_placeholder_kernel_dav_2201,sk_placeholder_kernel_dav_2201,dynamic,AI_VECTOR_CORE,1788186427980892.175	,0.680,43.410000,1,0,NO,N/A,N/A,N/A,N/A,N/A,N/A,N/A,0.0,0,0.0,0.0,0.0,0.0,0.0,0.0,0.0,0.0,0.0,0.0,0.0,0.21,346,0.008,0.04,0.012,0.058,0.001,0.006,0.001,0.006,0.444,0.000
3,4294967295,217,47,sk_placeholder_kernel_dav_2201,sk_placeholder_kernel_dav_2201,dynamic,AI_VECTOR_CORE,1788186427980931.415	,0.680,38.570000,1,0,NO,N/A,N/A,N/A,N/A,N/A,N/A,N/A,0.0,0,0.0,0.0,0.0,0.0,0.0,0.0,0.0,0.0,0.0,0.0,0.0,0.208,344,0.008,0.041,0.012,0.058,0.001,0.006,0.001,0.006,0.444,0.000
3,4294967295,218,47,aclnnGroupedMatmulV5_GroupedMatmul_GroupedMatmul,GroupedMatmul,dynamic,MIX_AIC,1788186427982569.855	,49.620,1637.570000,20,0,NO,"""9216,7168;1,7168,4096;;;;;;1""",INT8;INT8;INT32;UINT64;FLOAT;FLOAT16;FLOAT16;INT64,ND;NCL;ND;ND;ND;ND;ND;ND,"""9216,4096""",INT32,ND,0,37.793,1247165,2.905,0.077,8.948,0.237,9.376,0.248,31.71,0.839,2.406,0.064,0.023,0.0,0,0.0,0.0,0.0,0.0,0.0,0.0,0.0,0.0,0.0,76.165
3,4294967295,219,47,DequantSwigluQuant,DequantSwigluQuant,dynamic,AI_VECTOR_CORE,1788186427982731.655	,8.520,112.380000,36,0,NO,"""9216,4096;1,4096;9216;;1,2048;;1""",INT32;FLOAT;FLOAT;DT_UNDEFINED;FLOAT;DT_UNDEFINED;INT64,ND;ND;ND;NULL;ND;NULL;ND,"""9216,2048;9216""",INT8;FLOAT,ND;ND,N/A,0.0,0,0.0,0.0,0.0,0.0,0.0,0.0,0.0,0.0,0.0,0.0,0.0,5.13,304716,0.057,0.011,1.67,0.325,0.512,0.1,0.006,0.001,0.186,0.000
3,4294967295,220,47,aclnnGroupedMatmulV5_GroupedMatmul_GroupedMatmul,GroupedMatmul,dynamic,MIX_AIC,1788186427984542.235	,40.920,1801.980000,20,20,NO,"""9216,2048;1,2048,7168;;1,7168;;;;1;9216""",INT8;INT8;INT32;DT_BF16;FLOAT;FLOAT16;FLOAT16;INT64;FLOAT,ND;NCL;ND;ND;ND;ND;ND;ND;ND,"""9216,7168""",DT_BF16,ND,0,29.761,982109,1.453,0.049,12.431,0.418,4.688,0.158,18.69,0.628,4.622,0.155,0.042,29.484,972987,0.207,0.007,3.868,0.131,1.812,0.061,0.179,0.006,0.126,72.729
3,4294967295,221,47,aclnnDynamicQuantV2_DynamicQuant_DynamicQuant,DynamicQuant,dynamic,AI_VECTOR_CORE,1788186427985257.455	,329.460,674.330000,40,0,NO,"""9216,7168""",DT_BF16,ND,"""9216,7168;9216""",INT8;FLOAT,ND;ND,N/A,0.0,0,0.0,0.0,0.0,0.0,0.0,0.0,0.0,0.0,0.0,0.0,0.0,322.5,21285000,188.865,0.586,30.631,0.095,292.267,0.906,162.708,0.505,0.005,0.000
3,4294967295,222,47,clear_ops,clear_ops,dynamic,MIX_AIC,1788186427985588.435	,33.960,1.540000,20,40,NO,N/A,N/A,N/A,N/A,N/A,N/A,0,31.744,1047555,0.0,0.0,4.618,0.145,0.001,0.0,0.001,0.0,0.001,0.0,0.126,31.646,2088654,0.008,0.0,3.89,0.123,0.001,0.0,0.001,0.0,0.148,93.475
3,4294967295,223,47,sk_placeholder_kernel_dav_2201,sk_placeholder_kernel_dav_2201,dynamic,AI_VECTOR_CORE,1788186427985623.595	,0.960,1.040000,1,0,NO,N/A,N/A,N/A,N/A,N/A,N/A,N/A,0.0,0,0.0,0.0,0.0,0.0,0.0,0.0,0.0,0.0,0.0,0.0,0.0,0.396,654,0.008,0.021,0.012,0.031,0.001,0.003,0.001,0.003,0.444,0.000
3,4294967295,224,47,sk_placeholder_kernel_dav_2201,sk_placeholder_kernel_dav_2201,dynamic,AI_VECTOR_CORE,1788186427985624.575	,0.740,0.040000,1,0,NO,N/A,N/A,N/A,N/A,N/A,N/A,N/A,0.0,0,0.0,0.0,0.0,0.0,0.0,0.0,0.0,0.0,0.0,0.0,0.0,0.19,314,0.008,0.045,0.012,0.064,0.001,0.006,0.001,0.006,0.444,0.000
3,4294967295,225,47,sk_scope_kernel_end_dav_2201,sk_scope_kernel_end_dav_2201,dynamic,AI_VECTOR_CORE,1788186427985625.335	,0.720,0.010000,1,0,NO,N/A,N/A,N/A,N/A,N/A,N/A,N/A,0.0,0,0.0,0.0,0.0,0.0,0.0,0.0,0.0,0.0,0.0,0.0,0.0,0.24,396,0.008,0.035,0.015,0.061,0.001,0.005,0.001,0.005,0.5,0.000
3,4294967295,226,47,sk_scope_kernel_begin_dav_2201,sk_scope_kernel_begin_dav_2201,dynamic,AI_VECTOR_CORE,1788186427985626.095	,0.740,0.030000,1,0,NO,N/A,N/A,N/A,N/A,N/A,N/A,N/A,0.0,0,0.0,0.0,0.0,0.0,0.0,0.0,0.0,0.0,0.0,0.0,0.0,0.244,402,0.008,0.035,0.012,0.05,0.001,0.005,0.001,0.005,0.444,0.000
3,4294967295,227,47,sk_placeholder_kernel_dav_2201,sk_placeholder_kernel_dav_2201,dynamic,AI_VECTOR_CORE,1788186427985653.655	,0.720,27.010000,1,0,NO,N/A,N/A,N/A,N/A,N/A,N/A,N/A,0.0,0,0.0,0.0,0.0,0.0,0.0,0.0,0.0,0.0,0.0,0.0,0.0,0.199,328,0.008,0.043,0.012,0.061,0.001,0.006,0.001,0.006,0.444,0.000
3,4294967295,228,47,sk_placeholder_kernel_dav_2201,sk_placeholder_kernel_dav_2201,dynamic,AI_VECTOR_CORE,1788186427985691.035	,0.720,36.530000,1,0,NO,N/A,N/A,N/A,N/A,N/A,N/A,N/A,0.0,0,0.0,0.0,0.0,0.0,0.0,0.0,0.0,0.0,0.0,0.0,0.0,0.2,330,0.008,0.042,0.012,0.061,0.001,0.006,0.001,0.006,0.444,0.000
3,4294967295,229,47,aclnnGroupedMatmulV5_GroupedMatmul_GroupedMatmul,GroupedMatmul,dynamic,MIX_AIC,1788186427987314.475	,51.420,1622.780000,20,0,NO,"""9216,7168;1,7168,4096;;;;;;1""",INT8;INT8;INT32;UINT64;FLOAT;FLOAT16;FLOAT16;INT64,ND;NCL;ND;ND;ND;ND;ND;ND,"""9216,4096""",INT32,ND,0,40.282,1329313,2.905,0.072,11.371,0.282,9.379,0.233,31.726,0.788,2.443,0.061,0.019,0.0,0,0.0,0.0,0.0,0.0,0.0,0.0,0.0,0.0,0.0,78.340
3,4294967295,230,47,DequantSwigluQuant,DequantSwigluQuant,dynamic,AI_VECTOR_CORE,1788186427987495.735	,8.040,129.830000,36,0,NO,"""9216,4096;1,4096;9216;;1,2048;;1""",INT32;FLOAT;FLOAT;DT_UNDEFINED;FLOAT;DT_UNDEFINED;INT64,ND;ND;ND;NULL;ND;NULL;ND,"""9216,2048;9216""",INT8;FLOAT,ND;ND,N/A,0.0,0,0.0,0.0,0.0,0.0,0.0,0.0,0.0,0.0,0.0,0.0,0.0,4.808,285594,0.057,0.012,1.288,0.268,0.389,0.081,0.007,0.001,0.184,0.000
3,4294967295,231,47,aclnnGroupedMatmulV5_GroupedMatmul_GroupedMatmul,GroupedMatmul,dynamic,MIX_AIC,1788186427989327.955	,41.060,1824.210000,20,20,NO,"""9216,2048;1,2048,7168;;1,7168;;;;1;9216""",INT8;INT8;INT32;DT_BF16;FLOAT;FLOAT16;FLOAT16;INT64;FLOAT,ND;NCL;ND;ND;ND;ND;ND;ND;ND,"""9216,7168""",DT_BF16,ND,0,29.602,976871,1.453,0.049,12.141,0.41,4.689,0.158,18.546,0.627,4.557,0.154,0.042,29.318,967504,0.216,0.007,3.735,0.127,1.575,0.054,0.183,0.006,0.128,72.095
3,4294967295,232,47,aclnnDynamicQuantV2_DynamicQuant_DynamicQuant,DynamicQuant,dynamic,AI_VECTOR_CORE,1788186427990028.735	,327.580,659.690000,40,0,NO,"""9216,7168""",DT_BF16,ND,"""9216,7168;9216""",INT8;FLOAT,ND;ND,N/A,0.0,0,0.0,0.0,0.0,0.0,0.0,0.0,0.0,0.0,0.0,0.0,0.0,322.327,21273552,188.865,0.586,30.634,0.095,291.941,0.906,157.909,0.49,0.005,0.000
3,4294967295,233,47,clear_ops,clear_ops,dynamic,MIX_AIC,1788186427990357.815	,34.360,1.420000,20,40,NO,N/A,N/A,N/A,N/A,N/A,N/A,0,32.073,1058406,0.0,0.0,4.648,0.145,0.001,0.0,0.001,0.0,0.001,0.0,0.126,31.969,2109959,0.008,0.0,4.018,0.126,0.001,0.0,0.001,0.0,0.147,93.344
3,4294967295,234,47,sk_placeholder_kernel_dav_2201,sk_placeholder_kernel_dav_2201,dynamic,AI_VECTOR_CORE,1788186427990392.995	,0.820,0.890000,1,0,NO,N/A,N/A,N/A,N/A,N/A,N/A,N/A,0.0,0,0.0,0.0,0.0,0.0,0.0,0.0,0.0,0.0,0.0,0.0,0.0,0.332,547,0.008,0.026,0.012,0.037,0.001,0.004,0.001,0.004,0.444,0.000
3,4294967295,235,47,sk_placeholder_kernel_dav_2201,sk_placeholder_kernel_dav_2201,dynamic,AI_VECTOR_CORE,1788186427990393.835	,0.700,0.000000,1,0,NO,N/A,N/A,N/A,N/A,N/A,N/A,N/A,0.0,0,0.0,0.0,0.0,0.0,0.0,0.0,0.0,0.0,0.0,0.0,0.0,0.209,345,0.008,0.041,0.012,0.058,0.001,0.006,0.001,0.006,0.444,0.000
3,4294967295,236,47,sk_scope_kernel_end_dav_2201,sk_scope_kernel_end_dav_2201,dynamic,AI_VECTOR_CORE,1788186427990394.555	,0.740,0.050000,1,0,NO,N/A,N/A,N/A,N/A,N/A,N/A,N/A,0.0,0,0.0,0.0,0.0,0.0,0.0,0.0,0.0,0.0,0.0,0.0,0.0,0.216,357,0.008,0.039,0.015,0.067,0.001,0.006,0.001,0.006,0.5,0.000
3,4294967295,237,47,sk_scope_kernel_begin_dav_2201,sk_scope_kernel_begin_dav_2201,dynamic,AI_VECTOR_CORE,1788186427990395.315	,0.740,0.010000,1,0,NO,N/A,N/A,N/A,N/A,N/A,N/A,N/A,0.0,0,0.0,0.0,0.0,0.0,0.0,0.0,0.0,0.0,0.0,0.0,0.0,0.218,359,0.008,0.039,0.012,0.056,0.001,0.006,0.001,0.006,0.444,0.000
3,4294967295,238,47,sk_placeholder_kernel_dav_2201,sk_placeholder_kernel_dav_2201,dynamic,AI_VECTOR_CORE,1788186427990421.815	,0.720,25.760000,1,0,NO,N/A,N/A,N/A,N/A,N/A,N/A,N/A,0.0,0,0.0,0.0,0.0,0.0,0.0,0.0,0.0,0.0,0.0,0.0,0.0,0.193,318,0.008,0.044,0.012,0.063,0.001,0.006,0.001,0.006,0.444,0.000
3,4294967295,239,47,sk_placeholder_kernel_dav_2201,sk_placeholder_kernel_dav_2201,dynamic,AI_VECTOR_CORE,1788186427990463.295	,0.720,40.780000,1,0,NO,N/A,N/A,N/A,N/A,N/A,N/A,N/A,0.0,0,0.0,0.0,0.0,0.0,0.0,0.0,0.0,0.0,0.0,0.0,0.0,0.193,319,0.008,0.044,0.012,0.063,0.001,0.006,0.001,0.006,0.444,0.000
3,4294967295,240,47,aclnnGroupedMatmulV5_GroupedMatmul_GroupedMatmul,GroupedMatmul,dynamic,MIX_AIC,1788186427992100.715	,49.060,1636.780000,20,0,NO,"""9216,7168;1,7168,4096;;;;;;1""",INT8;INT8;INT32;UINT64;FLOAT;FLOAT16;FLOAT16;INT64,ND;NCL;ND;ND;ND;ND;ND;ND,"""9216,4096""",INT32,ND,0,37.805,1247565,2.905,0.077,9.355,0.247,9.38,0.248,31.44,0.832,2.445,0.065,0.022,0.0,0,0.0,0.0,0.0,0.0,0.0,0.0,0.0,0.0,0.0,77.059
3,4294967295,241,47,DequantSwigluQuant,DequantSwigluQuant,dynamic,AI_VECTOR_CORE,1788186427992247.915	,8.200,98.190000,36,0,NO,"""9216,4096;1,4096;9216;;1,2048;;1""",INT32;FLOAT;FLOAT;DT_UNDEFINED;FLOAT;DT_UNDEFINED;INT64,ND;ND;ND;NULL;ND;NULL;ND,"""9216,2048;9216""",INT8;FLOAT,ND;ND,N/A,0.0,0,0.0,0.0,0.0,0.0,0.0,0.0,0.0,0.0,0.0,0.0,0.0,4.907,291486,0.057,0.012,1.478,0.301,0.443,0.09,0.005,0.001,0.183,0.000
3,4294967295,242,47,aclnnGroupedMatmulV5_GroupedMatmul_GroupedMatmul,GroupedMatmul,dynamic,MIX_AIC,1788186427994084.215	,38.820,1828.050000,20,20,NO,"""9216,2048;1,2048,7168;;1,7168;;;;1;9216""",INT8;INT8;INT32;DT_BF16;FLOAT;FLOAT16;FLOAT16;INT64;FLOAT,ND;NCL;ND;ND;ND;ND;ND;ND;ND,"""9216,7168""",DT_BF16,ND,0,30.408,1003467,1.453,0.048,13.166,0.433,4.689,0.154,18.708,0.615,4.62,0.152,0.04,30.131,994311,0.202,0.007,4.022,0.133,2.051,0.068,0.179,0.006,0.127,78.331
3,4294967295,243,47,aclnnDynamicQuantV2_DynamicQuant_DynamicQuant,DynamicQuant,dynamic,AI_VECTOR_CORE,1788186427994768.615	,331.700,645.430000,40,0,NO,"""9216,7168""",DT_BF16,ND,"""9216,7168;9216""",INT8;FLOAT,ND;ND,N/A,0.0,0,0.0,0.0,0.0,0.0,0.0,0.0,0.0,0.0,0.0,0.0,0.0,324.928,21445243,188.864,0.581,30.335,0.093,290.498,0.894,158.907,0.489,0.005,0.000
3,4294967295,244,47,clear_ops,clear_ops,dynamic,MIX_AIC,1788186427995101.375	,33.060,1.300000,20,40,NO,N/A,N/A,N/A,N/A,N/A,N/A,0,30.813,1016831,0.0,0.0,4.62,0.15,0.001,0.0,0.001,0.0,0.001,0.0,0.128,30.714,2027124,0.008,0.0,4.021,0.131,0.001,0.0,0.001,0.0,0.148,93.203
3,4294967295,245,47,sk_placeholder_kernel_dav_2201,sk_placeholder_kernel_dav_2201,dynamic,AI_VECTOR_CORE,1788186427995135.315	,0.860,0.690000,1,0,NO,N/A,N/A,N/A,N/A,N/A,N/A,N/A,0.0,0,0.0,0.0,0.0,0.0,0.0,0.0,0.0,0.0,0.0,0.0,0.0,0.32,528,0.008,0.027,0.012,0.038,0.001,0.004,0.001,0.004,0.444,0.000
3,4294967295,246,47,sk_placeholder_kernel_dav_2201,sk_placeholder_kernel_dav_2201,dynamic,AI_VECTOR_CORE,1788186427995136.195	,0.720,0.140000,1,0,NO,N/A,N/A,N/A,N/A,N/A,N/A,N/A,0.0,0,0.0,0.0,0.0,0.0,0.0,0.0,0.0,0.0,0.0,0.0,0.0,0.198,327,0.008,0.043,0.012,0.061,0.001,0.006,0.001,0.006,0.444,0.000
3,4294967295,247,47,sk_scope_kernel_end_dav_2201,sk_scope_kernel_end_dav_2201,dynamic,AI_VECTOR_CORE,1788186427995136.935	,0.800,0.030000,1,0,NO,N/A,N/A,N/A,N/A,N/A,N/A,N/A,0.0,0,0.0,0.0,0.0,0.0,0.0,0.0,0.0,0.0,0.0,0.0,0.0,0.238,392,0.008,0.036,0.015,0.061,0.001,0.005,0.001,0.005,0.5,0.000
3,4294967295,248,47,sk_scope_kernel_begin_dav_2201,sk_scope_kernel_begin_dav_2201,dynamic,AI_VECTOR_CORE,1788186427995137.755	,0.800,0.000000,1,0,NO,N/A,N/A,N/A,N/A,N/A,N/A,N/A,0.0,0,0.0,0.0,0.0,0.0,0.0,0.0,0.0,0.0,0.0,0.0,0.0,0.236,389,0.008,0.036,0.012,0.051,0.001,0.005,0.001,0.005,0.444,0.000
3,4294967295,249,47,sk_placeholder_kernel_dav_2201,sk_placeholder_kernel_dav_2201,dynamic,AI_VECTOR_CORE,1788186427995183.075	,0.780,44.450000,1,0,NO,N/A,N/A,N/A,N/A,N/A,N/A,N/A,0.0,0,0.0,0.0,0.0,0.0,0.0,0.0,0.0,0.0,0.0,0.0,0.0,0.205,338,0.008,0.041,0.012,0.059,0.001,0.006,0.001,0.006,0.444,0.000
3,4294967295,250,47,sk_placeholder_kernel_dav_2201,sk_placeholder_kernel_dav_2201,dynamic,AI_VECTOR_CORE,1788186427995224.055	,0.780,40.220000,1,0,NO,N/A,N/A,N/A,N/A,N/A,N/A,N/A,0.0,0,0.0,0.0,0.0,0.0,0.0,0.0,0.0,0.0,0.0,0.0,0.0,0.205,339,0.008,0.041,0.012,0.059,0.001,0.006,0.001,0.006,0.444,0.000
3,4294967295,251,47,aclnnGroupedMatmulV5_GroupedMatmul_GroupedMatmul,GroupedMatmul,dynamic,MIX_AIC,1788186427996838.575	,49.720,1613.720000,20,0,NO,"""9216,7168;1,7168,4096;;;;;;1""",INT8;INT8;INT32;UINT64;FLOAT;FLOAT16;FLOAT16;INT64,ND;NCL;ND;ND;ND;ND;ND;ND,"""9216,4096""",INT32,ND,0,38.028,1254914,2.905,0.076,9.109,0.24,9.373,0.246,31.56,0.83,2.455,0.065,0.022,0.0,0,0.0,0.0,0.0,0.0,0.0,0.0,0.0,0.0,0.0,76.484
3,4294967295,252,47,DequantSwigluQuant,DequantSwigluQuant,dynamic,AI_VECTOR_CORE,1788186427996999.855	,8.700,111.530000,36,0,NO,"""9216,4096;1,4096;9216;;1,2048;;1""",INT32;FLOAT;FLOAT;DT_UNDEFINED;FLOAT;DT_UNDEFINED;INT64,ND;ND;ND;NULL;ND;NULL;ND,"""9216,2048;9216""",INT8;FLOAT,ND;ND,N/A,0.0,0,0.0,0.0,0.0,0.0,0.0,0.0,0.0,0.0,0.0,0.0,0.0,5.207,309294,0.057,0.011,1.634,0.314,0.546,0.105,0.005,0.001,0.187,0.000
3,4294967295,253,47,aclnnGroupedMatmulV5_GroupedMatmul_GroupedMatmul,GroupedMatmul,dynamic,MIX_AIC,1788186427998857.095	,40.840,1848.550000,20,20,NO,"""9216,2048;1,2048,7168;;1,7168;;;;1;9216""",INT8;INT8;INT32;DT_BF16;FLOAT;FLOAT16;FLOAT16;INT64;FLOAT,ND;NCL;ND;ND;ND;ND;ND;ND;ND,"""9216,7168""",DT_BF16,ND,0,31.83,1050401,1.453,0.046,15.19,0.477,4.688,0.147,18.933,0.595,4.764,0.15,0.038,31.521,1040191,0.196,0.006,5.421,0.172,2.73,0.087,0.183,0.006,0.127,77.939
3,4294967295,254,47,aclnnDynamicQuantV2_DynamicQuant_DynamicQuant,DynamicQuant,dynamic,AI_VECTOR_CORE,1788186427999538.935	,329.040,641.160000,40,0,NO,"""9216,7168""",DT_BF16,ND,"""9216,7168;9216""",INT8;FLOAT,ND;ND,N/A,0.0,0,0.0,0.0,0.0,0.0,0.0,0.0,0.0,0.0,0.0,0.0,0.0,323.281,21336545,188.863,0.584,30.682,0.095,292.765,0.906,169.345,0.524,0.005,0.000
3,4294967295,255,47,clear_ops,clear_ops,dynamic,MIX_AIC,1788186427999869.575	,34.800,1.460000,20,40,NO,N/A,N/A,N/A,N/A,N/A,N/A,0,32.518,1073086,0.0,0.0,4.608,0.142,0.001,0.0,0.001,0.0,0.001,0.0,0.127,32.417,2139518,0.008,0.0,3.894,0.12,0.001,0.0,0.001,0.0,0.149,93.442
3,4294967295,256,47,sk_placeholder_kernel_dav_2201,sk_placeholder_kernel_dav_2201,dynamic,AI_VECTOR_CORE,1788186427999905.295	,1.000,0.950000,1,0,NO,N/A,N/A,N/A,N/A,N/A,N/A,N/A,0.0,0,0.0,0.0,0.0,0.0,0.0,0.0,0.0,0.0,0.0,0.0,0.0,0.472,778,0.008,0.018,0.012,0.026,0.001,0.003,0.001,0.003,0.444,0.000
3,4294967295,257,47,sk_placeholder_kernel_dav_2201,sk_placeholder_kernel_dav_2201,dynamic,AI_VECTOR_CORE,1788186427999906.315	,0.740,0.000000,1,0,NO,N/A,N/A,N/A,N/A,N/A,N/A,N/A,0.0,0,0.0,0.0,0.0,0.0,0.0,0.0,0.0,0.0,0.0,0.0,0.0,0.194,320,0.008,0.044,0.012,0.063,0.001,0.006,0.001,0.006,0.444,0.000
3,4294967295,258,47,sk_scope_kernel_end_dav_2201,sk_scope_kernel_end_dav_2201,dynamic,AI_VECTOR_CORE,1788186427999907.075	,0.760,0.010000,1,0,NO,N/A,N/A,N/A,N/A,N/A,N/A,N/A,0.0,0,0.0,0.0,0.0,0.0,0.0,0.0,0.0,0.0,0.0,0.0,0.0,0.212,349,0.008,0.04,0.015,0.069,0.001,0.006,0.001,0.006,0.5,0.000
3,4294967295,259,47,sk_scope_kernel_begin_dav_2201,sk_scope_kernel_begin_dav_2201,dynamic,AI_VECTOR_CORE,1788186427999916.615	,0.760,8.740000,1,0,NO,N/A,N/A,N/A,N/A,N/A,N/A,N/A,0.0,0,0.0,0.0,0.0,0.0,0.0,0.0,0.0,0.0,0.0,0.0,0.0,0.214,353,0.008,0.04,0.012,0.057,0.001,0.006,0.001,0.006,0.444,0.000
3,4294967295,260,47,sk_placeholder_kernel_dav_2201,sk_placeholder_kernel_dav_2201,dynamic,AI_VECTOR_CORE,1788186427999961.915	,0.760,44.740000,1,0,NO,N/A,N/A,N/A,N/A,N/A,N/A,N/A,0.0,0,0.0,0.0,0.0,0.0,0.0,0.0,0.0,0.0,0.0,0.0,0.0,0.19,314,0.008,0.045,0.012,0.064,0.001,0.006,0.001,0.006,0.444,0.000
3,4294967295,261,47,sk_placeholder_kernel_dav_2201,sk_placeholder_kernel_dav_2201,dynamic,AI_VECTOR_CORE,1788186427999999.155	,0.760,36.490000,1,0,NO,N/A,N/A,N/A,N/A,N/A,N/A,N/A,0.0,0,0.0,0.0,0.0,0.0,0.0,0.0,0.0,0.0,0.0,0.0,0.0,0.191,315,0.008,0.044,0.012,0.063,0.001,0.006,0.001,0.006,0.444,0.000
3,4294967295,262,47,aclnnGroupedMatmulV5_GroupedMatmul_GroupedMatmul,GroupedMatmul,dynamic,MIX_AIC,1788186428001641.295	,50.780,1641.240000,20,0,NO,"""9216,7168;1,7168,4096;;;;;;1""",INT8;INT8;INT32;UINT64;FLOAT;FLOAT16;FLOAT16;INT64,ND;NCL;ND;ND;ND;ND;ND;ND,"""9216,4096""",INT32,ND,0,38.011,1254350,2.905,0.076,9.452,0.249,9.382,0.247,31.603,0.831,2.442,0.064,0.022,0.0,0,0.0,0.0,0.0,0.0,0.0,0.0,0.0,0.0,0.0,74.853
3,4294967295,263,47,DequantSwigluQuant,DequantSwigluQuant,dynamic,AI_VECTOR_CORE,1788186428001800.355	,9.140,108.220000,36,0,NO,"""9216,4096;1,4096;9216;;1,2048;;1""",INT32;FLOAT;FLOAT;DT_UNDEFINED;FLOAT;DT_UNDEFINED;INT64,ND;ND;ND;NULL;ND;NULL;ND,"""9216,2048;9216""",INT8;FLOAT,ND;ND,N/A,0.0,0,0.0,0.0,0.0,0.0,0.0,0.0,0.0,0.0,0.0,0.0,0.0,5.453,323921,0.057,0.01,2.015,0.37,0.762,0.14,0.006,0.001,0.184,0.000
3,4294967295,264,47,aclnnGroupedMatmulV5_GroupedMatmul_GroupedMatmul,GroupedMatmul,dynamic,MIX_AIC,1788186428003624.895	,44.160,1815.610000,20,20,NO,"""9216,2048;1,2048,7168;;1,7168;;;;1;9216""",INT8;INT8;INT32;DT_BF16;FLOAT;FLOAT16;FLOAT16;INT64;FLOAT,ND;NCL;ND;ND;ND;ND;ND;ND;ND,"""9216,7168""",DT_BF16,ND,0,31.615,1043309,1.453,0.046,15.102,0.478,4.692,0.148,18.661,0.59,4.516,0.143,0.036,31.298,1032826,0.197,0.006,5.478,0.175,2.882,0.092,0.181,0.006,0.127,71.593
3,4294967295,265,47,aclnnDynamicQuantV2_DynamicQuant_DynamicQuant,DynamicQuant,dynamic,AI_VECTOR_CORE,1788186428004298.375	,330.340,629.340000,40,0,NO,"""9216,7168""",DT_BF16,ND,"""9216,7168;9216""",INT8;FLOAT,ND;ND,N/A,0.0,0,0.0,0.0,0.0,0.0,0.0,0.0,0.0,0.0,0.0,0.0,0.0,323.901,21377463,188.863,0.583,30.209,0.093,290.087,0.896,165.674,0.511,0.005,0.000
3,4294967295,266,47,clear_ops,clear_ops,dynamic,MIX_AIC,1788186428004630.115	,34.720,1.160000,20,40,NO,N/A,N/A,N/A,N/A,N/A,N/A,0,32.508,1072770,0.0,0.0,4.585,0.141,0.001,0.0,0.001,0.0,0.001,0.0,0.127,32.407,2138879,0.008,0.0,3.906,0.121,0.001,0.0,0.001,0.0,0.147,93.630
3,4294967295,267,47,sk_placeholder_kernel_dav_2201,sk_placeholder_kernel_dav_2201,dynamic,AI_VECTOR_CORE,1788186428004665.895	,0.900,1.280000,1,0,NO,N/A,N/A,N/A,N/A,N/A,N/A,N/A,0.0,0,0.0,0.0,0.0,0.0,0.0,0.0,0.0,0.0,0.0,0.0,0.0,0.321,529,0.008,0.026,0.012,0.038,0.001,0.004,0.001,0.004,0.444,0.000
3,4294967295,268,47,sk_placeholder_kernel_dav_2201,sk_placeholder_kernel_dav_2201,dynamic,AI_VECTOR_CORE,1788186428004666.835	,0.780,0.000000,1,0,NO,N/A,N/A,N/A,N/A,N/A,N/A,N/A,0.0,0,0.0,0.0,0.0,0.0,0.0,0.0,0.0,0.0,0.0,0.0,0.0,0.204,337,0.008,0.042,0.012,0.059,0.001,0.006,0.001,0.006,0.444,0.000
3,4294967295,269,47,sk_scope_kernel_end_dav_2201,sk_scope_kernel_end_dav_2201,dynamic,AI_VECTOR_CORE,1788186428004667.635	,0.780,0.220000,1,0,NO,N/A,N/A,N/A,N/A,N/A,N/A,N/A,0.0,0,0.0,0.0,0.0,0.0,0.0,0.0,0.0,0.0,0.0,0.0,0.0,0.25,413,0.008,0.034,0.015,0.058,0.001,0.005,0.001,0.005,0.5,0.000
3,4294967295,270,47,sk_scope_kernel_begin_dav_2201,sk_scope_kernel_begin_dav_2201,dynamic,AI_VECTOR_CORE,1788186428004675.595	,0.760,6.970000,1,0,NO,N/A,N/A,N/A,N/A,N/A,N/A,N/A,0.0,0,0.0,0.0,0.0,0.0,0.0,0.0,0.0,0.0,0.0,0.0,0.0,0.25,412,0.008,0.034,0.012,0.049,0.001,0.005,0.001,0.005,0.444,0.000
3,4294967295,271,47,sk_placeholder_kernel_dav_2201,sk_placeholder_kernel_dav_2201,dynamic,AI_VECTOR_CORE,1788186428004726.675	,0.720,50.490000,1,0,NO,N/A,N/A,N/A,N/A,N/A,N/A,N/A,0.0,0,0.0,0.0,0.0,0.0,0.0,0.0,0.0,0.0,0.0,0.0,0.0,0.206,340,0.008,0.041,0.012,0.059,0.001,0.006,0.001,0.006,0.444,0.000
3,4294967295,272,47,sk_placeholder_kernel_dav_2201,sk_placeholder_kernel_dav_2201,dynamic,AI_VECTOR_CORE,1788186428004761.615	,0.740,34.030000,1,0,NO,N/A,N/A,N/A,N/A,N/A,N/A,N/A,0.0,0,0.0,0.0,0.0,0.0,0.0,0.0,0.0,0.0,0.0,0.0,0.0,0.208,344,0.008,0.041,0.012,0.058,0.001,0.006,0.001,0.006,0.444,0.000
3,4294967295,273,47,aclnnGroupedMatmulV5_GroupedMatmul_GroupedMatmul,GroupedMatmul,dynamic,MIX_AIC,1788186428006436.515	,49.240,1674.260000,20,0,NO,"""9216,7168;1,7168,4096;;;;;;1""",INT8;INT8;INT32;UINT64;FLOAT;FLOAT16;FLOAT16;INT64,ND;NCL;ND;ND;ND;ND;ND;ND,"""9216,4096""",INT32,ND,0,37.738,1245352,2.905,0.077,9.119,0.242,9.38,0.249,31.586,0.837,2.447,0.065,0.023,0.0,0,0.0,0.0,0.0,0.0,0.0,0.0,0.0,0.0,0.0,76.641
3,4294967295,274,47,DequantSwigluQuant,DequantSwigluQuant,dynamic,AI_VECTOR_CORE,1788186428006598.735	,8.860,113.010000,36,0,NO,"""9216,4096;1,4096;9216;;1,2048;;1""",INT32;FLOAT;FLOAT;DT_UNDEFINED;FLOAT;DT_UNDEFINED;INT64,ND;ND;ND;NULL;ND;NULL;ND,"""9216,2048;9216""",INT8;FLOAT,ND;ND,N/A,0.0,0,0.0,0.0,0.0,0.0,0.0,0.0,0.0,0.0,0.0,0.0,0.0,5.302,314916,0.057,0.011,1.8,0.34,0.624,0.118,0.005,0.001,0.184,0.000
3,4294967295,275,47,aclnnGroupedMatmulV5_GroupedMatmul_GroupedMatmul,GroupedMatmul,dynamic,MIX_AIC,1788186428008451.755	,42.520,1844.140000,20,20,NO,"""9216,2048;1,2048,7168;;1,7168;;;;1;9216""",INT8;INT8;INT32;DT_BF16;FLOAT;FLOAT16;FLOAT16;INT64;FLOAT,ND;NCL;ND;ND;ND;ND;ND;ND;ND,"""9216,7168""",DT_BF16,ND,0,29.456,972044,1.453,0.049,12.535,0.426,4.689,0.159,18.584,0.631,4.564,0.155,0.04,29.163,962383,0.206,0.007,4.389,0.15,1.67,0.057,0.176,0.006,0.129,69.275
3,4294967295,276,47,aclnnDynamicQuantV2_DynamicQuant_DynamicQuant,DynamicQuant,dynamic,AI_VECTOR_CORE,1788186428009152.195	,329.260,657.980000,40,0,NO,"""9216,7168""",DT_BF16,ND,"""9216,7168;9216""",INT8;FLOAT,ND;ND,N/A,0.0,0,0.0,0.0,0.0,0.0,0.0,0.0,0.0,0.0,0.0,0.0,0.0,322.283,21270707,188.864,0.586,30.411,0.094,291.771,0.905,164.308,0.51,0.005,0.000
3,4294967295,277,47,clear_ops,clear_ops,dynamic,MIX_AIC,1788186428009482.635	,34.280,1.240000,20,40,NO,N/A,N/A,N/A,N/A,N/A,N/A,0,32.085,1058815,0.0,0.0,4.529,0.141,0.001,0.0,0.001,0.0,0.001,0.0,0.127,31.986,2111090,0.008,0.0,3.861,0.121,0.001,0.0,0.001,0.0,0.148,93.598
3,4294967295,278,47,sk_placeholder_kernel_dav_2201,sk_placeholder_kernel_dav_2201,dynamic,AI_VECTOR_CORE,1788186428009517.775	,0.860,0.720000,1,0,NO,N/A,N/A,N/A,N/A,N/A,N/A,N/A,0.0,0,0.0,0.0,0.0,0.0,0.0,0.0,0.0,0.0,0.0,0.0,0.0,0.303,500,0.008,0.028,0.012,0.04,0.001,0.004,0.001,0.004,0.444,0.000
3,4294967295,279,47,sk_placeholder_kernel_dav_2201,sk_placeholder_kernel_dav_2201,dynamic,AI_VECTOR_CORE,1788186428009518.655	,0.760,0.140000,1,0,NO,N/A,N/A,N/A,N/A,N/A,N/A,N/A,0.0,0,0.0,0.0,0.0,0.0,0.0,0.0,0.0,0.0,0.0,0.0,0.0,0.189,312,0.008,0.045,0.012,0.064,0.001,0.006,0.001,0.006,0.444,0.000
3,4294967295,280,47,sk_scope_kernel_end_dav_2201,sk_scope_kernel_end_dav_2201,dynamic,AI_VECTOR_CORE,1788186428009519.435	,0.780,0.000000,1,0,NO,N/A,N/A,N/A,N/A,N/A,N/A,N/A,0.0,0,0.0,0.0,0.0,0.0,0.0,0.0,0.0,0.0,0.0,0.0,0.0,0.221,364,0.008,0.038,0.015,0.066,0.001,0.005,0.001,0.005,0.5,0.000
3,4294967295,281,47,sk_scope_kernel_begin_dav_2201,sk_scope_kernel_begin_dav_2201,dynamic,AI_VECTOR_CORE,1788186428009536.215	,0.800,15.970000,1,0,NO,N/A,N/A,N/A,N/A,N/A,N/A,N/A,0.0,0,0.0,0.0,0.0,0.0,0.0,0.0,0.0,0.0,0.0,0.0,0.0,0.222,366,0.008,0.038,0.012,0.055,0.001,0.005,0.001,0.005,0.444,0.000
3,4294967295,282,47,sk_placeholder_kernel_dav_2201,sk_placeholder_kernel_dav_2201,dynamic,AI_VECTOR_CORE,1788186428009569.955	,0.660,32.950000,1,0,NO,N/A,N/A,N/A,N/A,N/A,N/A,N/A,0.0,0,0.0,0.0,0.0,0.0,0.0,0.0,0.0,0.0,0.0,0.0,0.0,0.19,314,0.008,0.045,0.012,0.064,0.001,0.006,0.001,0.006,0.444,0.000
3,4294967295,283,47,sk_placeholder_kernel_dav_2201,sk_placeholder_kernel_dav_2201,dynamic,AI_VECTOR_CORE,1788186428009612.375	,0.660,41.840000,1,0,NO,N/A,N/A,N/A,N/A,N/A,N/A,N/A,0.0,0,0.0,0.0,0.0,0.0,0.0,0.0,0.0,0.0,0.0,0.0,0.0,0.191,315,0.008,0.044,0.012,0.063,0.001,0.006,0.001,0.006,0.444,0.000
3,4294967295,284,47,aclnnGroupedMatmulV5_GroupedMatmul_GroupedMatmul,GroupedMatmul,dynamic,MIX_AIC,1788186428011230.535	,49.180,1617.340000,20,0,NO,"""9216,7168;1,7168,4096;;;;;;1""",INT8;INT8;INT32;UINT64;FLOAT;FLOAT16;FLOAT16;INT64,ND;NCL;ND;ND;ND;ND;ND;ND,"""9216,4096""",INT32,ND,0,37.319,1231511,2.905,0.078,8.842,0.237,9.37,0.251,31.386,0.841,2.437,0.065,0.023,0.0,0,0.0,0.0,0.0,0.0,0.0,0.0,0.0,0.0,0.0,75.881
3,4294967295,285,47,DequantSwigluQuant,DequantSwigluQuant,dynamic,AI_VECTOR_CORE,1788186428011397.315	,8.540,117.570000,36,0,NO,"""9216,4096;1,4096;9216;;1,2048;;1""",INT32;FLOAT;FLOAT;DT_UNDEFINED;FLOAT;DT_UNDEFINED;INT64,ND;ND;ND;NULL;ND;NULL;ND,"""9216,2048;9216""",INT8;FLOAT,ND;ND,N/A,0.0,0,0.0,0.0,0.0,0.0,0.0,0.0,0.0,0.0,0.0,0.0,0.0,5.122,304237,0.057,0.011,1.734,0.339,0.598,0.117,0.014,0.003,0.185,0.000
3,4294967295,286,47,aclnnGroupedMatmulV5_GroupedMatmul_GroupedMatmul,GroupedMatmul,dynamic,MIX_AIC,1788186428013228.635	,41.980,1822.960000,20,20,NO,"""9216,2048;1,2048,7168;;1,7168;;;;1;9216""",INT8;INT8;INT32;DT_BF16;FLOAT;FLOAT16;FLOAT16;INT64;FLOAT,ND;NCL;ND;ND;ND;ND;ND;ND;ND,"""9216,7168""",DT_BF16,ND,0,30.06,991966,1.453,0.048,12.267,0.408,4.69,0.156,18.527,0.616,4.53,0.151,0.042,29.779,982694,0.211,0.007,3.839,0.129,1.773,0.06,0.183,0.006,0.124,71.605
3,4294967295,287,47,aclnnDynamicQuantV2_DynamicQuant_DynamicQuant,DynamicQuant,dynamic,AI_VECTOR_CORE,1788186428013905.955	,327.580,635.270000,40,0,NO,"""9216,7168""",DT_BF16,ND,"""9216,7168;9216""",INT8;FLOAT,ND;ND,N/A,0.0,0,0.0,0.0,0.0,0.0,0.0,0.0,0.0,0.0,0.0,0.0,0.0,322.718,21299419,188.864,0.585,30.178,0.094,289.485,0.897,165.853,0.514,0.005,0.000
3,4294967295,288,47,clear_ops,clear_ops,dynamic,MIX_AIC,1788186428014234.975	,34.240,1.420000,20,40,NO,N/A,N/A,N/A,N/A,N/A,N/A,0,31.982,1055413,0.0,0.0,4.584,0.143,0.001,0.0,0.001,0.0,0.001,0.0,0.126,31.879,2104001,0.008,0.0,3.926,0.123,0.001,0.0,0.001,0.0,0.147,93.406
3,4294967295,289,47,sk_placeholder_kernel_dav_2201,sk_placeholder_kernel_dav_2201,dynamic,AI_VECTOR_CORE,1788186428014270.115	,0.840,0.760000,1,0,NO,N/A,N/A,N/A,N/A,N/A,N/A,N/A,0.0,0,0.0,0.0,0.0,0.0,0.0,0.0,0.0,0.0,0.0,0.0,0.0,0.319,526,0.008,0.027,0.012,0.038,0.001,0.004,0.001,0.004,0.444,0.000
3,4294967295,290,47,sk_placeholder_kernel_dav_2201,sk_placeholder_kernel_dav_2201,dynamic,AI_VECTOR_CORE,1788186428014270.995	,0.720,0.160000,1,0,NO,N/A,N/A,N/A,N/A,N/A,N/A,N/A,0.0,0,0.0,0.0,0.0,0.0,0.0,0.0,0.0,0.0,0.0,0.0,0.0,0.208,343,0.008,0.041,0.012,0.058,0.001,0.006,0.001,0.006,0.444,0.000
3,4294967295,291,47,sk_scope_kernel_end_dav_2201,sk_scope_kernel_end_dav_2201,dynamic,AI_VECTOR_CORE,1788186428014271.735	,0.800,0.030000,1,0,NO,N/A,N/A,N/A,N/A,N/A,N/A,N/A,0.0,0,0.0,0.0,0.0,0.0,0.0,0.0,0.0,0.0,0.0,0.0,0.0,0.253,417,0.008,0.034,0.015,0.058,0.001,0.005,0.001,0.005,0.5,0.000
3,4294967295,292,47,sk_scope_kernel_begin_dav_2201,sk_scope_kernel_begin_dav_2201,dynamic,AI_VECTOR_CORE,1788186428014283.955	,0.800,11.450000,1,0,NO,N/A,N/A,N/A,N/A,N/A,N/A,N/A,0.0,0,0.0,0.0,0.0,0.0,0.0,0.0,0.0,0.0,0.0,0.0,0.0,0.254,419,0.008,0.033,0.012,0.048,0.001,0.005,0.001,0.005,0.444,0.000
3,4294967295,293,47,sk_placeholder_kernel_dav_2201,sk_placeholder_kernel_dav_2201,dynamic,AI_VECTOR_CORE,1788186428014323.195	,0.760,38.450000,1,0,NO,N/A,N/A,N/A,N/A,N/A,N/A,N/A,0.0,0,0.0,0.0,0.0,0.0,0.0,0.0,0.0,0.0,0.0,0.0,0.0,0.202,333,0.008,0.042,0.012,0.06,0.001,0.006,0.001,0.006,0.444,0.000
3,4294967295,294,47,sk_placeholder_kernel_dav_2201,sk_placeholder_kernel_dav_2201,dynamic,AI_VECTOR_CORE,1788186428014365.555	,0.760,41.490000,1,0,NO,N/A,N/A,N/A,N/A,N/A,N/A,N/A,0.0,0,0.0,0.0,0.0,0.0,0.0,0.0,0.0,0.0,0.0,0.0,0.0,0.204,336,0.008,0.042,0.012,0.06,0.001,0.006,0.001,0.006,0.444,0.000
3,4294967295,295,47,aclnnGroupedMatmulV5_GroupedMatmul_GroupedMatmul,GroupedMatmul,dynamic,MIX_AIC,1788186428015969.135	,52.200,1602.990000,20,0,NO,"""9216,7168;1,7168,4096;;;;;;1""",INT8;INT8;INT32;UINT64;FLOAT;FLOAT16;FLOAT16;INT64,ND;NCL;ND;ND;ND;ND;ND;ND,"""9216,4096""",INT32,ND,0,40.006,1320202,2.905,0.073,11.39,0.285,9.377,0.234,31.641,0.791,2.436,0.061,0.019,0.0,0,0.0,0.0,0.0,0.0,0.0,0.0,0.0,0.0,0.0,76.640
3,4294967295,296,47,DequantSwigluQuant,DequantSwigluQuant,dynamic,AI_VECTOR_CORE,1788186428016154.355	,8.720,132.800000,36,0,NO,"""9216,4096;1,4096;9216;;1,2048;;1""",INT32;FLOAT;FLOAT;DT_UNDEFINED;FLOAT;DT_UNDEFINED;INT64,ND;ND;ND;NULL;ND;NULL;ND,"""9216,2048;9216""",INT8;FLOAT,ND;ND,N/A,0.0,0,0.0,0.0,0.0,0.0,0.0,0.0,0.0,0.0,0.0,0.0,0.0,5.234,310886,0.057,0.011,1.823,0.348,0.653,0.125,0.005,0.001,0.186,0.000
3,4294967295,297,47,aclnnGroupedMatmulV5_GroupedMatmul_GroupedMatmul,GroupedMatmul,dynamic,MIX_AIC,1788186428017998.335	,39.960,1835.280000,20,20,NO,"""9216,2048;1,2048,7168;;1,7168;;;;1;9216""",INT8;INT8;INT32;DT_BF16;FLOAT;FLOAT16;FLOAT16;INT64;FLOAT,ND;NCL;ND;ND;ND;ND;ND;ND;ND,"""9216,7168""",DT_BF16,ND,0,29.618,977387,1.453,0.049,11.905,0.402,4.688,0.158,18.635,0.629,4.387,0.148,0.042,29.354,968685,0.206,0.007,3.626,0.124,1.814,0.062,0.178,0.006,0.126,74.119
3,4294967295,298,47,aclnnDynamicQuantV2_DynamicQuant_DynamicQuant,DynamicQuant,dynamic,AI_VECTOR_CORE,1788186428018689.675	,328.200,651.540000,40,0,NO,"""9216,7168""",DT_BF16,ND,"""9216,7168;9216""",INT8;FLOAT,ND;ND,N/A,0.0,0,0.0,0.0,0.0,0.0,0.0,0.0,0.0,0.0,0.0,0.0,0.0,322.93,21313387,188.866,0.585,30.452,0.094,291.558,0.903,155.374,0.481,0.005,0.000
3,4294967295,299,47,clear_ops,clear_ops,dynamic,MIX_AIC,1788186428019019.175	,35.260,1.300000,20,40,NO,N/A,N/A,N/A,N/A,N/A,N/A,0,32.985,1088499,0.0,0.0,4.584,0.139,0.001,0.0,0.001,0.0,0.001,0.0,0.126,32.883,2170275,0.008,0.0,4.001,0.122,0.001,0.0,0.001,0.0,0.148,93.547
3,4294967295,300,47,sk_placeholder_kernel_dav_2201,sk_placeholder_kernel_dav_2201,dynamic,AI_VECTOR_CORE,1788186428019055.535	,0.780,0.990000,1,0,NO,N/A,N/A,N/A,N/A,N/A,N/A,N/A,0.0,0,0.0,0.0,0.0,0.0,0.0,0.0,0.0,0.0,0.0,0.0,0.0,0.304,501,0.008,0.028,0.012,0.04,0.001,0.004,0.001,0.004,0.444,0.000
3,4294967295,301,47,sk_placeholder_kernel_dav_2201,sk_placeholder_kernel_dav_2201,dynamic,AI_VECTOR_CORE,1788186428019056.335	,0.680,0.000000,1,0,NO,N/A,N/A,N/A,N/A,N/A,N/A,N/A,0.0,0,0.0,0.0,0.0,0.0,0.0,0.0,0.0,0.0,0.0,0.0,0.0,0.191,315,0.008,0.044,0.012,0.063,0.001,0.006,0.001,0.006,0.444,0.000
3,4294967295,302,47,sk_scope_kernel_end_dav_2201,sk_scope_kernel_end_dav_2201,dynamic,AI_VECTOR_CORE,1788186428019057.035	,0.700,0.070000,1,0,NO,N/A,N/A,N/A,N/A,N/A,N/A,N/A,0.0,0,0.0,0.0,0.0,0.0,0.0,0.0,0.0,0.0,0.0,0.0,0.0,0.218,359,0.008,0.039,0.015,0.067,0.001,0.006,0.001,0.006,0.5,0.000
3,4294967295,303,47,sk_scope_kernel_begin_dav_2201,sk_scope_kernel_begin_dav_2201,dynamic,AI_VECTOR_CORE,1788186428019057.755	,0.700,0.050000,1,0,NO,N/A,N/A,N/A,N/A,N/A,N/A,N/A,0.0,0,0.0,0.0,0.0,0.0,0.0,0.0,0.0,0.0,0.0,0.0,0.0,0.218,360,0.008,0.039,0.012,0.056,0.001,0.006,0.001,0.006,0.444,0.000
3,4294967295,304,47,sk_placeholder_kernel_dav_2201,sk_placeholder_kernel_dav_2201,dynamic,AI_VECTOR_CORE,1788186428019088.795	,0.700,30.300000,1,0,NO,N/A,N/A,N/A,N/A,N/A,N/A,N/A,0.0,0,0.0,0.0,0.0,0.0,0.0,0.0,0.0,0.0,0.0,0.0,0.0,0.187,309,0.008,0.045,0.012,0.065,0.001,0.006,0.001,0.006,0.444,0.000
3,4294967295,305,47,sk_placeholder_kernel_dav_2201,sk_placeholder_kernel_dav_2201,dynamic,AI_VECTOR_CORE,1788186428019131.115	,0.720,41.550000,1,0,NO,N/A,N/A,N/A,N/A,N/A,N/A,N/A,0.0,0,0.0,0.0,0.0,0.0,0.0,0.0,0.0,0.0,0.0,0.0,0.0,0.188,311,0.008,0.045,0.012,0.064,0.001,0.006,0.001,0.006,0.444,0.000
3,4294967295,306,47,aclnnGroupedMatmulV5_GroupedMatmul_GroupedMatmul,GroupedMatmul,dynamic,MIX_AIC,1788186428020738.695	,51.460,1607.030000,20,0,NO,"""9216,7168;1,7168,4096;;;;;;1""",INT8;INT8;INT32;UINT64;FLOAT;FLOAT16;FLOAT16;INT64,ND;NCL;ND;ND;ND;ND;ND;ND,"""9216,4096""",INT32,ND,0,38.337,1265111,2.905,0.076,9.538,0.249,9.378,0.245,31.661,0.826,2.465,0.064,0.022,0.0,0,0.0,0.0,0.0,0.0,0.0,0.0,0.0,0.0,0.0,74.498
3,4294967295,307,47,DequantSwigluQuant,DequantSwigluQuant,dynamic,AI_VECTOR_CORE,1788186428020923.715	,9.860,133.540000,36,0,NO,"""9216,4096;1,4096;9216;;1,2048;;1""",INT32;FLOAT;FLOAT;DT_UNDEFINED;FLOAT;DT_UNDEFINED;INT64,ND;ND;ND;NULL;ND;NULL;ND,"""9216,2048;9216""",INT8;FLOAT,ND;ND,N/A,0.0,0,0.0,0.0,0.0,0.0,0.0,0.0,0.0,0.0,0.0,0.0,0.0,5.853,347656,0.057,0.01,1.892,0.323,0.726,0.124,0.005,0.001,0.183,0.000
3,4294967295,308,47,aclnnGroupedMatmulV5_GroupedMatmul_GroupedMatmul,GroupedMatmul,dynamic,MIX_AIC,1788186428022740.375	,42.280,1806.890000,20,20,NO,"""9216,2048;1,2048,7168;;1,7168;;;;1;9216""",INT8;INT8;INT32;DT_BF16;FLOAT;FLOAT16;FLOAT16;INT64;FLOAT,ND;NCL;ND;ND;ND;ND;ND;ND;ND,"""9216,7168""",DT_BF16,ND,0,30.081,992682,1.453,0.048,13.278,0.441,4.689,0.156,18.583,0.618,4.516,0.15,0.04,29.786,982950,0.205,0.007,4.078,0.137,1.992,0.067,0.184,0.006,0.127,71.148
3,4294967295,309,47,aclnnDynamicQuantV2_DynamicQuant_DynamicQuant,DynamicQuant,dynamic,AI_VECTOR_CORE,1788186428023412.095	,330.860,629.220000,40,0,NO,"""9216,7168""",DT_BF16,ND,"""9216,7168;9216""",INT8;FLOAT,ND;ND,N/A,0.0,0,0.0,0.0,0.0,0.0,0.0,0.0,0.0,0.0,0.0,0.0,0.0,322.538,21287539,188.86,0.586,30.34,0.094,290.636,0.901,163.806,0.508,0.005,0.000
3,4294967295,310,47,clear_ops,clear_ops,dynamic,MIX_AIC,1788186428023744.375	,34.120,1.640000,20,40,NO,N/A,N/A,N/A,N/A,N/A,N/A,0,31.852,1051108,0.0,0.0,4.687,0.147,0.001,0.0,0.001,0.0,0.001,0.0,0.129,31.749,2095422,0.008,0.0,3.916,0.123,0.001,0.0,0.001,0.0,0.148,93.352
3,4294967295,311,47,sk_placeholder_kernel_dav_2201,sk_placeholder_kernel_dav_2201,dynamic,AI_VECTOR_CORE,1788186428023779.515	,0.880,0.880000,1,0,NO,N/A,N/A,N/A,N/A,N/A,N/A,N/A,0.0,0,0.0,0.0,0.0,0.0,0.0,0.0,0.0,0.0,0.0,0.0,0.0,0.318,524,0.008,0.027,0.012,0.038,0.001,0.004,0.001,0.004,0.444,0.000
3,4294967295,312,47,sk_placeholder_kernel_dav_2201,sk_placeholder_kernel_dav_2201,dynamic,AI_VECTOR_CORE,1788186428023780.415	,0.760,0.120000,1,0,NO,N/A,N/A,N/A,N/A,N/A,N/A,N/A,0.0,0,0.0,0.0,0.0,0.0,0.0,0.0,0.0,0.0,0.0,0.0,0.0,0.203,335,0.008,0.042,0.012,0.06,0.001,0.006,0.001,0.006,0.444,0.000
3,4294967295,313,47,sk_scope_kernel_end_dav_2201,sk_scope_kernel_end_dav_2201,dynamic,AI_VECTOR_CORE,1788186428023781.195	,0.840,0.000000,1,0,NO,N/A,N/A,N/A,N/A,N/A,N/A,N/A,0.0,0,0.0,0.0,0.0,0.0,0.0,0.0,0.0,0.0,0.0,0.0,0.0,0.253,417,0.008,0.034,0.015,0.058,0.001,0.005,0.001,0.005,0.5,0.000
3,4294967295,314,47,sk_scope_kernel_begin_dav_2201,sk_scope_kernel_begin_dav_2201,dynamic,AI_VECTOR_CORE,1788186428023782.055	,0.820,0.000000,1,0,NO,N/A,N/A,N/A,N/A,N/A,N/A,N/A,0.0,0,0.0,0.0,0.0,0.0,0.0,0.0,0.0,0.0,0.0,0.0,0.0,0.252,415,0.008,0.034,0.012,0.048,0.001,0.005,0.001,0.005,0.444,0.000
3,4294967295,315,47,sk_placeholder_kernel_dav_2201,sk_placeholder_kernel_dav_2201,dynamic,AI_VECTOR_CORE,1788186428023804.455	,0.820,21.680000,1,0,NO,N/A,N/A,N/A,N/A,N/A,N/A,N/A,0.0,0,0.0,0.0,0.0,0.0,0.0,0.0,0.0,0.0,0.0,0.0,0.0,0.214,353,0.008,0.04,0.012,0.057,0.001,0.006,0.001,0.006,0.444,0.000
3,4294967295,316,47,sk_placeholder_kernel_dav_2201,sk_placeholder_kernel_dav_2201,dynamic,AI_VECTOR_CORE,1788186428023837.535	,0.820,32.180000,1,0,NO,N/A,N/A,N/A,N/A,N/A,N/A,N/A,0.0,0,0.0,0.0,0.0,0.0,0.0,0.0,0.0,0.0,0.0,0.0,0.0,0.216,356,0.008,0.039,0.012,0.056,0.001,0.006,0.001,0.006,0.444,0.000
3,4294967295,317,47,aclnnGroupedMatmulV5_GroupedMatmul_GroupedMatmul,GroupedMatmul,dynamic,MIX_AIC,1788186428025551.555	,51.140,1713.180000,20,0,NO,"""9216,7168;1,7168,4096;;;;;;1""",INT8;INT8;INT32;UINT64;FLOAT;FLOAT16;FLOAT16;INT64,ND;NCL;ND;ND;ND;ND;ND;ND,"""9216,4096""",INT32,ND,0,38.707,1277332,2.905,0.075,9.112,0.235,9.372,0.242,32.161,0.831,2.46,0.064,0.023,0.0,0,0.0,0.0,0.0,0.0,0.0,0.0,0.0,0.0,0.0,75.688
3,4294967295,318,47,DequantSwigluQuant,DequantSwigluQuant,dynamic,AI_VECTOR_CORE,1788186428025709.575	,8.980,106.860000,36,0,NO,"""9216,4096;1,4096;9216;;1,2048;;1""",INT32;FLOAT;FLOAT;DT_UNDEFINED;FLOAT;DT_UNDEFINED;INT64,ND;ND;ND;NULL;ND;NULL;ND,"""9216,2048;9216""",INT8;FLOAT,ND;ND,N/A,0.0,0,0.0,0.0,0.0,0.0,0.0,0.0,0.0,0.0,0.0,0.0,0.0,5.179,307617,0.057,0.011,1.875,0.362,0.641,0.124,0.005,0.001,0.185,0.000
3,4294967295,319,47,aclnnGroupedMatmulV5_GroupedMatmul_GroupedMatmul,GroupedMatmul,dynamic,MIX_AIC,1788186428027537.955	,42.340,1819.520000,20,20,NO,"""9216,2048;1,2048,7168;;1,7168;;;;1;9216""",INT8;INT8;INT32;DT_BF16;FLOAT;FLOAT16;FLOAT16;INT64;FLOAT,ND;NCL;ND;ND;ND;ND;ND;ND;ND,"""9216,7168""",DT_BF16,ND,0,31.013,1023419,1.453,0.047,14.741,0.475,4.689,0.151,18.457,0.595,4.547,0.147,0.038,30.706,1013284,0.195,0.006,5.34,0.174,2.673,0.087,0.183,0.006,0.127,73.247
3,4294967295,320,47,aclnnDynamicQuantV2_DynamicQuant_DynamicQuant,DynamicQuant,dynamic,AI_VECTOR_CORE,1788186428028212.255	,330.240,631.910000,40,0,NO,"""9216,7168""",DT_BF16,ND,"""9216,7168;9216""",INT8;FLOAT,ND;ND,N/A,0.0,0,0.0,0.0,0.0,0.0,0.0,0.0,0.0,0.0,0.0,0.0,0.0,325.683,21495051,188.865,0.58,30.185,0.093,291.867,0.896,163.972,0.503,0.005,0.000
3,4294967295,321,47,clear_ops,clear_ops,dynamic,MIX_AIC,1788186428028544.015	,34.760,1.510000,20,40,NO,N/A,N/A,N/A,N/A,N/A,N/A,0,32.481,1071873,0.0,0.0,4.58,0.141,0.001,0.0,0.001,0.0,0.001,0.0,0.126,32.381,2137162,0.008,0.0,3.973,0.123,0.001,0.0,0.001,0.0,0.148,93.444
3,4294967295,322,47,sk_placeholder_kernel_dav_2201,sk_placeholder_kernel_dav_2201,dynamic,AI_VECTOR_CORE,1788186428028579.775	,0.820,0.990000,1,0,NO,N/A,N/A,N/A,N/A,N/A,N/A,N/A,0.0,0,0.0,0.0,0.0,0.0,0.0,0.0,0.0,0.0,0.0,0.0,0.0,0.302,498,0.008,0.028,0.012,0.04,0.001,0.004,0.001,0.004,0.444,0.000
3,4294967295,323,47,sk_placeholder_kernel_dav_2201,sk_placeholder_kernel_dav_2201,dynamic,AI_VECTOR_CORE,1788186428028580.635	,0.700,0.180000,1,0,NO,N/A,N/A,N/A,N/A,N/A,N/A,N/A,0.0,0,0.0,0.0,0.0,0.0,0.0,0.0,0.0,0.0,0.0,0.0,0.0,0.187,309,0.008,0.045,0.012,0.065,0.001,0.006,0.001,0.006,0.444,0.000
3,4294967295,324,47,sk_scope_kernel_end_dav_2201,sk_scope_kernel_end_dav_2201,dynamic,AI_VECTOR_CORE,1788186428028581.355	,0.780,0.000000,1,0,NO,N/A,N/A,N/A,N/A,N/A,N/A,N/A,0.0,0,0.0,0.0,0.0,0.0,0.0,0.0,0.0,0.0,0.0,0.0,0.0,0.225,372,0.008,0.038,0.015,0.065,0.001,0.005,0.001,0.005,0.5,0.000
3,4294967295,325,47,sk_scope_kernel_begin_dav_2201,sk_scope_kernel_begin_dav_2201,dynamic,AI_VECTOR_CORE,1788186428028582.155	,0.760,0.220000,1,0,NO,N/A,N/A,N/A,N/A,N/A,N/A,N/A,0.0,0,0.0,0.0,0.0,0.0,0.0,0.0,0.0,0.0,0.0,0.0,0.0,0.226,373,0.008,0.038,0.012,0.054,0.001,0.005,0.001,0.005,0.444,0.000
3,4294967295,326,47,sk_placeholder_kernel_dav_2201,sk_placeholder_kernel_dav_2201,dynamic,AI_VECTOR_CORE,1788186428028608.095	,0.700,24.990000,1,0,NO,N/A,N/A,N/A,N/A,N/A,N/A,N/A,0.0,0,0.0,0.0,0.0,0.0,0.0,0.0,0.0,0.0,0.0,0.0,0.0,0.205,339,0.008,0.041,0.012,0.059,0.001,0.006,0.001,0.006,0.444,0.000
3,4294967295,327,47,sk_placeholder_kernel_dav_2201,sk_placeholder_kernel_dav_2201,dynamic,AI_VECTOR_CORE,1788186428028662.915	,0.700,54.300000,1,0,NO,N/A,N/A,N/A,N/A,N/A,N/A,N/A,0.0,0,0.0,0.0,0.0,0.0,0.0,0.0,0.0,0.0,0.0,0.0,0.0,0.207,341,0.008,0.041,0.012,0.059,0.001,0.006,0.001,0.006,0.444,0.000
3,4294967295,328,47,aclnnGroupedMatmulV5_GroupedMatmul_GroupedMatmul,GroupedMatmul,dynamic,MIX_AIC,1788186428030292.255	,51.280,1628.550000,20,0,NO,"""9216,7168;1,7168,4096;;;;;;1""",INT8;INT8;INT32;UINT64;FLOAT;FLOAT16;FLOAT16;INT64,ND;NCL;ND;ND;ND;ND;ND;ND,"""9216,4096""",INT32,ND,0,38.37,1266208,2.905,0.076,9.557,0.249,9.378,0.244,31.733,0.827,2.481,0.065,0.022,0.0,0,0.0,0.0,0.0,0.0,0.0,0.0,0.0,0.0,0.0,74.824
3,4294967295,329,47,DequantSwigluQuant,DequantSwigluQuant,dynamic,AI_VECTOR_CORE,1788186428030453.835	,8.720,110.220000,36,0,NO,"""9216,4096;1,4096;9216;;1,2048;;1""",INT32;FLOAT;FLOAT;DT_UNDEFINED;FLOAT;DT_UNDEFINED;INT64,ND;ND;ND;NULL;ND;NULL;ND,"""9216,2048;9216""",INT8;FLOAT,ND;ND,N/A,0.0,0,0.0,0.0,0.0,0.0,0.0,0.0,0.0,0.0,0.0,0.0,0.0,5.15,305901,0.057,0.011,1.721,0.334,0.626,0.122,0.005,0.001,0.185,0.000
3,4294967295,330,47,aclnnGroupedMatmulV5_GroupedMatmul_GroupedMatmul,GroupedMatmul,dynamic,MIX_AIC,1788186428032273.535	,41.680,1811.030000,20,20,NO,"""9216,2048;1,2048,7168;;1,7168;;;;1;9216""",INT8;INT8;INT32;DT_BF16;FLOAT;FLOAT16;FLOAT16;INT64;FLOAT,ND;NCL;ND;ND;ND;ND;ND;ND;ND,"""9216,7168""",DT_BF16,ND,0,31.118,1026908,1.453,0.047,14.291,0.459,4.691,0.151,18.929,0.608,4.738,0.152,0.037,30.813,1016813,0.2,0.006,5.346,0.173,2.563,0.083,0.181,0.006,0.128,74.660
3,4294967295,331,47,aclnnDynamicQuantV2_DynamicQuant_DynamicQuant,DynamicQuant,dynamic,AI_VECTOR_CORE,1788186428032946.875	,327.020,631.820000,40,0,NO,"""9216,7168""",DT_BF16,ND,"""9216,7168;9216""",INT8;FLOAT,ND;ND,N/A,0.0,0,0.0,0.0,0.0,0.0,0.0,0.0,0.0,0.0,0.0,0.0,0.0,321.886,21244489,188.865,0.587,30.581,0.095,291.661,0.906,164.15,0.51,0.005,0.000
3,4294967295,332,47,clear_ops,clear_ops,dynamic,MIX_AIC,1788186428033275.455	,33.180,1.480000,20,40,NO,N/A,N/A,N/A,N/A,N/A,N/A,0,30.912,1020088,0.0,0.0,4.65,0.15,0.001,0.0,0.001,0.0,0.001,0.0,0.127,30.808,2033360,0.008,0.0,4.028,0.131,0.001,0.0,0.001,0.0,0.147,93.164
3,4294967295,333,47,sk_placeholder_kernel_dav_2201,sk_placeholder_kernel_dav_2201,dynamic,AI_VECTOR_CORE,1788186428033309.395	,0.920,0.820000,1,0,NO,N/A,N/A,N/A,N/A,N/A,N/A,N/A,0.0,0,0.0,0.0,0.0,0.0,0.0,0.0,0.0,0.0,0.0,0.0,0.0,0.327,539,0.008,0.026,0.012,0.037,0.001,0.004,0.001,0.004,0.444,0.000
3,4294967295,334,47,sk_placeholder_kernel_dav_2201,sk_placeholder_kernel_dav_2201,dynamic,AI_VECTOR_CORE,1788186428033310.335	,0.800,0.000000,1,0,NO,N/A,N/A,N/A,N/A,N/A,N/A,N/A,0.0,0,0.0,0.0,0.0,0.0,0.0,0.0,0.0,0.0,0.0,0.0,0.0,0.215,354,0.008,0.04,0.012,0.056,0.001,0.006,0.001,0.006,0.444,0.000
3,4294967295,335,47,sk_scope_kernel_end_dav_2201,sk_scope_kernel_end_dav_2201,dynamic,AI_VECTOR_CORE,1788186428033311.155	,0.740,0.200000,1,0,NO,N/A,N/A,N/A,N/A,N/A,N/A,N/A,0.0,0,0.0,0.0,0.0,0.0,0.0,0.0,0.0,0.0,0.0,0.0,0.0,0.245,404,0.008,0.035,0.015,0.059,0.001,0.005,0.001,0.005,0.5,0.000
3,4294967295,336,47,sk_scope_kernel_begin_dav_2201,sk_scope_kernel_begin_dav_2201,dynamic,AI_VECTOR_CORE,1788186428033344.035	,0.720,32.010000,1,0,NO,N/A,N/A,N/A,N/A,N/A,N/A,N/A,0.0,0,0.0,0.0,0.0,0.0,0.0,0.0,0.0,0.0,0.0,0.0,0.0,0.246,406,0.008,0.034,0.012,0.049,0.001,0.005,0.001,0.005,0.444,0.000
3,4294967295,337,47,sk_placeholder_kernel_dav_2201,sk_placeholder_kernel_dav_2201,dynamic,AI_VECTOR_CORE,1788186428033382.075	,0.760,37.280000,1,0,NO,N/A,N/A,N/A,N/A,N/A,N/A,N/A,0.0,0,0.0,0.0,0.0,0.0,0.0,0.0,0.0,0.0,0.0,0.0,0.0,0.182,300,0.008,0.047,0.012,0.067,0.001,0.007,0.001,0.007,0.444,0.000
3,4294967295,338,47,sk_placeholder_kernel_dav_2201,sk_placeholder_kernel_dav_2201,dynamic,AI_VECTOR_CORE,1788186428033426.795	,0.680,43.990000,1,0,NO,N/A,N/A,N/A,N/A,N/A,N/A,N/A,0.0,0,0.0,0.0,0.0,0.0,0.0,0.0,0.0,0.0,0.0,0.0,0.0,0.181,298,0.008,0.047,0.012,0.067,0.001,0.007,0.001,0.007,0.444,0.000
3,4294967295,339,47,aclnnGroupedMatmulV5_GroupedMatmul_GroupedMatmul,GroupedMatmul,dynamic,MIX_AIC,1788186428035067.855	,48.760,1640.320000,20,0,NO,"""9216,7168;1,7168,4096;;;;;;1""",INT8;INT8;INT32;UINT64;FLOAT;FLOAT16;FLOAT16;INT64,ND;NCL;ND;ND;ND;ND;ND;ND,"""9216,4096""",INT32,ND,0,37.735,1245254,2.905,0.077,9.226,0.244,9.379,0.249,31.523,0.835,2.421,0.064,0.023,0.0,0,0.0,0.0,0.0,0.0,0.0,0.0,0.0,0.0,0.0,77.389
3,4294967295,340,47,DequantSwigluQuant,DequantSwigluQuant,dynamic,AI_VECTOR_CORE,1788186428035239.835	,8.600,123.240000,36,0,NO,"""9216,4096;1,4096;9216;;1,2048;;1""",INT32;FLOAT;FLOAT;DT_UNDEFINED;FLOAT;DT_UNDEFINED;INT64,ND;ND;ND;NULL;ND;NULL;ND,"""9216,2048;9216""",INT8;FLOAT,ND;ND,N/A,0.0,0,0.0,0.0,0.0,0.0,0.0,0.0,0.0,0.0,0.0,0.0,0.0,5.192,308419,0.057,0.011,1.757,0.338,0.58,0.112,0.01,0.002,0.187,0.000
3,4294967295,341,47,aclnnGroupedMatmulV5_GroupedMatmul_GroupedMatmul,GroupedMatmul,dynamic,MIX_AIC,1788186428037060.695	,41.460,1812.400000,20,20,NO,"""9216,2048;1,2048,7168;;1,7168;;;;1;9216""",INT8;INT8;INT32;DT_BF16;FLOAT;FLOAT16;FLOAT16;INT64;FLOAT,ND;NCL;ND;ND;ND;ND;ND;ND;ND,"""9216,7168""",DT_BF16,ND,0,31.666,1044991,1.453,0.046,14.814,0.468,4.689,0.148,18.696,0.59,4.742,0.15,0.038,31.334,1034015,0.195,0.006,5.126,0.164,2.48,0.079,0.174,0.006,0.128,76.378
3,4294967295,342,47,aclnnDynamicQuantV2_DynamicQuant_DynamicQuant,DynamicQuant,dynamic,AI_VECTOR_CORE,1788186428037764.175	,328.580,662.040000,40,0,NO,"""9216,7168""",DT_BF16,ND,"""9216,7168;9216""",INT8;FLOAT,ND;ND,N/A,0.0,0,0.0,0.0,0.0,0.0,0.0,0.0,0.0,0.0,0.0,0.0,0.0,322.872,21309526,188.861,0.585,30.155,0.093,290.529,0.9,160.473,0.497,0.005,0.000
3,4294967295,343,47,clear_ops,clear_ops,dynamic,MIX_AIC,1788186428038094.215	,33.560,1.420000,20,40,NO,N/A,N/A,N/A,N/A,N/A,N/A,0,31.303,1033010,0.0,0.0,4.575,0.146,0.001,0.0,0.001,0.0,0.001,0.0,0.127,31.203,2059390,0.008,0.0,4.02,0.129,0.001,0.0,0.001,0.0,0.147,93.276
3,4294967295,344,47,sk_placeholder_kernel_dav_2201,sk_placeholder_kernel_dav_2201,dynamic,AI_VECTOR_CORE,1788186428038128.755	,0.900,0.940000,1,0,NO,N/A,N/A,N/A,N/A,N/A,N/A,N/A,0.0,0,0.0,0.0,0.0,0.0,0.0,0.0,0.0,0.0,0.0,0.0,0.0,0.402,664,0.008,0.021,0.012,0.03,0.001,0.003,0.001,0.003,0.444,0.000
3,4294967295,345,47,sk_placeholder_kernel_dav_2201,sk_placeholder_kernel_dav_2201,dynamic,AI_VECTOR_CORE,1788186428038129.675	,0.700,0.100000,1,0,NO,N/A,N/A,N/A,N/A,N/A,N/A,N/A,0.0,0,0.0,0.0,0.0,0.0,0.0,0.0,0.0,0.0,0.0,0.0,0.0,0.207,342,0.008,0.041,0.012,0.058,0.001,0.006,0.001,0.006,0.444,0.000
3,4294967295,346,47,sk_scope_kernel_end_dav_2201,sk_scope_kernel_end_dav_2201,dynamic,AI_VECTOR_CORE,1788186428038130.395	,0.760,0.050000,1,0,NO,N/A,N/A,N/A,N/A,N/A,N/A,N/A,0.0,0,0.0,0.0,0.0,0.0,0.0,0.0,0.0,0.0,0.0,0.0,0.0,0.233,384,0.008,0.036,0.015,0.063,0.001,0.005,0.001,0.005,0.5,0.000
3,4294967295,347,47,sk_scope_kernel_begin_dav_2201,sk_scope_kernel_begin_dav_2201,dynamic,AI_VECTOR_CORE,1788186428038152.015	,0.740,20.740000,1,0,NO,N/A,N/A,N/A,N/A,N/A,N/A,N/A,0.0,0,0.0,0.0,0.0,0.0,0.0,0.0,0.0,0.0,0.0,0.0,0.0,0.234,386,0.008,0.036,0.012,0.052,0.001,0.005,0.001,0.005,0.444,0.000
3,4294967295,348,47,sk_placeholder_kernel_dav_2201,sk_placeholder_kernel_dav_2201,dynamic,AI_VECTOR_CORE,1788186428038183.515	,0.760,30.760000,1,0,NO,N/A,N/A,N/A,N/A,N/A,N/A,N/A,0.0,0,0.0,0.0,0.0,0.0,0.0,0.0,0.0,0.0,0.0,0.0,0.0,0.202,334,0.008,0.042,0.012,0.06,0.001,0.006,0.001,0.006,0.444,0.000
3,4294967295,349,47,sk_placeholder_kernel_dav_2201,sk_placeholder_kernel_dav_2201,dynamic,AI_VECTOR_CORE,1788186428038233.255	,0.760,48.990000,1,0,NO,N/A,N/A,N/A,N/A,N/A,N/A,N/A,0.0,0,0.0,0.0,0.0,0.0,0.0,0.0,0.0,0.0,0.0,0.0,0.0,0.2,330,0.008,0.042,0.012,0.061,0.001,0.006,0.001,0.006,0.444,0.000
3,4294967295,350,47,aclnnGroupedMatmulV5_GroupedMatmul_GroupedMatmul,GroupedMatmul,dynamic,MIX_AIC,1788186428039838.395	,49.820,1604.490000,20,0,NO,"""9216,7168;1,7168,4096;;;;;;1""",INT8;INT8;INT32;UINT64;FLOAT;FLOAT16;FLOAT16;INT64,ND;NCL;ND;ND;ND;ND;ND;ND,"""9216,4096""",INT32,ND,0,37.555,1239304,2.905,0.077,8.946,0.238,9.38,0.25,31.412,0.836,2.404,0.064,0.023,0.0,0,0.0,0.0,0.0,0.0,0.0,0.0,0.0,0.0,0.0,75.381
3,4294967295,351,47,DequantSwigluQuant,DequantSwigluQuant,dynamic,AI_VECTOR_CORE,1788186428040009.415	,8.540,121.180000,36,0,NO,"""9216,4096;1,4096;9216;;1,2048;;1""",INT32;FLOAT;FLOAT;DT_UNDEFINED;FLOAT;DT_UNDEFINED;INT64,ND;ND;ND;NULL;ND;NULL;ND,"""9216,2048;9216""",INT8;FLOAT,ND;ND,N/A,0.0,0,0.0,0.0,0.0,0.0,0.0,0.0,0.0,0.0,0.0,0.0,0.0,5.048,299851,0.057,0.011,1.562,0.309,0.51,0.101,0.005,0.001,0.188,0.000
3,4294967295,352,47,aclnnGroupedMatmulV5_GroupedMatmul_GroupedMatmul,GroupedMatmul,dynamic,MIX_AIC,1788186428041832.435	,41.700,1814.460000,20,20,NO,"""9216,2048;1,2048,7168;;1,7168;;;;1;9216""",INT8;INT8;INT32;DT_BF16;FLOAT;FLOAT16;FLOAT16;INT64;FLOAT,ND;NCL;ND;ND;ND;ND;ND;ND;ND,"""9216,7168""",DT_BF16,ND,0,30.452,1004927,1.453,0.048,12.615,0.414,4.686,0.154,18.447,0.606,4.452,0.146,0.041,30.165,995430,0.205,0.007,4.148,0.138,1.874,0.062,0.184,0.006,0.128,73.027
3,4294967295,353,47,aclnnDynamicQuantV2_DynamicQuant_DynamicQuant,DynamicQuant,dynamic,AI_VECTOR_CORE,1788186428042501.735	,327.880,627.550000,40,0,NO,"""9216,7168""",DT_BF16,ND,"""9216,7168;9216""",INT8;FLOAT,ND;ND,N/A,0.0,0,0.0,0.0,0.0,0.0,0.0,0.0,0.0,0.0,0.0,0.0,0.0,323.476,21349433,188.866,0.584,30.274,0.094,291.424,0.901,154.146,0.477,0.005,0.000
3,4294967295,354,47,clear_ops,clear_ops,dynamic,MIX_AIC,1788186428042831.215	,34.920,1.620000,20,40,NO,N/A,N/A,N/A,N/A,N/A,N/A,0,32.698,1079044,0.0,0.0,4.501,0.138,0.001,0.0,0.001,0.0,0.001,0.0,0.128,32.596,2151322,0.008,0.0,3.852,0.118,0.001,0.0,0.001,0.0,0.148,93.638
3,4294967295,355,47,sk_placeholder_kernel_dav_2201,sk_placeholder_kernel_dav_2201,dynamic,AI_VECTOR_CORE,1788186428042866.955	,0.800,0.830000,1,0,NO,N/A,N/A,N/A,N/A,N/A,N/A,N/A,0.0,0,0.0,0.0,0.0,0.0,0.0,0.0,0.0,0.0,0.0,0.0,0.0,0.296,488,0.008,0.029,0.012,0.041,0.001,0.004,0.001,0.004,0.444,0.000
3,4294967295,356,47,sk_placeholder_kernel_dav_2201,sk_placeholder_kernel_dav_2201,dynamic,AI_VECTOR_CORE,1788186428042867.775	,0.700,0.000000,1,0,NO,N/A,N/A,N/A,N/A,N/A,N/A,N/A,0.0,0,0.0,0.0,0.0,0.0,0.0,0.0,0.0,0.0,0.0,0.0,0.0,0.182,301,0.008,0.047,0.012,0.066,0.001,0.007,0.001,0.007,0.444,0.000
3,4294967295,357,47,sk_scope_kernel_end_dav_2201,sk_scope_kernel_end_dav_2201,dynamic,AI_VECTOR_CORE,1788186428042868.495	,0.760,0.050000,1,0,NO,N/A,N/A,N/A,N/A,N/A,N/A,N/A,0.0,0,0.0,0.0,0.0,0.0,0.0,0.0,0.0,0.0,0.0,0.0,0.0,0.226,373,0.008,0.038,0.015,0.064,0.001,0.005,0.001,0.005,0.5,0.000
3,4294967295,358,47,sk_scope_kernel_begin_dav_2201,sk_scope_kernel_begin_dav_2201,dynamic,AI_VECTOR_CORE,1788186428042883.315	,0.780,13.990000,1,0,NO,N/A,N/A,N/A,N/A,N/A,N/A,N/A,0.0,0,0.0,0.0,0.0,0.0,0.0,0.0,0.0,0.0,0.0,0.0,0.0,0.229,378,0.008,0.037,0.012,0.053,0.001,0.005,0.001,0.005,0.444,0.000
3,4294967295,359,47,sk_placeholder_kernel_dav_2201,sk_placeholder_kernel_dav_2201,dynamic,AI_VECTOR_CORE,1788186428042928.535	,0.720,44.470000,1,0,NO,N/A,N/A,N/A,N/A,N/A,N/A,N/A,0.0,0,0.0,0.0,0.0,0.0,0.0,0.0,0.0,0.0,0.0,0.0,0.0,0.176,291,0.008,0.048,0.012,0.069,0.001,0.007,0.001,0.007,0.444,0.000
3,4294967295,360,47,sk_placeholder_kernel_dav_2201,sk_placeholder_kernel_dav_2201,dynamic,AI_VECTOR_CORE,1788186428042962.575	,0.740,33.280000,1,0,NO,N/A,N/A,N/A,N/A,N/A,N/A,N/A,0.0,0,0.0,0.0,0.0,0.0,0.0,0.0,0.0,0.0,0.0,0.0,0.0,0.176,291,0.008,0.048,0.012,0.069,0.001,0.007,0.001,0.007,0.444,0.000
3,4294967295,361,47,aclnnGroupedMatmulV5_GroupedMatmul_GroupedMatmul,GroupedMatmul,dynamic,MIX_AIC,1788186428044606.455	,49.440,1643.260000,20,0,NO,"""9216,7168;1,7168,4096;;;;;;1""",INT8;INT8;INT32;UINT64;FLOAT;FLOAT16;FLOAT16;INT64,ND;NCL;ND;ND;ND;ND;ND;ND,"""9216,4096""",INT32,ND,0,37.476,1236712,2.905,0.078,8.828,0.236,9.374,0.25,31.396,0.838,2.45,0.065,0.022,0.0,0,0.0,0.0,0.0,0.0,0.0,0.0,0.0,0.0,0.0,75.801
3,4294967295,362,47,DequantSwigluQuant,DequantSwigluQuant,dynamic,AI_VECTOR_CORE,1788186428044768.375	,13.340,112.560000,36,0,NO,"""9216,4096;1,4096;9216;;1,2048;;1""",INT32;FLOAT;FLOAT;DT_UNDEFINED;FLOAT;DT_UNDEFINED;INT64,ND;ND;ND;NULL;ND;NULL;ND,"""9216,2048;9216""",INT8;FLOAT,ND;ND,N/A,0.0,0,0.0,0.0,0.0,0.0,0.0,0.0,0.0,0.0,0.0,0.0,0.0,10.032,595888,0.057,0.006,4.463,0.445,2.048,0.204,0.005,0.001,0.185,0.000
3,4294967295,363,47,aclnnGroupedMatmulV5_GroupedMatmul_GroupedMatmul,GroupedMatmul,dynamic,MIX_AIC,1788186428046596.835	,41.900,1814.910000,20,20,NO,"""9216,2048;1,2048,7168;;1,7168;;;;1;9216""",INT8;INT8;INT32;DT_BF16;FLOAT;FLOAT16;FLOAT16;INT64;FLOAT,ND;NCL;ND;ND;ND;ND;ND;ND;ND,"""9216,7168""",DT_BF16,ND,0,30.951,1021378,1.453,0.047,13.447,0.434,4.693,0.152,18.911,0.611,4.628,0.15,0.039,30.616,1010313,0.196,0.006,5.014,0.164,2.154,0.07,0.185,0.006,0.127,73.868
3,4294967295,364,47,aclnnDynamicQuantV2_DynamicQuant_DynamicQuant,DynamicQuant,dynamic,AI_VECTOR_CORE,1788186428047270.175	,327.700,631.600000,40,0,NO,"""9216,7168""",DT_BF16,ND,"""9216,7168;9216""",INT8;FLOAT,ND;ND,N/A,0.0,0,0.0,0.0,0.0,0.0,0.0,0.0,0.0,0.0,0.0,0.0,0.0,323.041,21320717,188.865,0.585,30.606,0.095,292.796,0.906,170.289,0.527,0.005,0.000
3,4294967295,365,47,clear_ops,clear_ops,dynamic,MIX_AIC,1788186428047599.115	,34.600,1.050000,20,40,NO,N/A,N/A,N/A,N/A,N/A,N/A,0,32.329,1066864,0.0,0.0,4.558,0.141,0.001,0.0,0.001,0.0,0.001,0.0,0.127,32.227,2126998,0.008,0.0,3.847,0.119,0.001,0.0,0.001,0.0,0.148,93.437
3,4294967295,366,47,sk_placeholder_kernel_dav_2201,sk_placeholder_kernel_dav_2201,dynamic,AI_VECTOR_CORE,1788186428047634.895	,0.880,1.400000,1,0,NO,N/A,N/A,N/A,N/A,N/A,N/A,N/A,0.0,0,0.0,0.0,0.0,0.0,0.0,0.0,0.0,0.0,0.0,0.0,0.0,0.315,519,0.008,0.027,0.012,0.039,0.001,0.004,0.001,0.004,0.444,0.000
3,4294967295,367,47,sk_placeholder_kernel_dav_2201,sk_placeholder_kernel_dav_2201,dynamic,AI_VECTOR_CORE,1788186428047635.815	,0.760,0.000000,1,0,NO,N/A,N/A,N/A,N/A,N/A,N/A,N/A,0.0,0,0.0,0.0,0.0,0.0,0.0,0.0,0.0,0.0,0.0,0.0,0.0,0.201,331,0.008,0.042,0.012,0.06,0.001,0.006,0.001,0.006,0.444,0.000
3,4294967295,368,47,sk_scope_kernel_end_dav_2201,sk_scope_kernel_end_dav_2201,dynamic,AI_VECTOR_CORE,1788186428047636.595	,0.840,0.000000,1,0,NO,N/A,N/A,N/A,N/A,N/A,N/A,N/A,0.0,0,0.0,0.0,0.0,0.0,0.0,0.0,0.0,0.0,0.0,0.0,0.0,0.241,398,0.008,0.035,0.015,0.06,0.001,0.005,0.001,0.005,0.5,0.000
3,4294967295,369,47,sk_scope_kernel_begin_dav_2201,sk_scope_kernel_begin_dav_2201,dynamic,AI_VECTOR_CORE,1788186428047643.515	,0.840,6.160000,1,0,NO,N/A,N/A,N/A,N/A,N/A,N/A,N/A,0.0,0,0.0,0.0,0.0,0.0,0.0,0.0,0.0,0.0,0.0,0.0,0.0,0.24,396,0.008,0.035,0.012,0.051,0.001,0.005,0.001,0.005,0.444,0.000
3,4294967295,370,47,sk_placeholder_kernel_dav_2201,sk_placeholder_kernel_dav_2201,dynamic,AI_VECTOR_CORE,1788186428047683.455	,0.740,39.160000,1,0,NO,N/A,N/A,N/A,N/A,N/A,N/A,N/A,0.0,0,0.0,0.0,0.0,0.0,0.0,0.0,0.0,0.0,0.0,0.0,0.0,0.216,357,0.008,0.039,0.012,0.056,0.001,0.006,0.001,0.006,0.444,0.000
3,4294967295,371,47,sk_placeholder_kernel_dav_2201,sk_placeholder_kernel_dav_2201,dynamic,AI_VECTOR_CORE,1788186428047737.115	,0.740,52.760000,1,0,NO,N/A,N/A,N/A,N/A,N/A,N/A,N/A,0.0,0,0.0,0.0,0.0,0.0,0.0,0.0,0.0,0.0,0.0,0.0,0.0,0.215,354,0.008,0.04,0.012,0.056,0.001,0.006,0.001,0.006,0.444,0.000
3,4294967295,372,47,aclnnGroupedMatmulV5_GroupedMatmul_GroupedMatmul,GroupedMatmul,dynamic,MIX_AIC,1788186428049361.255	,52.460,1623.510000,20,0,NO,"""9216,7168;1,7168,4096;;;;;;1""",INT8;INT8;INT32;UINT64;FLOAT;FLOAT16;FLOAT16;INT64,ND;NCL;ND;ND;ND;ND;ND;ND,"""9216,4096""",INT32,ND,0,40.364,1332016,2.905,0.072,11.4,0.282,9.379,0.232,31.863,0.789,2.46,0.061,0.019,0.0,0,0.0,0.0,0.0,0.0,0.0,0.0,0.0,0.0,0.0,76.943
3,4294967295,373,47,DequantSwigluQuant,DequantSwigluQuant,dynamic,AI_VECTOR_CORE,1788186428049526.175	,8.200,112.540000,36,0,NO,"""9216,4096;1,4096;9216;;1,2048;;1""",INT32;FLOAT;FLOAT;DT_UNDEFINED;FLOAT;DT_UNDEFINED;INT64,ND;ND;ND;NULL;ND;NULL;ND,"""9216,2048;9216""",INT8;FLOAT,ND;ND,N/A,0.0,0,0.0,0.0,0.0,0.0,0.0,0.0,0.0,0.0,0.0,0.0,0.0,4.837,287345,0.057,0.012,1.425,0.295,0.393,0.081,0.009,0.002,0.184,0.000
3,4294967295,374,47,aclnnGroupedMatmulV5_GroupedMatmul_GroupedMatmul,GroupedMatmul,dynamic,MIX_AIC,1788186428051345.995	,41.000,1811.550000,20,20,NO,"""9216,2048;1,2048,7168;;1,7168;;;;1;9216""",INT8;INT8;INT32;DT_BF16;FLOAT;FLOAT16;FLOAT16;INT64;FLOAT,ND;NCL;ND;ND;ND;ND;ND;ND;ND,"""9216,7168""",DT_BF16,ND,0,30.274,999029,1.453,0.048,13.196,0.436,4.687,0.155,18.73,0.619,4.565,0.151,0.041,29.992,989750,0.206,0.007,4.026,0.134,2.113,0.07,0.179,0.006,0.127,73.838
3,4294967295,375,47,aclnnDynamicQuantV2_DynamicQuant_DynamicQuant,DynamicQuant,dynamic,AI_VECTOR_CORE,1788186428052057.575	,333.600,670.500000,40,0,NO,"""9216,7168""",DT_BF16,ND,"""9216,7168;9216""",INT8;FLOAT,ND;ND,N/A,0.0,0,0.0,0.0,0.0,0.0,0.0,0.0,0.0,0.0,0.0,0.0,0.0,327.702,21628330,188.864,0.576,30.357,0.093,293.613,0.896,168.345,0.514,0.005,0.000
3,4294967295,376,47,clear_ops,clear_ops,dynamic,MIX_AIC,1788186428052392.735	,35.100,1.650000,20,40,NO,N/A,N/A,N/A,N/A,N/A,N/A,0,32.863,1084483,0.0,0.0,4.639,0.141,0.001,0.0,0.001,0.0,0.001,0.0,0.127,32.764,2162391,0.008,0.0,3.954,0.121,0.001,0.0,0.001,0.0,0.148,93.627
3,4294967295,377,47,sk_placeholder_kernel_dav_2201,sk_placeholder_kernel_dav_2201,dynamic,AI_VECTOR_CORE,1788186428052429.095	,0.820,1.150000,1,0,NO,N/A,N/A,N/A,N/A,N/A,N/A,N/A,0.0,0,0.0,0.0,0.0,0.0,0.0,0.0,0.0,0.0,0.0,0.0,0.0,0.292,481,0.008,0.029,0.012,0.042,0.001,0.004,0.001,0.004,0.444,0.000
3,4294967295,378,47,sk_placeholder_kernel_dav_2201,sk_placeholder_kernel_dav_2201,dynamic,AI_VECTOR_CORE,1788186428052429.935	,0.720,0.180000,1,0,NO,N/A,N/A,N/A,N/A,N/A,N/A,N/A,0.0,0,0.0,0.0,0.0,0.0,0.0,0.0,0.0,0.0,0.0,0.0,0.0,0.176,291,0.008,0.048,0.012,0.069,0.001,0.007,0.001,0.007,0.444,0.000
3,4294967295,379,47,sk_scope_kernel_end_dav_2201,sk_scope_kernel_end_dav_2201,dynamic,AI_VECTOR_CORE,1788186428052430.675	,0.780,0.030000,1,0,NO,N/A,N/A,N/A,N/A,N/A,N/A,N/A,0.0,0,0.0,0.0,0.0,0.0,0.0,0.0,0.0,0.0,0.0,0.0,0.0,0.225,372,0.008,0.038,0.015,0.065,0.001,0.005,0.001,0.005,0.5,0.000
3,4294967295,380,47,sk_scope_kernel_begin_dav_2201,sk_scope_kernel_begin_dav_2201,dynamic,AI_VECTOR_CORE,1788186428052431.495	,0.780,0.000000,1,0,NO,N/A,N/A,N/A,N/A,N/A,N/A,N/A,0.0,0,0.0,0.0,0.0,0.0,0.0,0.0,0.0,0.0,0.0,0.0,0.0,0.227,374,0.008,0.037,0.012,0.053,0.001,0.005,0.001,0.005,0.444,0.000
3,4294967295,381,47,sk_placeholder_kernel_dav_2201,sk_placeholder_kernel_dav_2201,dynamic,AI_VECTOR_CORE,1788186428052459.035	,0.760,26.720000,1,0,NO,N/A,N/A,N/A,N/A,N/A,N/A,N/A,0.0,0,0.0,0.0,0.0,0.0,0.0,0.0,0.0,0.0,0.0,0.0,0.0,0.185,306,0.008,0.046,0.012,0.065,0.001,0.007,0.001,0.007,0.444,0.000
3,4294967295,382,47,sk_placeholder_kernel_dav_2201,sk_placeholder_kernel_dav_2201,dynamic,AI_VECTOR_CORE,1788186428052506.135	,0.780,46.490000,1,0,NO,N/A,N/A,N/A,N/A,N/A,N/A,N/A,0.0,0,0.0,0.0,0.0,0.0,0.0,0.0,0.0,0.0,0.0,0.0,0.0,0.187,308,0.008,0.045,0.012,0.065,0.001,0.006,0.001,0.006,0.444,0.000
3,4294967295,383,47,aclnnGroupedMatmulV5_GroupedMatmul_GroupedMatmul,GroupedMatmul,dynamic,MIX_AIC,1788186428054157.035	,50.580,1649.970000,20,0,NO,"""9216,7168;1,7168,4096;;;;;;1""",INT8;INT8;INT32;UINT64;FLOAT;FLOAT16;FLOAT16;INT64,ND;NCL;ND;ND;ND;ND;ND;ND,"""9216,4096""",INT32,ND,0,38.777,1279648,2.905,0.075,9.128,0.235,9.379,0.242,32.646,0.842,2.458,0.063,0.023,0.0,0,0.0,0.0,0.0,0.0,0.0,0.0,0.0,0.0,0.0,76.665
3,4294967295,384,47,DequantSwigluQuant,DequantSwigluQuant,dynamic,AI_VECTOR_CORE,1788186428054324.815	,8.680,117.170000,36,0,NO,"""9216,4096;1,4096;9216;;1,2048;;1""",INT32;FLOAT;FLOAT;DT_UNDEFINED;FLOAT;DT_UNDEFINED;INT64,ND;ND;ND;NULL;ND;NULL;ND,"""9216,2048;9216""",INT8;FLOAT,ND;ND,N/A,0.0,0,0.0,0.0,0.0,0.0,0.0,0.0,0.0,0.0,0.0,0.0,0.0,5.151,305973,0.057,0.011,1.87,0.363,0.653,0.127,0.005,0.001,0.185,0.000
3,4294967295,385,47,aclnnGroupedMatmulV5_GroupedMatmul_GroupedMatmul,GroupedMatmul,dynamic,MIX_AIC,1788186428056148.755	,41.640,1815.320000,20,20,NO,"""9216,2048;1,2048,7168;;1,7168;;;;1;9216""",INT8;INT8;INT32;DT_BF16;FLOAT;FLOAT16;FLOAT16;INT64;FLOAT,ND;NCL;ND;ND;ND;ND;ND;ND;ND,"""9216,7168""",DT_BF16,ND,0,30.18,995940,1.453,0.048,13.342,0.442,4.687,0.155,18.336,0.608,4.466,0.148,0.04,29.874,985848,0.203,0.007,4.854,0.162,2.007,0.067,0.176,0.006,0.128,72.478
3,4294967295,386,47,aclnnDynamicQuantV2_DynamicQuant_DynamicQuant,DynamicQuant,dynamic,AI_VECTOR_CORE,1788186428056800.075	,328.320,609.610000,40,0,NO,"""9216,7168""",DT_BF16,ND,"""9216,7168;9216""",INT8;FLOAT,ND;ND,N/A,0.0,0,0.0,0.0,0.0,0.0,0.0,0.0,0.0,0.0,0.0,0.0,0.0,321.974,21250307,188.866,0.587,30.486,0.095,291.897,0.907,161.759,0.502,0.005,0.000
3,4294967295,387,47,clear_ops,clear_ops,dynamic,MIX_AIC,1788186428057129.535	,34.720,1.180000,20,40,NO,N/A,N/A,N/A,N/A,N/A,N/A,0,32.465,1071359,0.0,0.0,4.661,0.144,0.001,0.0,0.001,0.0,0.001,0.0,0.125,32.363,2135987,0.008,0.0,4.039,0.125,0.001,0.0,0.001,0.0,0.149,93.506
3,4294967295,388,47,sk_placeholder_kernel_dav_2201,sk_placeholder_kernel_dav_2201,dynamic,AI_VECTOR_CORE,1788186428057165.255	,0.900,1.030000,1,0,NO,N/A,N/A,N/A,N/A,N/A,N/A,N/A,0.0,0,0.0,0.0,0.0,0.0,0.0,0.0,0.0,0.0,0.0,0.0,0.0,0.383,632,0.008,0.022,0.012,0.032,0.001,0.003,0.001,0.003,0.444,0.000
3,4294967295,389,47,sk_placeholder_kernel_dav_2201,sk_placeholder_kernel_dav_2201,dynamic,AI_VECTOR_CORE,1788186428057166.175	,0.720,0.100000,1,0,NO,N/A,N/A,N/A,N/A,N/A,N/A,N/A,0.0,0,0.0,0.0,0.0,0.0,0.0,0.0,0.0,0.0,0.0,0.0,0.0,0.215,354,0.008,0.04,0.012,0.056,0.001,0.006,0.001,0.006,0.444,0.000
3,4294967295,390,47,sk_scope_kernel_end_dav_2201,sk_scope_kernel_end_dav_2201,dynamic,AI_VECTOR_CORE,1788186428057166.935	,0.780,0.030000,1,0,NO,N/A,N/A,N/A,N/A,N/A,N/A,N/A,0.0,0,0.0,0.0,0.0,0.0,0.0,0.0,0.0,0.0,0.0,0.0,0.0,0.243,401,0.008,0.035,0.015,0.06,0.001,0.005,0.001,0.005,0.5,0.000
3,4294967295,391,47,sk_scope_kernel_begin_dav_2201,sk_scope_kernel_begin_dav_2201,dynamic,AI_VECTOR_CORE,1788186428057167.735	,0.780,0.000000,1,0,NO,N/A,N/A,N/A,N/A,N/A,N/A,N/A,0.0,0,0.0,0.0,0.0,0.0,0.0,0.0,0.0,0.0,0.0,0.0,0.0,0.245,404,0.008,0.035,0.012,0.05,0.001,0.005,0.001,0.005,0.444,0.000
3,4294967295,392,47,sk_placeholder_kernel_dav_2201,sk_placeholder_kernel_dav_2201,dynamic,AI_VECTOR_CORE,1788186428057212.455	,0.780,43.970000,1,0,NO,N/A,N/A,N/A,N/A,N/A,N/A,N/A,0.0,0,0.0,0.0,0.0,0.0,0.0,0.0,0.0,0.0,0.0,0.0,0.0,0.219,362,0.008,0.039,0.012,0.055,0.001,0.006,0.001,0.006,0.444,0.000
3,4294967295,393,47,sk_placeholder_kernel_dav_2201,sk_placeholder_kernel_dav_2201,dynamic,AI_VECTOR_CORE,1788186428057242.815	,0.780,29.470000,1,0,NO,N/A,N/A,N/A,N/A,N/A,N/A,N/A,0.0,0,0.0,0.0,0.0,0.0,0.0,0.0,0.0,0.0,0.0,0.0,0.0,0.218,360,0.008,0.039,0.012,0.056,0.001,0.006,0.001,0.006,0.444,0.000
3,4294967295,394,47,aclnnGroupedMatmulV5_GroupedMatmul_GroupedMatmul,GroupedMatmul,dynamic,MIX_AIC,1788186428058880.975	,50.940,1637.470000,20,0,NO,"""9216,7168;1,7168,4096;;;;;;1""",INT8;INT8;INT32;UINT64;FLOAT;FLOAT16;FLOAT16;INT64,ND;NCL;ND;ND;ND;ND;ND;ND,"""9216,4096""",INT32,ND,0,37.619,1241419,2.905,0.077,9.233,0.245,9.375,0.249,31.189,0.829,2.378,0.063,0.022,0.0,0,0.0,0.0,0.0,0.0,0.0,0.0,0.0,0.0,0.0,73.849
3,4294967295,395,47,DequantSwigluQuant,DequantSwigluQuant,dynamic,AI_VECTOR_CORE,1788186428059021.595	,8.900,89.560000,36,0,NO,"""9216,4096;1,4096;9216;;1,2048;;1""",INT32;FLOAT;FLOAT;DT_UNDEFINED;FLOAT;DT_UNDEFINED;INT64,ND;ND;ND;NULL;ND;NULL;ND,"""9216,2048;9216""",INT8;FLOAT,ND;ND,N/A,0.0,0,0.0,0.0,0.0,0.0,0.0,0.0,0.0,0.0,0.0,0.0,0.0,5.427,322357,0.057,0.01,1.853,0.341,0.645,0.119,0.005,0.001,0.185,0.000
3,4294967295,396,47,aclnnGroupedMatmulV5_GroupedMatmul_GroupedMatmul,GroupedMatmul,dynamic,MIX_AIC,1788186428060828.475	,40.700,1798.100000,20,20,NO,"""9216,2048;1,2048,7168;;1,7168;;;;1;9216""",INT8;INT8;INT32;DT_BF16;FLOAT;FLOAT16;FLOAT16;INT64;FLOAT,ND;NCL;ND;ND;ND;ND;ND;ND;ND,"""9216,7168""",DT_BF16,ND,0,30.055,991806,1.453,0.048,12.839,0.427,4.687,0.156,18.496,0.615,4.553,0.151,0.041,29.806,983586,0.205,0.007,4.209,0.141,2.102,0.071,0.179,0.006,0.127,73.845
3,4294967295,397,47,aclnnDynamicQuantV2_DynamicQuant_DynamicQuant,DynamicQuant,dynamic,AI_VECTOR_CORE,1788186428061558.975	,328.200,689.800000,40,0,NO,"""9216,7168""",DT_BF16,ND,"""9216,7168;9216""",INT8;FLOAT,ND;ND,N/A,0.0,0,0.0,0.0,0.0,0.0,0.0,0.0,0.0,0.0,0.0,0.0,0.0,322.178,21263715,188.864,0.586,30.305,0.094,290.638,0.902,161.179,0.5,0.005,0.000
3,4294967295,398,47,clear_ops,clear_ops,dynamic,MIX_AIC,1788186428061888.335	,34.760,1.050000,20,40,NO,N/A,N/A,N/A,N/A,N/A,N/A,0,32.477,1071731,0.0,0.0,4.7,0.145,0.001,0.0,0.001,0.0,0.001,0.0,0.128,32.376,2136783,0.008,0.0,4.024,0.124,0.001,0.0,0.001,0.0,0.148,93.431
3,4294967295,399,47,sk_placeholder_kernel_dav_2201,sk_placeholder_kernel_dav_2201,dynamic,AI_VECTOR_CORE,1788186428061924.115	,0.880,0.990000,1,0,NO,N/A,N/A,N/A,N/A,N/A,N/A,N/A,0.0,0,0.0,0.0,0.0,0.0,0.0,0.0,0.0,0.0,0.0,0.0,0.0,0.301,496,0.008,0.028,0.012,0.04,0.001,0.004,0.001,0.004,0.444,0.000
3,4294967295,400,47,sk_placeholder_kernel_dav_2201,sk_placeholder_kernel_dav_2201,dynamic,AI_VECTOR_CORE,1788186428061925.015	,0.780,0.120000,1,0,NO,N/A,N/A,N/A,N/A,N/A,N/A,N/A,0.0,0,0.0,0.0,0.0,0.0,0.0,0.0,0.0,0.0,0.0,0.0,0.0,0.188,311,0.008,0.045,0.012,0.064,0.001,0.006,0.001,0.006,0.444,0.000
3,4294967295,401,47,sk_scope_kernel_end_dav_2201,sk_scope_kernel_end_dav_2201,dynamic,AI_VECTOR_CORE,1788186428061925.815	,0.700,0.000000,1,0,NO,N/A,N/A,N/A,N/A,N/A,N/A,N/A,0.0,0,0.0,0.0,0.0,0.0,0.0,0.0,0.0,0.0,0.0,0.0,0.0,0.226,373,0.008,0.038,0.015,0.064,0.001,0.005,0.001,0.005,0.5,0.000
3,4294967295,402,47,sk_scope_kernel_begin_dav_2201,sk_scope_kernel_begin_dav_2201,dynamic,AI_VECTOR_CORE,1788186428061926.535	,0.700,0.050000,1,0,NO,N/A,N/A,N/A,N/A,N/A,N/A,N/A,0.0,0,0.0,0.0,0.0,0.0,0.0,0.0,0.0,0.0,0.0,0.0,0.0,0.227,374,0.008,0.037,0.012,0.053,0.001,0.005,0.001,0.005,0.444,0.000
3,4294967295,403,47,sk_placeholder_kernel_dav_2201,sk_placeholder_kernel_dav_2201,dynamic,AI_VECTOR_CORE,1788186428061950.935	,0.660,23.800000,1,0,NO,N/A,N/A,N/A,N/A,N/A,N/A,N/A,0.0,0,0.0,0.0,0.0,0.0,0.0,0.0,0.0,0.0,0.0,0.0,0.0,0.182,300,0.008,0.047,0.012,0.067,0.001,0.007,0.001,0.007,0.444,0.000
3,4294967295,404,47,sk_placeholder_kernel_dav_2201,sk_placeholder_kernel_dav_2201,dynamic,AI_VECTOR_CORE,1788186428062011.415	,0.680,59.840000,1,0,NO,N/A,N/A,N/A,N/A,N/A,N/A,N/A,0.0,0,0.0,0.0,0.0,0.0,0.0,0.0,0.0,0.0,0.0,0.0,0.0,0.184,304,0.008,0.046,0.012,0.066,0.001,0.007,0.001,0.007,0.444,0.000
3,4294967295,405,47,aclnnGroupedMatmulV5_GroupedMatmul_GroupedMatmul,GroupedMatmul,dynamic,MIX_AIC,1788186428063620.295	,49.220,1608.070000,20,0,NO,"""9216,7168;1,7168,4096;;;;;;1""",INT8;INT8;INT32;UINT64;FLOAT;FLOAT16;FLOAT16;INT64,ND;NCL;ND;ND;ND;ND;ND;ND,"""9216,4096""",INT32,ND,0,37.856,1249232,2.905,0.077,9.435,0.249,9.381,0.248,31.479,0.832,2.419,0.064,0.022,0.0,0,0.0,0.0,0.0,0.0,0.0,0.0,0.0,0.0,0.0,76.911
3,4294967295,406,47,DequantSwigluQuant,DequantSwigluQuant,dynamic,AI_VECTOR_CORE,1788186428063783.815	,8.580,114.280000,36,0,NO,"""9216,4096;1,4096;9216;;1,2048;;1""",INT32;FLOAT;FLOAT;DT_UNDEFINED;FLOAT;DT_UNDEFINED;INT64,ND;ND;ND;NULL;ND;NULL;ND,"""9216,2048;9216""",INT8;FLOAT,ND;ND,N/A,0.0,0,0.0,0.0,0.0,0.0,0.0,0.0,0.0,0.0,0.0,0.0,0.0,5.04,299380,0.057,0.011,1.489,0.295,0.543,0.108,0.008,0.001,0.187,0.000
3,4294967295,407,47,aclnnGroupedMatmulV5_GroupedMatmul_GroupedMatmul,GroupedMatmul,dynamic,MIX_AIC,1788186428065628.415	,42.120,1836.170000,20,20,NO,"""9216,2048;1,2048,7168;;1,7168;;;;1;9216""",INT8;INT8;INT32;DT_BF16;FLOAT;FLOAT16;FLOAT16;INT64;FLOAT,ND;NCL;ND;ND;ND;ND;ND;ND;ND,"""9216,7168""",DT_BF16,ND,0,30.461,1005206,1.453,0.048,13.414,0.44,4.69,0.154,18.614,0.611,4.468,0.147,0.039,30.134,994409,0.198,0.007,5.113,0.17,2.094,0.07,0.189,0.006,0.127,72.319
3,4294967295,408,47,aclnnDynamicQuantV2_DynamicQuant_DynamicQuant,DynamicQuant,dynamic,AI_VECTOR_CORE,1788186428066299.315	,330.600,628.630000,40,0,NO,"""9216,7168""",DT_BF16,ND,"""9216,7168;9216""",INT8;FLOAT,ND;ND,N/A,0.0,0,0.0,0.0,0.0,0.0,0.0,0.0,0.0,0.0,0.0,0.0,0.0,324.712,21430963,188.866,0.582,30.571,0.094,290.205,0.894,158.128,0.487,0.005,0.000
3,4294967295,409,47,clear_ops,clear_ops,dynamic,MIX_AIC,1788186428066631.115	,33.520,1.150000,20,40,NO,N/A,N/A,N/A,N/A,N/A,N/A,0,31.21,1029917,0.0,0.0,4.531,0.145,0.001,0.0,0.001,0.0,0.001,0.0,0.126,31.107,2053043,0.008,0.0,3.811,0.123,0.001,0.0,0.001,0.0,0.148,93.107
3,4294967295,410,47,sk_placeholder_kernel_dav_2201,sk_placeholder_kernel_dav_2201,dynamic,AI_VECTOR_CORE,1788186428066665.695	,0.880,1.230000,1,0,NO,N/A,N/A,N/A,N/A,N/A,N/A,N/A,0.0,0,0.0,0.0,0.0,0.0,0.0,0.0,0.0,0.0,0.0,0.0,0.0,0.334,551,0.008,0.025,0.012,0.036,0.001,0.004,0.001,0.004,0.444,0.000
3,4294967295,411,47,sk_placeholder_kernel_dav_2201,sk_placeholder_kernel_dav_2201,dynamic,AI_VECTOR_CORE,1788186428066666.595	,0.780,0.000000,1,0,NO,N/A,N/A,N/A,N/A,N/A,N/A,N/A,0.0,0,0.0,0.0,0.0,0.0,0.0,0.0,0.0,0.0,0.0,0.0,0.0,0.219,362,0.008,0.039,0.012,0.055,0.001,0.006,0.001,0.006,0.444,0.000
3,4294967295,412,47,sk_scope_kernel_end_dav_2201,sk_scope_kernel_end_dav_2201,dynamic,AI_VECTOR_CORE,1788186428066667.395	,0.820,0.220000,1,0,NO,N/A,N/A,N/A,N/A,N/A,N/A,N/A,0.0,0,0.0,0.0,0.0,0.0,0.0,0.0,0.0,0.0,0.0,0.0,0.0,0.237,391,0.008,0.036,0.015,0.061,0.001,0.005,0.001,0.005,0.5,0.000
3,4294967295,413,47,sk_scope_kernel_begin_dav_2201,sk_scope_kernel_begin_dav_2201,dynamic,AI_VECTOR_CORE,1788186428066668.235	,0.800,0.000000,1,0,NO,N/A,N/A,N/A,N/A,N/A,N/A,N/A,0.0,0,0.0,0.0,0.0,0.0,0.0,0.0,0.0,0.0,0.0,0.0,0.0,0.24,396,0.008,0.035,0.012,0.051,0.001,0.005,0.001,0.005,0.444,0.000
3,4294967295,414,47,sk_placeholder_kernel_dav_2201,sk_placeholder_kernel_dav_2201,dynamic,AI_VECTOR_CORE,1788186428066709.795	,0.800,40.700000,1,0,NO,N/A,N/A,N/A,N/A,N/A,N/A,N/A,0.0,0,0.0,0.0,0.0,0.0,0.0,0.0,0.0,0.0,0.0,0.0,0.0,0.217,358,0.008,0.039,0.012,0.056,0.001,0.006,0.001,0.006,0.444,0.000
3,4294967295,415,47,sk_placeholder_kernel_dav_2201,sk_placeholder_kernel_dav_2201,dynamic,AI_VECTOR_CORE,1788186428066752.295	,0.800,41.700000,1,0,NO,N/A,N/A,N/A,N/A,N/A,N/A,N/A,0.0,0,0.0,0.0,0.0,0.0,0.0,0.0,0.0,0.0,0.0,0.0,0.0,0.215,355,0.008,0.039,0.012,0.056,0.001,0.006,0.001,0.006,0.444,0.000
3,4294967295,416,47,aclnnGroupedMatmulV5_GroupedMatmul_GroupedMatmul,GroupedMatmul,dynamic,MIX_AIC,1788186428068362.195	,51.800,1609.200000,20,0,NO,"""9216,7168;1,7168,4096;;;;;;1""",INT8;INT8;INT32;UINT64;FLOAT;FLOAT16;FLOAT16;INT64,ND;NCL;ND;ND;ND;ND;ND;ND,"""9216,4096""",INT32,ND,0,38.206,1260795,2.905,0.076,9.317,0.244,9.372,0.245,31.869,0.834,2.468,0.065,0.023,0.0,0,0.0,0.0,0.0,0.0,0.0,0.0,0.0,0.0,0.0,73.757
3,4294967295,417,47,DequantSwigluQuant,DequantSwigluQuant,dynamic,AI_VECTOR_CORE,1788186428068527.155	,9.480,113.200000,36,0,NO,"""9216,4096;1,4096;9216;;1,2048;;1""",INT32;FLOAT;FLOAT;DT_UNDEFINED;FLOAT;DT_UNDEFINED;INT64,ND;ND;ND;NULL;ND;NULL;ND,"""9216,2048;9216""",INT8;FLOAT,ND;ND,N/A,0.0,0,0.0,0.0,0.0,0.0,0.0,0.0,0.0,0.0,0.0,0.0,0.0,5.429,322474,0.057,0.01,1.943,0.358,0.666,0.123,0.005,0.001,0.185,0.000
3,4294967295,418,47,aclnnGroupedMatmulV5_GroupedMatmul_GroupedMatmul,GroupedMatmul,dynamic,MIX_AIC,1788186428070384.855	,38.420,1848.020000,20,20,NO,"""9216,2048;1,2048,7168;;1,7168;;;;1;9216""",INT8;INT8;INT32;DT_BF16;FLOAT;FLOAT16;FLOAT16;INT64;FLOAT,ND;NCL;ND;ND;ND;ND;ND;ND;ND,"""9216,7168""",DT_BF16,ND,0,29.919,987317,1.453,0.049,12.735,0.426,4.689,0.157,18.7,0.625,4.639,0.155,0.042,29.679,979404,0.204,0.007,3.874,0.131,1.901,0.064,0.181,0.006,0.129,77.873
3,4294967295,419,47,aclnnDynamicQuantV2_DynamicQuant_DynamicQuant,DynamicQuant,dynamic,AI_VECTOR_CORE,1788186428071067.275	,329.420,644.080000,40,0,NO,"""9216,7168""",DT_BF16,ND,"""9216,7168;9216""",INT8;FLOAT,ND;ND,N/A,0.0,0,0.0,0.0,0.0,0.0,0.0,0.0,0.0,0.0,0.0,0.0,0.0,323.018,21319210,188.859,0.585,30.293,0.094,290.693,0.9,161.434,0.5,0.005,0.000
3,4294967295,420,47,clear_ops,clear_ops,dynamic,MIX_AIC,1788186428071397.735	,32.540,1.080000,20,40,NO,N/A,N/A,N/A,N/A,N/A,N/A,0,30.221,997290,0.0,0.0,4.537,0.15,0.001,0.0,0.001,0.0,0.001,0.0,0.127,30.12,1987922,0.008,0.0,3.883,0.129,0.001,0.0,0.001,0.0,0.148,92.873
3,4294967295,421,47,sk_placeholder_kernel_dav_2201,sk_placeholder_kernel_dav_2201,dynamic,AI_VECTOR_CORE,1788186428071431.035	,0.800,0.710000,1,0,NO,N/A,N/A,N/A,N/A,N/A,N/A,N/A,0.0,0,0.0,0.0,0.0,0.0,0.0,0.0,0.0,0.0,0.0,0.0,0.0,0.298,492,0.008,0.028,0.012,0.041,0.001,0.004,0.001,0.004,0.444,0.000
3,4294967295,422,47,sk_placeholder_kernel_dav_2201,sk_placeholder_kernel_dav_2201,dynamic,AI_VECTOR_CORE,1788186428071431.855	,0.660,0.000000,1,0,NO,N/A,N/A,N/A,N/A,N/A,N/A,N/A,0.0,0,0.0,0.0,0.0,0.0,0.0,0.0,0.0,0.0,0.0,0.0,0.0,0.183,302,0.008,0.046,0.012,0.066,0.001,0.007,0.001,0.007,0.444,0.000
3,4294967295,423,47,sk_scope_kernel_end_dav_2201,sk_scope_kernel_end_dav_2201,dynamic,AI_VECTOR_CORE,1788186428071432.535	,0.760,0.090000,1,0,NO,N/A,N/A,N/A,N/A,N/A,N/A,N/A,0.0,0,0.0,0.0,0.0,0.0,0.0,0.0,0.0,0.0,0.0,0.0,0.0,0.224,370,0.008,0.038,0.015,0.065,0.001,0.005,0.001,0.005,0.5,0.000
3,4294967295,424,47,sk_scope_kernel_begin_dav_2201,sk_scope_kernel_begin_dav_2201,dynamic,AI_VECTOR_CORE,1788186428071443.875	,0.740,10.740000,1,0,NO,N/A,N/A,N/A,N/A,N/A,N/A,N/A,0.0,0,0.0,0.0,0.0,0.0,0.0,0.0,0.0,0.0,0.0,0.0,0.0,0.222,367,0.008,0.038,0.012,0.054,0.001,0.005,0.001,0.005,0.444,0.000
3,4294967295,425,47,sk_placeholder_kernel_dav_2201,sk_placeholder_kernel_dav_2201,dynamic,AI_VECTOR_CORE,1788186428071492.395	,0.740,47.760000,1,0,NO,N/A,N/A,N/A,N/A,N/A,N/A,N/A,0.0,0,0.0,0.0,0.0,0.0,0.0,0.0,0.0,0.0,0.0,0.0,0.0,0.189,312,0.008,0.045,0.012,0.064,0.001,0.006,0.001,0.006,0.444,0.000
3,4294967295,426,47,sk_placeholder_kernel_dav_2201,sk_placeholder_kernel_dav_2201,dynamic,AI_VECTOR_CORE,1788186428071521.915	,0.740,28.760000,1,0,NO,N/A,N/A,N/A,N/A,N/A,N/A,N/A,0.0,0,0.0,0.0,0.0,0.0,0.0,0.0,0.0,0.0,0.0,0.0,0.0,0.192,316,0.008,0.044,0.012,0.063,0.001,0.006,0.001,0.006,0.444,0.000
3,4294967295,427,47,aclnnGroupedMatmulV5_GroupedMatmul_GroupedMatmul,GroupedMatmul,dynamic,MIX_AIC,1788186428073169.475	,49.300,1646.760000,20,0,NO,"""9216,7168;1,7168,4096;;;;;;1""",INT8;INT8;INT32;UINT64;FLOAT;FLOAT16;FLOAT16;INT64,ND;NCL;ND;ND;ND;ND;ND;ND,"""9216,4096""",INT32,ND,0,37.565,1239652,2.905,0.077,8.804,0.234,9.374,0.25,31.757,0.845,2.478,0.066,0.023,0.0,0,0.0,0.0,0.0,0.0,0.0,0.0,0.0,0.0,0.0,76.197
3,4294967295,428,47,DequantSwigluQuant,DequantSwigluQuant,dynamic,AI_VECTOR_CORE,1788186428073330.295	,8.700,111.450000,36,0,NO,"""9216,4096;1,4096;9216;;1,2048;;1""",INT32;FLOAT;FLOAT;DT_UNDEFINED;FLOAT;DT_UNDEFINED;INT64,ND;ND;ND;NULL;ND;NULL;ND,"""9216,2048;9216""",INT8;FLOAT,ND;ND,N/A,0.0,0,0.0,0.0,0.0,0.0,0.0,0.0,0.0,0.0,0.0,0.0,0.0,5.111,303575,0.057,0.011,1.654,0.324,0.65,0.127,0.005,0.001,0.185,0.000
3,4294967295,429,47,aclnnGroupedMatmulV5_GroupedMatmul_GroupedMatmul,GroupedMatmul,dynamic,MIX_AIC,1788186428075131.775	,42.300,1792.800000,20,20,NO,"""9216,2048;1,2048,7168;;1,7168;;;;1;9216""",INT8;INT8;INT32;DT_BF16;FLOAT;FLOAT16;FLOAT16;INT64;FLOAT,ND;NCL;ND;ND;ND;ND;ND;ND;ND,"""9216,7168""",DT_BF16,ND,0,30.976,1022220,1.453,0.047,13.505,0.436,4.69,0.151,18.474,0.596,4.471,0.144,0.042,30.67,1012122,0.203,0.007,4.359,0.142,2.046,0.067,0.18,0.006,0.126,73.230
3,4294967295,430,47,aclnnDynamicQuantV2_DynamicQuant_DynamicQuant,DynamicQuant,dynamic,AI_VECTOR_CORE,1788186428075802.275	,330.880,628.200000,40,0,NO,"""9216,7168""",DT_BF16,ND,"""9216,7168;9216""",INT8;FLOAT,ND;ND,N/A,0.0,0,0.0,0.0,0.0,0.0,0.0,0.0,0.0,0.0,0.0,0.0,0.0,325.389,21475706,188.865,0.58,30.276,0.093,291.2,0.895,160.83,0.494,0.005,0.000
3,4294967295,431,47,clear_ops,clear_ops,dynamic,MIX_AIC,1788186428076134.455	,35.420,1.370000,20,40,NO,N/A,N/A,N/A,N/A,N/A,N/A,0,33.19,1095276,0.0,0.0,4.74,0.143,0.001,0.0,0.001,0.0,0.001,0.0,0.126,33.085,2183612,0.008,0.0,4.075,0.123,0.001,0.0,0.001,0.0,0.149,93.705
3,4294967295,432,47,sk_placeholder_kernel_dav_2201,sk_placeholder_kernel_dav_2201,dynamic,AI_VECTOR_CORE,1788186428076170.775	,0.900,0.830000,1,0,NO,N/A,N/A,N/A,N/A,N/A,N/A,N/A,0.0,0,0.0,0.0,0.0,0.0,0.0,0.0,0.0,0.0,0.0,0.0,0.0,0.33,544,0.008,0.026,0.012,0.037,0.001,0.004,0.001,0.004,0.444,0.000
3,4294967295,433,47,sk_placeholder_kernel_dav_2201,sk_placeholder_kernel_dav_2201,dynamic,AI_VECTOR_CORE,1788186428076171.695	,0.780,0.100000,1,0,NO,N/A,N/A,N/A,N/A,N/A,N/A,N/A,0.0,0,0.0,0.0,0.0,0.0,0.0,0.0,0.0,0.0,0.0,0.0,0.0,0.217,358,0.008,0.039,0.012,0.056,0.001,0.006,0.001,0.006,0.444,0.000
3,4294967295,434,47,sk_scope_kernel_end_dav_2201,sk_scope_kernel_end_dav_2201,dynamic,AI_VECTOR_CORE,1788186428076172.515	,0.840,0.000000,1,0,NO,N/A,N/A,N/A,N/A,N/A,N/A,N/A,0.0,0,0.0,0.0,0.0,0.0,0.0,0.0,0.0,0.0,0.0,0.0,0.0,0.25,412,0.008,0.034,0.015,0.058,0.001,0.005,0.001,0.005,0.5,0.000
3,4294967295,435,47,sk_scope_kernel_begin_dav_2201,sk_scope_kernel_begin_dav_2201,dynamic,AI_VECTOR_CORE,1788186428076218.955	,0.860,45.660000,1,0,NO,N/A,N/A,N/A,N/A,N/A,N/A,N/A,0.0,0,0.0,0.0,0.0,0.0,0.0,0.0,0.0,0.0,0.0,0.0,0.0,0.249,411,0.008,0.034,0.012,0.049,0.001,0.005,0.001,0.005,0.444,0.000
3,4294967295,436,47,sk_placeholder_kernel_dav_2201,sk_placeholder_kernel_dav_2201,dynamic,AI_VECTOR_CORE,1788186428076264.695	,0.700,44.890000,1,0,NO,N/A,N/A,N/A,N/A,N/A,N/A,N/A,0.0,0,0.0,0.0,0.0,0.0,0.0,0.0,0.0,0.0,0.0,0.0,0.0,0.209,345,0.008,0.041,0.012,0.058,0.001,0.006,0.001,0.006,0.444,0.000
3,4294967295,437,47,sk_placeholder_kernel_dav_2201,sk_placeholder_kernel_dav_2201,dynamic,AI_VECTOR_CORE,1788186428076298.155	,0.700,32.800000,1,0,NO,N/A,N/A,N/A,N/A,N/A,N/A,N/A,0.0,0,0.0,0.0,0.0,0.0,0.0,0.0,0.0,0.0,0.0,0.0,0.0,0.211,348,0.008,0.04,0.012,0.057,0.001,0.006,0.001,0.006,0.444,0.000
3,4294967295,438,47,aclnnGroupedMatmulV5_GroupedMatmul_GroupedMatmul,GroupedMatmul,dynamic,MIX_AIC,1788186428077921.075	,50.480,1622.050000,20,0,NO,"""9216,7168;1,7168,4096;;;;;;1""",INT8;INT8;INT32;UINT64;FLOAT;FLOAT16;FLOAT16;INT64,ND;NCL;ND;ND;ND;ND;ND;ND,"""9216,4096""",INT32,ND,0,38.61,1274125,2.905,0.075,9.309,0.241,9.378,0.243,31.877,0.826,2.46,0.064,0.023,0.0,0,0.0,0.0,0.0,0.0,0.0,0.0,0.0,0.0,0.0,76.485
3,4294967295,439,47,DequantSwigluQuant,DequantSwigluQuant,dynamic,AI_VECTOR_CORE,1788186428078081.875	,9.680,110.520000,36,0,NO,"""9216,4096;1,4096;9216;;1,2048;;1""",INT32;FLOAT;FLOAT;DT_UNDEFINED;FLOAT;DT_UNDEFINED;INT64,ND;ND;ND;NULL;ND;NULL;ND,"""9216,2048;9216""",INT8;FLOAT,ND;ND,N/A,0.0,0,0.0,0.0,0.0,0.0,0.0,0.0,0.0,0.0,0.0,0.0,0.0,5.696,338348,0.057,0.01,2.239,0.393,0.862,0.151,0.005,0.001,0.185,0.000
3,4294967295,440,47,aclnnGroupedMatmulV5_GroupedMatmul_GroupedMatmul,GroupedMatmul,dynamic,MIX_AIC,1788186428079916.815	,41.280,1825.070000,20,20,NO,"""9216,2048;1,2048,7168;;1,7168;;;;1;9216""",INT8;INT8;INT32;DT_BF16;FLOAT;FLOAT16;FLOAT16;INT64;FLOAT,ND;NCL;ND;ND;ND;ND;ND;ND;ND,"""9216,7168""",DT_BF16,ND,0,31.338,1034169,1.453,0.046,14.511,0.463,4.689,0.15,18.744,0.598,4.642,0.148,0.037,31.038,1024245,0.196,0.006,5.248,0.169,2.755,0.089,0.179,0.006,0.127,75.917
3,4294967295,441,47,aclnnDynamicQuantV2_DynamicQuant_DynamicQuant,DynamicQuant,dynamic,AI_VECTOR_CORE,1788186428080597.155	,328.860,639.220000,40,0,NO,"""9216,7168""",DT_BF16,ND,"""9216,7168;9216""",INT8;FLOAT,ND;ND,N/A,0.0,0,0.0,0.0,0.0,0.0,0.0,0.0,0.0,0.0,0.0,0.0,0.0,323.418,21345615,188.863,0.584,30.194,0.093,290.538,0.898,165.513,0.512,0.005,0.000
3,4294967295,442,47,clear_ops,clear_ops,dynamic,MIX_AIC,1788186428080927.415	,34.560,1.390000,20,40,NO,N/A,N/A,N/A,N/A,N/A,N/A,0,32.302,1065973,0.0,0.0,4.61,0.143,0.001,0.0,0.001,0.0,0.001,0.0,0.127,32.203,2125429,0.008,0.0,3.908,0.121,0.001,0.0,0.001,0.0,0.149,93.467
3,4294967295,443,47,sk_placeholder_kernel_dav_2201,sk_placeholder_kernel_dav_2201,dynamic,AI_VECTOR_CORE,1788186428080963.195	,0.860,1.190000,1,0,NO,N/A,N/A,N/A,N/A,N/A,N/A,N/A,0.0,0,0.0,0.0,0.0,0.0,0.0,0.0,0.0,0.0,0.0,0.0,0.0,0.305,503,0.008,0.028,0.012,0.04,0.001,0.004,0.001,0.004,0.444,0.000
3,4294967295,444,47,sk_placeholder_kernel_dav_2201,sk_placeholder_kernel_dav_2201,dynamic,AI_VECTOR_CORE,1788186428080964.075	,0.740,0.000000,1,0,NO,N/A,N/A,N/A,N/A,N/A,N/A,N/A,0.0,0,0.0,0.0,0.0,0.0,0.0,0.0,0.0,0.0,0.0,0.0,0.0,0.192,316,0.008,0.044,0.012,0.063,0.001,0.006,0.001,0.006,0.444,0.000
3,4294967295,445,47,sk_scope_kernel_end_dav_2201,sk_scope_kernel_end_dav_2201,dynamic,AI_VECTOR_CORE,1788186428080964.835	,0.740,0.010000,1,0,NO,N/A,N/A,N/A,N/A,N/A,N/A,N/A,0.0,0,0.0,0.0,0.0,0.0,0.0,0.0,0.0,0.0,0.0,0.0,0.0,0.241,398,0.008,0.035,0.015,0.06,0.001,0.005,0.001,0.005,0.5,0.000
3,4294967295,446,47,sk_scope_kernel_begin_dav_2201,sk_scope_kernel_begin_dav_2201,dynamic,AI_VECTOR_CORE,1788186428080971.035	,0.720,5.510000,1,0,NO,N/A,N/A,N/A,N/A,N/A,N/A,N/A,0.0,0,0.0,0.0,0.0,0.0,0.0,0.0,0.0,0.0,0.0,0.0,0.0,0.241,398,0.008,0.035,0.012,0.05,0.001,0.005,0.001,0.005,0.444,0.000
3,4294967295,447,47,sk_placeholder_kernel_dav_2201,sk_placeholder_kernel_dav_2201,dynamic,AI_VECTOR_CORE,1788186428081024.275	,0.700,52.530000,1,0,NO,N/A,N/A,N/A,N/A,N/A,N/A,N/A,0.0,0,0.0,0.0,0.0,0.0,0.0,0.0,0.0,0.0,0.0,0.0,0.0,0.199,328,0.008,0.043,0.012,0.061,0.001,0.006,0.001,0.006,0.444,0.000
3,4294967295,448,47,sk_placeholder_kernel_dav_2201,sk_placeholder_kernel_dav_2201,dynamic,AI_VECTOR_CORE,1788186428081068.355	,0.700,43.300000,1,0,NO,N/A,N/A,N/A,N/A,N/A,N/A,N/A,0.0,0,0.0,0.0,0.0,0.0,0.0,0.0,0.0,0.0,0.0,0.0,0.0,0.2,330,0.008,0.042,0.012,0.061,0.001,0.006,0.001,0.006,0.444,0.000
3,4294967295,449,47,aclnnGroupedMatmulV5_GroupedMatmul_GroupedMatmul,GroupedMatmul,dynamic,MIX_AIC,1788186428082695.055	,50.280,1626.050000,20,0,NO,"""9216,7168;1,7168,4096;;;;;;1""",INT8;INT8;INT32;UINT64;FLOAT;FLOAT16;FLOAT16;INT64,ND;NCL;ND;ND;ND;ND;ND;ND,"""9216,4096""",INT32,ND,0,37.77,1246422,2.905,0.077,9.313,0.247,9.372,0.248,31.338,0.83,2.372,0.063,0.022,0.0,0,0.0,0.0,0.0,0.0,0.0,0.0,0.0,0.0,0.0,75.120
3,4294967295,450,47,DequantSwigluQuant,DequantSwigluQuant,dynamic,AI_VECTOR_CORE,1788186428082859.015	,8.820,113.720000,36,0,NO,"""9216,4096;1,4096;9216;;1,2048;;1""",INT32;FLOAT;FLOAT;DT_UNDEFINED;FLOAT;DT_UNDEFINED;INT64,ND;ND;ND;NULL;ND;NULL;ND,"""9216,2048;9216""",INT8;FLOAT,ND;ND,N/A,0.0,0,0.0,0.0,0.0,0.0,0.0,0.0,0.0,0.0,0.0,0.0,0.0,5.343,317345,0.057,0.011,1.713,0.321,0.673,0.126,0.005,0.001,0.186,0.000
3,4294967295,451,47,aclnnGroupedMatmulV5_GroupedMatmul_GroupedMatmul,GroupedMatmul,dynamic,MIX_AIC,1788186428084665.675	,41.440,1797.930000,20,20,NO,"""9216,2048;1,2048,7168;;1,7168;;;;1;9216""",INT8;INT8;INT32;DT_BF16;FLOAT;FLOAT16;FLOAT16;INT64;FLOAT,ND;NCL;ND;ND;ND;ND;ND;ND;ND,"""9216,7168""",DT_BF16,ND,0,31.42,1036844,1.453,0.046,15.161,0.483,4.688,0.149,18.589,0.592,4.696,0.149,0.039,31.102,1026365,0.196,0.006,5.339,0.172,2.739,0.088,0.183,0.006,0.127,75.819
3,4294967295,452,47,aclnnDynamicQuantV2_DynamicQuant_DynamicQuant,DynamicQuant,dynamic,AI_VECTOR_CORE,1788186428085377.435	,328.060,670.310000,40,0,NO,"""9216,7168""",DT_BF16,ND,"""9216,7168;9216""",INT8;FLOAT,ND;ND,N/A,0.0,0,0.0,0.0,0.0,0.0,0.0,0.0,0.0,0.0,0.0,0.0,0.0,322.976,21316431,188.86,0.585,30.061,0.093,290.225,0.899,160.568,0.497,0.005,0.000
3,4294967295,453,47,clear_ops,clear_ops,dynamic,MIX_AIC,1788186428085707.095	,32.900,1.440000,20,40,NO,N/A,N/A,N/A,N/A,N/A,N/A,0,30.617,1010370,0.0,0.0,4.697,0.153,0.001,0.0,0.001,0.0,0.001,0.0,0.127,30.516,2014075,0.008,0.0,3.998,0.131,0.001,0.0,0.001,0.0,0.149,93.062
3,4294967295,454,47,sk_placeholder_kernel_dav_2201,sk_placeholder_kernel_dav_2201,dynamic,AI_VECTOR_CORE,1788186428085740.995	,0.800,1.100000,1,0,NO,N/A,N/A,N/A,N/A,N/A,N/A,N/A,0.0,0,0.0,0.0,0.0,0.0,0.0,0.0,0.0,0.0,0.0,0.0,0.0,0.321,530,0.008,0.026,0.012,0.038,0.001,0.004,0.001,0.004,0.444,0.000
3,4294967295,455,47,sk_placeholder_kernel_dav_2201,sk_placeholder_kernel_dav_2201,dynamic,AI_VECTOR_CORE,1788186428085741.815	,0.700,0.000000,1,0,NO,N/A,N/A,N/A,N/A,N/A,N/A,N/A,0.0,0,0.0,0.0,0.0,0.0,0.0,0.0,0.0,0.0,0.0,0.0,0.0,0.21,346,0.008,0.04,0.012,0.058,0.001,0.006,0.001,0.006,0.444,0.000
3,4294967295,456,47,sk_scope_kernel_end_dav_2201,sk_scope_kernel_end_dav_2201,dynamic,AI_VECTOR_CORE,1788186428085742.535	,0.720,0.050000,1,0,NO,N/A,N/A,N/A,N/A,N/A,N/A,N/A,0.0,0,0.0,0.0,0.0,0.0,0.0,0.0,0.0,0.0,0.0,0.0,0.0,0.215,355,0.008,0.039,0.015,0.068,0.001,0.006,0.001,0.006,0.5,0.000
3,4294967295,457,47,sk_scope_kernel_begin_dav_2201,sk_scope_kernel_begin_dav_2201,dynamic,AI_VECTOR_CORE,1788186428085743.275	,0.720,0.030000,1,0,NO,N/A,N/A,N/A,N/A,N/A,N/A,N/A,0.0,0,0.0,0.0,0.0,0.0,0.0,0.0,0.0,0.0,0.0,0.0,0.0,0.215,355,0.008,0.039,0.012,0.056,0.001,0.006,0.001,0.006,0.444,0.000
3,4294967295,458,47,sk_placeholder_kernel_dav_2201,sk_placeholder_kernel_dav_2201,dynamic,AI_VECTOR_CORE,1788186428085775.795	,0.720,31.780000,1,0,NO,N/A,N/A,N/A,N/A,N/A,N/A,N/A,0.0,0,0.0,0.0,0.0,0.0,0.0,0.0,0.0,0.0,0.0,0.0,0.0,0.192,317,0.008,0.044,0.012,0.063,0.001,0.006,0.001,0.006,0.444,0.000
3,4294967295,459,47,sk_placeholder_kernel_dav_2201,sk_placeholder_kernel_dav_2201,dynamic,AI_VECTOR_CORE,1788186428085818.915	,0.720,42.530000,1,0,NO,N/A,N/A,N/A,N/A,N/A,N/A,N/A,0.0,0,0.0,0.0,0.0,0.0,0.0,0.0,0.0,0.0,0.0,0.0,0.0,0.193,318,0.008,0.044,0.012,0.063,0.001,0.006,0.001,0.006,0.444,0.000
3,4294967295,460,47,aclnnGroupedMatmulV5_GroupedMatmul_GroupedMatmul,GroupedMatmul,dynamic,MIX_AIC,1788186428087434.175	,49.760,1614.530000,20,0,NO,"""9216,7168;1,7168,4096;;;;;;1""",INT8;INT8;INT32;UINT64;FLOAT;FLOAT16;FLOAT16;INT64,ND;NCL;ND;ND;ND;ND;ND;ND,"""9216,4096""",INT32,ND,0,37.822,1248118,2.905,0.077,9.135,0.242,9.381,0.248,31.541,0.834,2.462,0.065,0.023,0.0,0,0.0,0.0,0.0,0.0,0.0,0.0,0.0,0.0,0.0,76.008
3,4294967295,461,47,DequantSwigluQuant,DequantSwigluQuant,dynamic,AI_VECTOR_CORE,1788186428087624.275	,13.260,140.240000,36,0,NO,"""9216,4096;1,4096;9216;;1,2048;;1""",INT32;FLOAT;FLOAT;DT_UNDEFINED;FLOAT;DT_UNDEFINED;INT64,ND;ND;ND;NULL;ND;NULL;ND,"""9216,2048;9216""",INT8;FLOAT,ND;ND,N/A,0.0,0,0.0,0.0,0.0,0.0,0.0,0.0,0.0,0.0,0.0,0.0,0.0,9.929,589788,0.057,0.006,4.37,0.44,1.939,0.195,0.005,0.001,0.185,0.000
3,4294967295,462,47,aclnnGroupedMatmulV5_GroupedMatmul_GroupedMatmul,GroupedMatmul,dynamic,MIX_AIC,1788186428089509.935	,42.240,1872.490000,20,20,NO,"""9216,2048;1,2048,7168;;1,7168;;;;1;9216""",INT8;INT8;INT32;DT_BF16;FLOAT;FLOAT16;FLOAT16;INT64;FLOAT,ND;NCL;ND;ND;ND;ND;ND;ND;ND,"""9216,7168""",DT_BF16,ND,0,30.099,993278,1.453,0.048,12.33,0.41,4.692,0.156,18.716,0.622,4.543,0.151,0.04,29.812,983785,0.203,0.007,4.112,0.138,1.787,0.06,0.178,0.006,0.127,71.258
3,4294967295,463,47,aclnnDynamicQuantV2_DynamicQuant_DynamicQuant,DynamicQuant,dynamic,AI_VECTOR_CORE,1788186428090171.255	,327.540,619.010000,40,0,NO,"""9216,7168""",DT_BF16,ND,"""9216,7168;9216""",INT8;FLOAT,ND;ND,N/A,0.0,0,0.0,0.0,0.0,0.0,0.0,0.0,0.0,0.0,0.0,0.0,0.0,321.94,21248018,188.863,0.587,30.596,0.095,291.063,0.904,152.939,0.475,0.005,0.000
3,4294967295,464,47,clear_ops,clear_ops,dynamic,MIX_AIC,1788186428090500.255	,33.100,1.460000,20,40,NO,N/A,N/A,N/A,N/A,N/A,N/A,0,30.891,1019415,0.0,0.0,4.605,0.149,0.001,0.0,0.001,0.0,0.001,0.0,0.125,30.789,2032087,0.008,0.0,3.951,0.128,0.001,0.0,0.001,0.0,0.149,93.327
3,4294967295,465,47,sk_placeholder_kernel_dav_2201,sk_placeholder_kernel_dav_2201,dynamic,AI_VECTOR_CORE,1788186428090534.135	,0.820,0.900000,1,0,NO,N/A,N/A,N/A,N/A,N/A,N/A,N/A,0.0,0,0.0,0.0,0.0,0.0,0.0,0.0,0.0,0.0,0.0,0.0,0.0,0.313,516,0.008,0.027,0.012,0.039,0.001,0.004,0.001,0.004,0.444,0.000
3,4294967295,466,47,sk_placeholder_kernel_dav_2201,sk_placeholder_kernel_dav_2201,dynamic,AI_VECTOR_CORE,1788186428090534.975	,0.700,0.000000,1,0,NO,N/A,N/A,N/A,N/A,N/A,N/A,N/A,0.0,0,0.0,0.0,0.0,0.0,0.0,0.0,0.0,0.0,0.0,0.0,0.0,0.198,327,0.008,0.043,0.012,0.061,0.001,0.006,0.001,0.006,0.444,0.000
3,4294967295,467,47,sk_scope_kernel_end_dav_2201,sk_scope_kernel_end_dav_2201,dynamic,AI_VECTOR_CORE,1788186428090535.715	,0.780,0.050000,1,0,NO,N/A,N/A,N/A,N/A,N/A,N/A,N/A,0.0,0,0.0,0.0,0.0,0.0,0.0,0.0,0.0,0.0,0.0,0.0,0.0,0.236,390,0.008,0.036,0.015,0.062,0.001,0.005,0.001,0.005,0.5,0.000
3,4294967295,468,47,sk_scope_kernel_begin_dav_2201,sk_scope_kernel_begin_dav_2201,dynamic,AI_VECTOR_CORE,1788186428090536.515	,0.800,0.000000,1,0,NO,N/A,N/A,N/A,N/A,N/A,N/A,N/A,0.0,0,0.0,0.0,0.0,0.0,0.0,0.0,0.0,0.0,0.0,0.0,0.0,0.236,389,0.008,0.036,0.012,0.051,0.001,0.005,0.001,0.005,0.444,0.000
3,4294967295,469,47,sk_placeholder_kernel_dav_2201,sk_placeholder_kernel_dav_2201,dynamic,AI_VECTOR_CORE,1788186428090569.275	,0.780,31.950000,1,0,NO,N/A,N/A,N/A,N/A,N/A,N/A,N/A,0.0,0,0.0,0.0,0.0,0.0,0.0,0.0,0.0,0.0,0.0,0.0,0.0,0.205,339,0.008,0.041,0.012,0.059,0.001,0.006,0.001,0.006,0.444,0.000
3,4294967295,470,47,sk_placeholder_kernel_dav_2201,sk_placeholder_kernel_dav_2201,dynamic,AI_VECTOR_CORE,1788186428090598.835	,0.780,28.720000,1,0,NO,N/A,N/A,N/A,N/A,N/A,N/A,N/A,0.0,0,0.0,0.0,0.0,0.0,0.0,0.0,0.0,0.0,0.0,0.0,0.0,0.205,339,0.008,0.041,0.012,0.059,0.001,0.006,0.001,0.006,0.444,0.000
3,4294967295,471,47,aclnnGroupedMatmulV5_GroupedMatmul_GroupedMatmul,GroupedMatmul,dynamic,MIX_AIC,1788186428092221.335	,49.220,1621.720000,20,0,NO,"""9216,7168;1,7168,4096;;;;;;1""",INT8;INT8;INT32;UINT64;FLOAT;FLOAT16;FLOAT16;INT64,ND;NCL;ND;ND;ND;ND;ND;ND,"""9216,4096""",INT32,ND,0,37.757,1245996,2.905,0.077,8.912,0.236,9.377,0.248,31.58,0.836,2.517,0.067,0.023,0.0,0,0.0,0.0,0.0,0.0,0.0,0.0,0.0,0.0,0.0,76.712
3,4294967295,472,47,DequantSwigluQuant,DequantSwigluQuant,dynamic,AI_VECTOR_CORE,1788186428092401.975	,9.680,131.530000,36,0,NO,"""9216,4096;1,4096;9216;;1,2048;;1""",INT32;FLOAT;FLOAT;DT_UNDEFINED;FLOAT;DT_UNDEFINED;INT64,ND;ND;ND;NULL;ND;NULL;ND,"""9216,2048;9216""",INT8;FLOAT,ND;ND,N/A,0.0,0,0.0,0.0,0.0,0.0,0.0,0.0,0.0,0.0,0.0,0.0,0.0,5.773,342917,0.057,0.01,2.129,0.369,0.884,0.153,0.005,0.001,0.186,0.000
3,4294967295,473,47,aclnnGroupedMatmulV5_GroupedMatmul_GroupedMatmul,GroupedMatmul,dynamic,MIX_AIC,1788186428094231.615	,41.980,1819.820000,20,20,NO,"""9216,2048;1,2048,7168;;1,7168;;;;1;9216""",INT8;INT8;INT32;DT_BF16;FLOAT;FLOAT16;FLOAT16;INT64;FLOAT,ND;NCL;ND;ND;ND;ND;ND;ND;ND,"""9216,7168""",DT_BF16,ND,0,29.952,988400,1.453,0.048,12.099,0.404,4.691,0.157,18.694,0.624,4.475,0.149,0.041,29.666,978971,0.209,0.007,3.97,0.134,1.816,0.061,0.183,0.006,0.125,71.347
3,4294967295,474,47,aclnnDynamicQuantV2_DynamicQuant_DynamicQuant,DynamicQuant,dynamic,AI_VECTOR_CORE,1788186428094911.955	,327.620,638.520000,40,0,NO,"""9216,7168""",DT_BF16,ND,"""9216,7168;9216""",INT8;FLOAT,ND;ND,N/A,0.0,0,0.0,0.0,0.0,0.0,0.0,0.0,0.0,0.0,0.0,0.0,0.0,321.12,21193890,188.862,0.588,30.413,0.095,289.746,0.902,156.642,0.488,0.005,0.000
3,4294967295,475,47,clear_ops,clear_ops,dynamic,MIX_AIC,1788186428095240.715	,33.240,1.130000,20,40,NO,N/A,N/A,N/A,N/A,N/A,N/A,0,30.952,1021407,0.0,0.0,4.65,0.15,0.001,0.0,0.001,0.0,0.001,0.0,0.126,30.851,2036142,0.008,0.0,3.994,0.129,0.001,0.0,0.001,0.0,0.148,93.116
3,4294967295,476,47,sk_placeholder_kernel_dav_2201,sk_placeholder_kernel_dav_2201,dynamic,AI_VECTOR_CORE,1788186428095274.675	,0.840,0.760000,1,0,NO,N/A,N/A,N/A,N/A,N/A,N/A,N/A,0.0,0,0.0,0.0,0.0,0.0,0.0,0.0,0.0,0.0,0.0,0.0,0.0,0.307,507,0.008,0.028,0.012,0.039,0.001,0.004,0.001,0.004,0.444,0.000
3,4294967295,477,47,sk_placeholder_kernel_dav_2201,sk_placeholder_kernel_dav_2201,dynamic,AI_VECTOR_CORE,1788186428095275.535	,0.720,0.000000,1,0,NO,N/A,N/A,N/A,N/A,N/A,N/A,N/A,0.0,0,0.0,0.0,0.0,0.0,0.0,0.0,0.0,0.0,0.0,0.0,0.0,0.194,320,0.008,0.044,0.012,0.063,0.001,0.006,0.001,0.006,0.444,0.000
3,4294967295,478,47,sk_scope_kernel_end_dav_2201,sk_scope_kernel_end_dav_2201,dynamic,AI_VECTOR_CORE,1788186428095276.275	,0.760,0.030000,1,0,NO,N/A,N/A,N/A,N/A,N/A,N/A,N/A,0.0,0,0.0,0.0,0.0,0.0,0.0,0.0,0.0,0.0,0.0,0.0,0.0,0.21,347,0.008,0.04,0.015,0.069,0.001,0.006,0.001,0.006,0.5,0.000
3,4294967295,479,47,sk_scope_kernel_begin_dav_2201,sk_scope_kernel_begin_dav_2201,dynamic,AI_VECTOR_CORE,1788186428095277.055	,0.760,0.000000,1,0,NO,N/A,N/A,N/A,N/A,N/A,N/A,N/A,0.0,0,0.0,0.0,0.0,0.0,0.0,0.0,0.0,0.0,0.0,0.0,0.0,0.214,353,0.008,0.04,0.012,0.057,0.001,0.006,0.001,0.006,0.444,0.000
3,4294967295,480,47,sk_placeholder_kernel_dav_2201,sk_placeholder_kernel_dav_2201,dynamic,AI_VECTOR_CORE,1788186428095304.835	,0.760,26.990000,1,0,NO,N/A,N/A,N/A,N/A,N/A,N/A,N/A,0.0,0,0.0,0.0,0.0,0.0,0.0,0.0,0.0,0.0,0.0,0.0,0.0,0.189,312,0.008,0.045,0.012,0.064,0.001,0.006,0.001,0.006,0.444,0.000
3,4294967295,481,47,sk_placeholder_kernel_dav_2201,sk_placeholder_kernel_dav_2201,dynamic,AI_VECTOR_CORE,1788186428095369.115	,0.760,63.490000,1,0,NO,N/A,N/A,N/A,N/A,N/A,N/A,N/A,0.0,0,0.0,0.0,0.0,0.0,0.0,0.0,0.0,0.0,0.0,0.0,0.0,0.19,313,0.008,0.045,0.012,0.064,0.001,0.006,0.001,0.006,0.444,0.000
3,4294967295,482,47,aclnnGroupedMatmulV5_GroupedMatmul_GroupedMatmul,GroupedMatmul,dynamic,MIX_AIC,1788186428096980.515	,52.380,1610.740000,20,0,NO,"""9216,7168;1,7168,4096;;;;;;1""",INT8;INT8;INT32;UINT64;FLOAT;FLOAT16;FLOAT16;INT64,ND;NCL;ND;ND;ND;ND;ND;ND,"""9216,4096""",INT32,ND,0,40.276,1329114,2.905,0.072,11.305,0.281,9.374,0.233,31.739,0.788,2.444,0.061,0.019,0.0,0,0.0,0.0,0.0,0.0,0.0,0.0,0.0,0.0,0.0,76.892
3,4294967295,483,47,DequantSwigluQuant,DequantSwigluQuant,dynamic,AI_VECTOR_CORE,1788186428097199.995	,7.960,167.120000,36,0,NO,"""9216,4096;1,4096;9216;;1,2048;;1""",INT32;FLOAT;FLOAT;DT_UNDEFINED;FLOAT;DT_UNDEFINED;INT64,ND;ND;ND;NULL;ND;NULL;ND,"""9216,2048;9216""",INT8;FLOAT,ND;ND,N/A,0.0,0,0.0,0.0,0.0,0.0,0.0,0.0,0.0,0.0,0.0,0.0,0.0,4.673,277586,0.057,0.012,1.362,0.291,0.331,0.071,0.006,0.001,0.186,0.000
3,4294967295,484,47,aclnnGroupedMatmulV5_GroupedMatmul_GroupedMatmul,GroupedMatmul,dynamic,MIX_AIC,1788186428099005.935	,37.440,1798.040000,20,20,NO,"""9216,2048;1,2048,7168;;1,7168;;;;1;9216""",INT8;INT8;INT32;DT_BF16;FLOAT;FLOAT16;FLOAT16;INT64;FLOAT,ND;NCL;ND;ND;ND;ND;ND;ND;ND,"""9216,7168""",DT_BF16,ND,0,30.037,991228,1.453,0.048,12.351,0.411,4.689,0.156,18.58,0.619,4.697,0.156,0.042,29.776,982613,0.215,0.007,3.809,0.128,1.715,0.058,0.181,0.006,0.124,80.228
3,4294967295,485,47,aclnnDynamicQuantV2_DynamicQuant_DynamicQuant,DynamicQuant,dynamic,AI_VECTOR_CORE,1788186428099708.635	,328.880,665.310000,40,0,NO,"""9216,7168""",DT_BF16,ND,"""9216,7168;9216""",INT8;FLOAT,ND;ND,N/A,0.0,0,0.0,0.0,0.0,0.0,0.0,0.0,0.0,0.0,0.0,0.0,0.0,322.722,21299634,188.862,0.585,30.836,0.096,291.662,0.904,161.945,0.502,0.005,0.000
3,4294967295,486,47,clear_ops,clear_ops,dynamic,MIX_AIC,1788186428100038.675	,33.460,1.120000,20,40,NO,N/A,N/A,N/A,N/A,N/A,N/A,0,31.233,1030704,0.0,0.0,4.584,0.147,0.001,0.0,0.001,0.0,0.001,0.0,0.128,31.131,2054623,0.008,0.0,4.023,0.129,0.001,0.0,0.001,0.0,0.148,93.346
3,4294967295,487,47,sk_placeholder_kernel_dav_2201,sk_placeholder_kernel_dav_2201,dynamic,AI_VECTOR_CORE,1788186428100073.215	,0.880,1.040000,1,0,NO,N/A,N/A,N/A,N/A,N/A,N/A,N/A,0.0,0,0.0,0.0,0.0,0.0,0.0,0.0,0.0,0.0,0.0,0.0,0.0,0.316,522,0.008,0.027,0.012,0.038,0.001,0.004,0.001,0.004,0.444,0.000
3,4294967295,488,47,sk_placeholder_kernel_dav_2201,sk_placeholder_kernel_dav_2201,dynamic,AI_VECTOR_CORE,1788186428100074.115	,0.780,0.000000,1,0,NO,N/A,N/A,N/A,N/A,N/A,N/A,N/A,0.0,0,0.0,0.0,0.0,0.0,0.0,0.0,0.0,0.0,0.0,0.0,0.0,0.204,337,0.008,0.042,0.012,0.059,0.001,0.006,0.001,0.006,0.444,0.000
3,4294967295,489,47,sk_scope_kernel_end_dav_2201,sk_scope_kernel_end_dav_2201,dynamic,AI_VECTOR_CORE,1788186428100074.935	,0.760,0.220000,1,0,NO,N/A,N/A,N/A,N/A,N/A,N/A,N/A,0.0,0,0.0,0.0,0.0,0.0,0.0,0.0,0.0,0.0,0.0,0.0,0.0,0.25,413,0.008,0.034,0.015,0.058,0.001,0.005,0.001,0.005,0.5,0.000
3,4294967295,490,47,sk_scope_kernel_begin_dav_2201,sk_scope_kernel_begin_dav_2201,dynamic,AI_VECTOR_CORE,1788186428100075.715	,0.760,0.000000,1,0,NO,N/A,N/A,N/A,N/A,N/A,N/A,N/A,0.0,0,0.0,0.0,0.0,0.0,0.0,0.0,0.0,0.0,0.0,0.0,0.0,0.249,411,0.008,0.034,0.012,0.049,0.001,0.005,0.001,0.005,0.444,0.000
3,4294967295,491,47,sk_placeholder_kernel_dav_2201,sk_placeholder_kernel_dav_2201,dynamic,AI_VECTOR_CORE,1788186428100129.295	,0.740,52.740000,1,0,NO,N/A,N/A,N/A,N/A,N/A,N/A,N/A,0.0,0,0.0,0.0,0.0,0.0,0.0,0.0,0.0,0.0,0.0,0.0,0.0,0.208,344,0.008,0.041,0.012,0.058,0.001,0.006,0.001,0.006,0.444,0.000
3,4294967295,492,47,sk_placeholder_kernel_dav_2201,sk_placeholder_kernel_dav_2201,dynamic,AI_VECTOR_CORE,1788186428100171.775	,0.740,41.760000,1,0,NO,N/A,N/A,N/A,N/A,N/A,N/A,N/A,0.0,0,0.0,0.0,0.0,0.0,0.0,0.0,0.0,0.0,0.0,0.0,0.0,0.208,344,0.008,0.041,0.012,0.058,0.001,0.006,0.001,0.006,0.444,0.000
3,4294967295,493,47,aclnnGroupedMatmulV5_GroupedMatmul_GroupedMatmul,GroupedMatmul,dynamic,MIX_AIC,1788186428101827.995	,50.700,1655.510000,20,0,NO,"""9216,7168;1,7168,4096;;;;;;1""",INT8;INT8;INT32;UINT64;FLOAT;FLOAT16;FLOAT16;INT64,ND;NCL;ND;ND;ND;ND;ND;ND,"""9216,4096""",INT32,ND,0,38.148,1258892,2.905,0.076,9.452,0.248,9.383,0.246,31.462,0.825,2.367,0.062,0.022,0.0,0,0.0,0.0,0.0,0.0,0.0,0.0,0.0,0.0,0.0,75.243
3,4294967295,494,47,DequantSwigluQuant,DequantSwigluQuant,dynamic,AI_VECTOR_CORE,1788186428101994.075	,8.760,115.300000,36,0,NO,"""9216,4096;1,4096;9216;;1,2048;;1""",INT32;FLOAT;FLOAT;DT_UNDEFINED;FLOAT;DT_UNDEFINED;INT64,ND;ND;ND;NULL;ND;NULL;ND,"""9216,2048;9216""",INT8;FLOAT,ND;ND,N/A,0.0,0,0.0,0.0,0.0,0.0,0.0,0.0,0.0,0.0,0.0,0.0,0.0,5.296,314577,0.057,0.011,1.807,0.341,0.603,0.114,0.005,0.001,0.186,0.000
3,4294967295,495,47,aclnnGroupedMatmulV5_GroupedMatmul_GroupedMatmul,GroupedMatmul,dynamic,MIX_AIC,1788186428103828.755	,42.320,1825.990000,20,20,NO,"""9216,2048;1,2048,7168;;1,7168;;;;1;9216""",INT8;INT8;INT32;DT_BF16;FLOAT;FLOAT16;FLOAT16;INT64;FLOAT,ND;NCL;ND;ND;ND;ND;ND;ND;ND,"""9216,7168""",DT_BF16,ND,0,30.057,991867,1.453,0.048,13.407,0.446,4.688,0.156,18.502,0.616,4.6,0.153,0.041,29.739,981400,0.202,0.007,4.179,0.141,2.073,0.07,0.177,0.006,0.127,71.022
3,4294967295,496,47,aclnnDynamicQuantV2_DynamicQuant_DynamicQuant,DynamicQuant,dynamic,AI_VECTOR_CORE,1788186428104534.955	,328.100,663.930000,40,0,NO,"""9216,7168""",DT_BF16,ND,"""9216,7168;9216""",INT8;FLOAT,ND;ND,N/A,0.0,0,0.0,0.0,0.0,0.0,0.0,0.0,0.0,0.0,0.0,0.0,0.0,322.47,21283036,188.862,0.586,30.097,0.093,289.823,0.899,162.84,0.505,0.005,0.000
3,4294967295,497,47,clear_ops,clear_ops,dynamic,MIX_AIC,1788186428104864.435	,35.440,1.400000,20,40,NO,N/A,N/A,N/A,N/A,N/A,N/A,0,33.266,1097765,0.0,0.0,4.581,0.138,0.001,0.0,0.001,0.0,0.001,0.0,0.129,33.167,2188993,0.008,0.0,3.985,0.12,0.001,0.0,0.001,0.0,0.148,93.865
3,4294967295,498,47,sk_placeholder_kernel_dav_2201,sk_placeholder_kernel_dav_2201,dynamic,AI_VECTOR_CORE,1788186428104900.755	,1.080,0.810000,1,0,NO,N/A,N/A,N/A,N/A,N/A,N/A,N/A,0.0,0,0.0,0.0,0.0,0.0,0.0,0.0,0.0,0.0,0.0,0.0,0.0,0.522,862,0.008,0.016,0.012,0.023,0.001,0.002,0.001,0.002,0.444,0.000
3,4294967295,499,47,sk_placeholder_kernel_dav_2201,sk_placeholder_kernel_dav_2201,dynamic,AI_VECTOR_CORE,1788186428104901.875	,0.740,0.170000,1,0,NO,N/A,N/A,N/A,N/A,N/A,N/A,N/A,0.0,0,0.0,0.0,0.0,0.0,0.0,0.0,0.0,0.0,0.0,0.0,0.0,0.191,315,0.008,0.044,0.012,0.063,0.001,0.006,0.001,0.006,0.444,0.000
3,4294967295,500,47,sk_scope_kernel_end_dav_2201,sk_scope_kernel_end_dav_2201,dynamic,AI_VECTOR_CORE,1788186428104902.635	,0.800,0.010000,1,0,NO,N/A,N/A,N/A,N/A,N/A,N/A,N/A,0.0,0,0.0,0.0,0.0,0.0,0.0,0.0,0.0,0.0,0.0,0.0,0.0,0.221,364,0.008,0.038,0.015,0.066,0.001,0.005,0.001,0.005,0.5,0.000
3,4294967295,501,47,sk_scope_kernel_begin_dav_2201,sk_scope_kernel_begin_dav_2201,dynamic,AI_VECTOR_CORE,1788186428104912.055	,0.800,8.450000,1,0,NO,N/A,N/A,N/A,N/A,N/A,N/A,N/A,0.0,0,0.0,0.0,0.0,0.0,0.0,0.0,0.0,0.0,0.0,0.0,0.0,0.224,369,0.008,0.038,0.012,0.054,0.001,0.005,0.001,0.005,0.444,0.000
3,4294967295,502,47,sk_placeholder_kernel_dav_2201,sk_placeholder_kernel_dav_2201,dynamic,AI_VECTOR_CORE,1788186428104955.615	,0.660,42.700000,1,0,NO,N/A,N/A,N/A,N/A,N/A,N/A,N/A,0.0,0,0.0,0.0,0.0,0.0,0.0,0.0,0.0,0.0,0.0,0.0,0.0,0.19,313,0.008,0.045,0.012,0.064,0.001,0.006,0.001,0.006,0.444,0.000
3,4294967295,503,47,sk_placeholder_kernel_dav_2201,sk_placeholder_kernel_dav_2201,dynamic,AI_VECTOR_CORE,1788186428104992.155	,0.680,36.090000,1,0,NO,N/A,N/A,N/A,N/A,N/A,N/A,N/A,0.0,0,0.0,0.0,0.0,0.0,0.0,0.0,0.0,0.0,0.0,0.0,0.0,0.19,314,0.008,0.045,0.012,0.064,0.001,0.006,0.001,0.006,0.444,0.000
3,4294967295,504,47,aclnnGroupedMatmulV5_GroupedMatmul_GroupedMatmul,GroupedMatmul,dynamic,MIX_AIC,1788186428106649.255	,49.040,1656.320000,20,0,NO,"""9216,7168;1,7168,4096;;;;;;1""",INT8;INT8;INT32;UINT64;FLOAT;FLOAT16;FLOAT16;INT64,ND;NCL;ND;ND;ND;ND;ND;ND,"""9216,4096""",INT32,ND,0,37.975,1253190,2.905,0.077,9.166,0.241,9.385,0.247,31.368,0.826,2.476,0.065,0.023,0.0,0,0.0,0.0,0.0,0.0,0.0,0.0,0.0,0.0,0.0,77.438
3,4294967295,505,47,DequantSwigluQuant,DequantSwigluQuant,dynamic,AI_VECTOR_CORE,1788186428106822.515	,8.440,124.210000,36,0,NO,"""9216,4096;1,4096;9216;;1,2048;;1""",INT32;FLOAT;FLOAT;DT_UNDEFINED;FLOAT;DT_UNDEFINED;INT64,ND;ND;ND;NULL;ND;NULL;ND,"""9216,2048;9216""",INT8;FLOAT,ND;ND,N/A,0.0,0,0.0,0.0,0.0,0.0,0.0,0.0,0.0,0.0,0.0,0.0,0.0,4.939,293387,0.057,0.011,1.612,0.326,0.56,0.113,0.005,0.001,0.187,0.000
3,4294967295,506,47,aclnnGroupedMatmulV5_GroupedMatmul_GroupedMatmul,GroupedMatmul,dynamic,MIX_AIC,1788186428108671.795	,43.320,1840.810000,20,20,NO,"""9216,2048;1,2048,7168;;1,7168;;;;1;9216""",INT8;INT8;INT32;DT_BF16;FLOAT;FLOAT16;FLOAT16;INT64;FLOAT,ND;NCL;ND;ND;ND;ND;ND;ND;ND,"""9216,7168""",DT_BF16,ND,0,31.87,1051719,1.453,0.046,15.563,0.488,4.689,0.147,18.855,0.592,4.749,0.149,0.037,31.537,1040732,0.197,0.006,5.235,0.166,2.427,0.077,0.184,0.006,0.127,73.569
3,4294967295,507,47,aclnnDynamicQuantV2_DynamicQuant_DynamicQuant,DynamicQuant,dynamic,AI_VECTOR_CORE,1788186428109394.695	,329.020,679.680000,40,0,NO,"""9216,7168""",DT_BF16,ND,"""9216,7168;9216""",INT8;FLOAT,ND;ND,N/A,0.0,0,0.0,0.0,0.0,0.0,0.0,0.0,0.0,0.0,0.0,0.0,0.0,322.521,21286403,188.862,0.586,30.658,0.095,291.07,0.902,151.562,0.47,0.005,0.000
3,4294967295,508,47,clear_ops,clear_ops,dynamic,MIX_AIC,1788186428109724.855	,34.020,0.980000,20,40,NO,N/A,N/A,N/A,N/A,N/A,N/A,0,31.765,1048240,0.0,0.0,4.68,0.147,0.001,0.0,0.001,0.0,0.001,0.0,0.128,31.661,2089653,0.008,0.0,3.99,0.126,0.001,0.0,0.001,0.0,0.148,93.371
3,4294967295,509,47,sk_placeholder_kernel_dav_2201,sk_placeholder_kernel_dav_2201,dynamic,AI_VECTOR_CORE,1788186428109759.995	,0.980,1.230000,1,0,NO,N/A,N/A,N/A,N/A,N/A,N/A,N/A,0.0,0,0.0,0.0,0.0,0.0,0.0,0.0,0.0,0.0,0.0,0.0,0.0,0.44,726,0.008,0.019,0.012,0.028,0.001,0.003,0.001,0.003,0.444,0.000
3,4294967295,510,47,sk_placeholder_kernel_dav_2201,sk_placeholder_kernel_dav_2201,dynamic,AI_VECTOR_CORE,1788186428109760.995	,0.740,0.020000,1,0,NO,N/A,N/A,N/A,N/A,N/A,N/A,N/A,0.0,0,0.0,0.0,0.0,0.0,0.0,0.0,0.0,0.0,0.0,0.0,0.0,0.208,343,0.008,0.041,0.012,0.058,0.001,0.006,0.001,0.006,0.444,0.000
3,4294967295,511,47,sk_scope_kernel_end_dav_2201,sk_scope_kernel_end_dav_2201,dynamic,AI_VECTOR_CORE,1788186428109761.755	,0.820,0.010000,1,0,NO,N/A,N/A,N/A,N/A,N/A,N/A,N/A,0.0,0,0.0,0.0,0.0,0.0,0.0,0.0,0.0,0.0,0.0,0.0,0.0,0.255,420,0.008,0.033,0.015,0.057,0.001,0.005,0.001,0.005,0.5,0.000
3,4294967295,512,47,sk_scope_kernel_begin_dav_2201,sk_scope_kernel_begin_dav_2201,dynamic,AI_VECTOR_CORE,1788186428109800.615	,0.820,37.930000,1,0,NO,N/A,N/A,N/A,N/A,N/A,N/A,N/A,0.0,0,0.0,0.0,0.0,0.0,0.0,0.0,0.0,0.0,0.0,0.0,0.0,0.256,422,0.008,0.033,0.012,0.047,0.001,0.005,0.001,0.005,0.444,0.000
3,4294967295,513,47,sk_placeholder_kernel_dav_2201,sk_placeholder_kernel_dav_2201,dynamic,AI_VECTOR_CORE,1788186428109853.835	,0.760,52.430000,1,0,NO,N/A,N/A,N/A,N/A,N/A,N/A,N/A,0.0,0,0.0,0.0,0.0,0.0,0.0,0.0,0.0,0.0,0.0,0.0,0.0,0.203,335,0.008,0.042,0.012,0.06,0.001,0.006,0.001,0.006,0.444,0.000
3,4294967295,514,47,sk_placeholder_kernel_dav_2201,sk_placeholder_kernel_dav_2201,dynamic,AI_VECTOR_CORE,1788186428109886.115	,0.760,31.490000,1,0,NO,N/A,N/A,N/A,N/A,N/A,N/A,N/A,0.0,0,0.0,0.0,0.0,0.0,0.0,0.0,0.0,0.0,0.0,0.0,0.0,0.204,336,0.008,0.042,0.012,0.06,0.001,0.006,0.001,0.006,0.444,0.000
3,4294967295,515,47,aclnnGroupedMatmulV5_GroupedMatmul_GroupedMatmul,GroupedMatmul,dynamic,MIX_AIC,1788186428111524.175	,49.540,1637.490000,20,0,NO,"""9216,7168;1,7168,4096;;;;;;1""",INT8;INT8;INT32;UINT64;FLOAT;FLOAT16;FLOAT16;INT64,ND;NCL;ND;ND;ND;ND;ND;ND,"""9216,4096""",INT32,ND,0,38.001,1254039,2.905,0.076,9.479,0.249,9.376,0.247,31.513,0.829,2.445,0.064,0.022,0.0,0,0.0,0.0,0.0,0.0,0.0,0.0,0.0,0.0,0.0,76.708
3,4294967295,516,47,DequantSwigluQuant,DequantSwigluQuant,dynamic,AI_VECTOR_CORE,1788186428111688.415	,8.320,114.710000,36,0,NO,"""9216,4096;1,4096;9216;;1,2048;;1""",INT32;FLOAT;FLOAT;DT_UNDEFINED;FLOAT;DT_UNDEFINED;INT64,ND;ND;ND;NULL;ND;NULL;ND,"""9216,2048;9216""",INT8;FLOAT,ND;ND,N/A,0.0,0,0.0,0.0,0.0,0.0,0.0,0.0,0.0,0.0,0.0,0.0,0.0,4.919,292195,0.057,0.011,1.489,0.303,0.392,0.08,0.005,0.001,0.187,0.000
3,4294967295,517,47,aclnnGroupedMatmulV5_GroupedMatmul_GroupedMatmul,GroupedMatmul,dynamic,MIX_AIC,1788186428113541.355	,43.560,1844.430000,20,20,NO,"""9216,2048;1,2048,7168;;1,7168;;;;1;9216""",INT8;INT8;INT32;DT_BF16;FLOAT;FLOAT16;FLOAT16;INT64;FLOAT,ND;NCL;ND;ND;ND;ND;ND;ND;ND,"""9216,7168""",DT_BF16,ND,0,31.184,1029061,1.453,0.047,14.798,0.475,4.686,0.15,18.712,0.6,4.65,0.149,0.038,30.891,1019417,0.196,0.006,5.353,0.173,2.907,0.094,0.178,0.006,0.128,71.588
3,4294967295,518,47,aclnnDynamicQuantV2_DynamicQuant_DynamicQuant,DynamicQuant,dynamic,AI_VECTOR_CORE,1788186428114248.355	,329.520,663.440000,40,0,NO,"""9216,7168""",DT_BF16,ND,"""9216,7168;9216""",INT8;FLOAT,ND;ND,N/A,0.0,0,0.0,0.0,0.0,0.0,0.0,0.0,0.0,0.0,0.0,0.0,0.0,323.764,21368401,188.863,0.583,30.956,0.096,293.005,0.905,164.94,0.509,0.005,0.000
3,4294967295,519,47,clear_ops,clear_ops,dynamic,MIX_AIC,1788186428114579.175	,33.260,1.480000,20,40,NO,N/A,N/A,N/A,N/A,N/A,N/A,0,30.952,1021421,0.0,0.0,4.676,0.151,0.001,0.0,0.001,0.0,0.001,0.0,0.127,30.851,2036159,0.008,0.0,4.054,0.131,0.001,0.0,0.001,0.0,0.147,93.061
3,4294967295,520,47,sk_placeholder_kernel_dav_2201,sk_placeholder_kernel_dav_2201,dynamic,AI_VECTOR_CORE,1788186428114613.135	,0.780,0.740000,1,0,NO,N/A,N/A,N/A,N/A,N/A,N/A,N/A,0.0,0,0.0,0.0,0.0,0.0,0.0,0.0,0.0,0.0,0.0,0.0,0.0,0.306,505,0.008,0.028,0.012,0.04,0.001,0.004,0.001,0.004,0.444,0.000
3,4294967295,521,47,sk_placeholder_kernel_dav_2201,sk_placeholder_kernel_dav_2201,dynamic,AI_VECTOR_CORE,1788186428114613.935	,0.660,0.000000,1,0,NO,N/A,N/A,N/A,N/A,N/A,N/A,N/A,0.0,0,0.0,0.0,0.0,0.0,0.0,0.0,0.0,0.0,0.0,0.0,0.0,0.19,314,0.008,0.045,0.012,0.064,0.001,0.006,0.001,0.006,0.444,0.000
3,4294967295,522,47,sk_scope_kernel_end_dav_2201,sk_scope_kernel_end_dav_2201,dynamic,AI_VECTOR_CORE,1788186428114614.635	,0.700,0.090000,1,0,NO,N/A,N/A,N/A,N/A,N/A,N/A,N/A,0.0,0,0.0,0.0,0.0,0.0,0.0,0.0,0.0,0.0,0.0,0.0,0.0,0.218,359,0.008,0.039,0.015,0.067,0.001,0.006,0.001,0.006,0.5,0.000
3,4294967295,523,47,sk_scope_kernel_begin_dav_2201,sk_scope_kernel_begin_dav_2201,dynamic,AI_VECTOR_CORE,1788186428114621.395	,0.700,6.050000,1,0,NO,N/A,N/A,N/A,N/A,N/A,N/A,N/A,0.0,0,0.0,0.0,0.0,0.0,0.0,0.0,0.0,0.0,0.0,0.0,0.0,0.219,361,0.008,0.039,0.012,0.055,0.001,0.006,0.001,0.006,0.444,0.000
3,4294967295,524,47,sk_placeholder_kernel_dav_2201,sk_placeholder_kernel_dav_2201,dynamic,AI_VECTOR_CORE,1788186428114668.555	,0.720,46.300000,1,0,NO,N/A,N/A,N/A,N/A,N/A,N/A,N/A,0.0,0,0.0,0.0,0.0,0.0,0.0,0.0,0.0,0.0,0.0,0.0,0.0,0.187,309,0.008,0.045,0.012,0.065,0.001,0.006,0.001,0.006,0.444,0.000
3,4294967295,525,47,sk_placeholder_kernel_dav_2201,sk_placeholder_kernel_dav_2201,dynamic,AI_VECTOR_CORE,1788186428114701.035	,0.720,31.780000,1,0,NO,N/A,N/A,N/A,N/A,N/A,N/A,N/A,0.0,0,0.0,0.0,0.0,0.0,0.0,0.0,0.0,0.0,0.0,0.0,0.0,0.187,309,0.008,0.045,0.012,0.065,0.001,0.006,0.001,0.006,0.444,0.000
3,4294967295,526,47,aclnnGroupedMatmulV5_GroupedMatmul_GroupedMatmul,GroupedMatmul,dynamic,MIX_AIC,1788186428116360.475	,49.620,1658.780000,20,0,NO,"""9216,7168;1,7168,4096;;;;;;1""",INT8;INT8;INT32;UINT64;FLOAT;FLOAT16;FLOAT16;INT64,ND;NCL;ND;ND;ND;ND;ND;ND,"""9216,4096""",INT32,ND,0,37.462,1236261,2.905,0.078,9.088,0.243,9.375,0.25,31.37,0.837,2.374,0.063,0.023,0.0,0,0.0,0.0,0.0,0.0,0.0,0.0,0.0,0.0,0.0,75.499
3,4294967295,527,47,DequantSwigluQuant,DequantSwigluQuant,dynamic,AI_VECTOR_CORE,1788186428116514.915	,9.640,104.880000,36,0,NO,"""9216,4096;1,4096;9216;;1,2048;;1""",INT32;FLOAT;FLOAT;DT_UNDEFINED;FLOAT;DT_UNDEFINED;INT64,ND;ND;ND;NULL;ND;NULL;ND,"""9216,2048;9216""",INT8;FLOAT,ND;ND,N/A,0.0,0,0.0,0.0,0.0,0.0,0.0,0.0,0.0,0.0,0.0,0.0,0.0,5.637,334810,0.057,0.01,2.07,0.367,0.841,0.149,0.005,0.001,0.186,0.000
3,4294967295,528,47,aclnnGroupedMatmulV5_GroupedMatmul_GroupedMatmul,GroupedMatmul,dynamic,MIX_AIC,1788186428118363.275	,42.000,1838.610000,20,20,NO,"""9216,2048;1,2048,7168;;1,7168;;;;1;9216""",INT8;INT8;INT32;DT_BF16;FLOAT;FLOAT16;FLOAT16;INT64;FLOAT,ND;NCL;ND;ND;ND;ND;ND;ND;ND,"""9216,7168""",DT_BF16,ND,0,30.116,993838,1.453,0.048,12.46,0.414,4.689,0.156,18.456,0.613,4.551,0.151,0.042,29.83,984397,0.21,0.007,3.971,0.133,1.518,0.051,0.184,0.006,0.127,71.705
3,4294967295,529,47,aclnnDynamicQuantV2_DynamicQuant_DynamicQuant,DynamicQuant,dynamic,AI_VECTOR_CORE,1788186428119079.415	,330.160,674.250000,40,0,NO,"""9216,7168""",DT_BF16,ND,"""9216,7168;9216""",INT8;FLOAT,ND;ND,N/A,0.0,0,0.0,0.0,0.0,0.0,0.0,0.0,0.0,0.0,0.0,0.0,0.0,323.891,21376776,188.866,0.583,30.311,0.094,291.673,0.901,162.11,0.501,0.005,0.000
3,4294967295,530,47,clear_ops,clear_ops,dynamic,MIX_AIC,1788186428119411.075	,35.240,1.340000,20,40,NO,N/A,N/A,N/A,N/A,N/A,N/A,0,32.965,1087846,0.0,0.0,4.583,0.139,0.001,0.0,0.001,0.0,0.001,0.0,0.128,32.862,2168879,0.008,0.0,3.923,0.119,0.001,0.0,0.001,0.0,0.149,93.544
3,4294967295,531,47,sk_placeholder_kernel_dav_2201,sk_placeholder_kernel_dav_2201,dynamic,AI_VECTOR_CORE,1788186428119447.435	,0.880,1.260000,1,0,NO,N/A,N/A,N/A,N/A,N/A,N/A,N/A,0.0,0,0.0,0.0,0.0,0.0,0.0,0.0,0.0,0.0,0.0,0.0,0.0,0.316,521,0.008,0.027,0.012,0.038,0.001,0.004,0.001,0.004,0.444,0.000
3,4294967295,532,47,sk_placeholder_kernel_dav_2201,sk_placeholder_kernel_dav_2201,dynamic,AI_VECTOR_CORE,1788186428119448.335	,0.780,0.000000,1,0,NO,N/A,N/A,N/A,N/A,N/A,N/A,N/A,0.0,0,0.0,0.0,0.0,0.0,0.0,0.0,0.0,0.0,0.0,0.0,0.0,0.204,336,0.008,0.042,0.012,0.06,0.001,0.006,0.001,0.006,0.444,0.000
3,4294967295,533,47,sk_scope_kernel_end_dav_2201,sk_scope_kernel_end_dav_2201,dynamic,AI_VECTOR_CORE,1788186428119449.135	,0.820,0.220000,1,0,NO,N/A,N/A,N/A,N/A,N/A,N/A,N/A,0.0,0,0.0,0.0,0.0,0.0,0.0,0.0,0.0,0.0,0.0,0.0,0.0,0.253,417,0.008,0.034,0.015,0.058,0.001,0.005,0.001,0.005,0.5,0.000
3,4294967295,534,47,sk_scope_kernel_begin_dav_2201,sk_scope_kernel_begin_dav_2201,dynamic,AI_VECTOR_CORE,1788186428119461.315	,0.840,11.180000,1,0,NO,N/A,N/A,N/A,N/A,N/A,N/A,N/A,0.0,0,0.0,0.0,0.0,0.0,0.0,0.0,0.0,0.0,0.0,0.0,0.0,0.252,415,0.008,0.034,0.012,0.048,0.001,0.005,0.001,0.005,0.444,0.000
3,4294967295,535,47,sk_placeholder_kernel_dav_2201,sk_placeholder_kernel_dav_2201,dynamic,AI_VECTOR_CORE,1788186428119510.095	,0.820,47.910000,1,0,NO,N/A,N/A,N/A,N/A,N/A,N/A,N/A,0.0,0,0.0,0.0,0.0,0.0,0.0,0.0,0.0,0.0,0.0,0.0,0.0,0.215,355,0.008,0.039,0.012,0.056,0.001,0.006,0.001,0.006,0.444,0.000
3,4294967295,536,47,sk_placeholder_kernel_dav_2201,sk_placeholder_kernel_dav_2201,dynamic,AI_VECTOR_CORE,1788186428119552.015	,0.800,41.180000,1,0,NO,N/A,N/A,N/A,N/A,N/A,N/A,N/A,0.0,0,0.0,0.0,0.0,0.0,0.0,0.0,0.0,0.0,0.0,0.0,0.0,0.213,352,0.008,0.04,0.012,0.057,0.001,0.006,0.001,0.006,0.444,0.000
3,4294967295,537,47,aclnnGroupedMatmulV5_GroupedMatmul_GroupedMatmul,GroupedMatmul,dynamic,MIX_AIC,1788186428121194.795	,49.900,1641.950000,20,0,NO,"""9216,7168;1,7168,4096;;;;;;1""",INT8;INT8;INT32;UINT64;FLOAT;FLOAT16;FLOAT16;INT64,ND;NCL;ND;ND;ND;ND;ND;ND,"""9216,4096""",INT32,ND,0,37.405,1234356,2.905,0.078,8.91,0.238,9.375,0.251,31.293,0.837,2.427,0.065,0.023,0.0,0,0.0,0.0,0.0,0.0,0.0,0.0,0.0,0.0,0.0,74.959
3,4294967295,538,47,DequantSwigluQuant,DequantSwigluQuant,dynamic,AI_VECTOR_CORE,1788186428121360.375	,8.760,115.850000,36,0,NO,"""9216,4096;1,4096;9216;;1,2048;;1""",INT32;FLOAT;FLOAT;DT_UNDEFINED;FLOAT;DT_UNDEFINED;INT64,ND;ND;ND;NULL;ND;NULL;ND,"""9216,2048;9216""",INT8;FLOAT,ND;ND,N/A,0.0,0,0.0,0.0,0.0,0.0,0.0,0.0,0.0,0.0,0.0,0.0,0.0,5.192,308424,0.057,0.011,1.642,0.316,0.537,0.103,0.006,0.001,0.188,0.000
3,4294967295,539,47,aclnnGroupedMatmulV5_GroupedMatmul_GroupedMatmul,GroupedMatmul,dynamic,MIX_AIC,1788186428123233.675	,39.980,1864.490000,20,20,NO,"""9216,2048;1,2048,7168;;1,7168;;;;1;9216""",INT8;INT8;INT32;DT_BF16;FLOAT;FLOAT16;FLOAT16;INT64;FLOAT,ND;NCL;ND;ND;ND;ND;ND;ND;ND,"""9216,7168""",DT_BF16,ND,0,30.338,1001139,1.453,0.048,12.098,0.399,4.688,0.155,19.008,0.627,4.696,0.155,0.042,30.081,992688,0.21,0.007,3.682,0.122,1.836,0.061,0.183,0.006,0.127,75.882
3,4294967295,540,47,aclnnDynamicQuantV2_DynamicQuant_DynamicQuant,DynamicQuant,dynamic,AI_VECTOR_CORE,1788186428123917.555	,328.920,643.770000,40,0,NO,"""9216,7168""",DT_BF16,ND,"""9216,7168;9216""",INT8;FLOAT,ND;ND,N/A,0.0,0,0.0,0.0,0.0,0.0,0.0,0.0,0.0,0.0,0.0,0.0,0.0,322.023,21253527,188.865,0.586,30.529,0.095,291.784,0.906,170.592,0.53,0.005,0.000
3,4294967295,541,47,clear_ops,clear_ops,dynamic,MIX_AIC,1788186428124247.755	,33.620,1.330000,20,40,NO,N/A,N/A,N/A,N/A,N/A,N/A,0,31.349,1034520,0.0,0.0,4.659,0.149,0.001,0.0,0.001,0.0,0.001,0.0,0.126,31.248,2062401,0.008,0.0,4.042,0.129,0.001,0.0,0.001,0.0,0.147,93.245
3,4294967295,542,47,sk_placeholder_kernel_dav_2201,sk_placeholder_kernel_dav_2201,dynamic,AI_VECTOR_CORE,1788186428124282.275	,0.860,0.880000,1,0,NO,N/A,N/A,N/A,N/A,N/A,N/A,N/A,0.0,0,0.0,0.0,0.0,0.0,0.0,0.0,0.0,0.0,0.0,0.0,0.0,0.3,495,0.008,0.028,0.012,0.04,0.001,0.004,0.001,0.004,0.444,0.000
3,4294967295,543,47,sk_placeholder_kernel_dav_2201,sk_placeholder_kernel_dav_2201,dynamic,AI_VECTOR_CORE,1788186428124283.155	,0.720,0.140000,1,0,NO,N/A,N/A,N/A,N/A,N/A,N/A,N/A,0.0,0,0.0,0.0,0.0,0.0,0.0,0.0,0.0,0.0,0.0,0.0,0.0,0.187,309,0.008,0.045,0.012,0.065,0.001,0.006,0.001,0.006,0.444,0.000
3,4294967295,544,47,sk_scope_kernel_end_dav_2201,sk_scope_kernel_end_dav_2201,dynamic,AI_VECTOR_CORE,1788186428124283.915	,0.780,0.030000,1,0,NO,N/A,N/A,N/A,N/A,N/A,N/A,N/A,0.0,0,0.0,0.0,0.0,0.0,0.0,0.0,0.0,0.0,0.0,0.0,0.0,0.225,372,0.008,0.038,0.015,0.065,0.001,0.005,0.001,0.005,0.5,0.000
3,4294967295,545,47,sk_scope_kernel_begin_dav_2201,sk_scope_kernel_begin_dav_2201,dynamic,AI_VECTOR_CORE,1788186428124284.715	,0.780,0.000000,1,0,NO,N/A,N/A,N/A,N/A,N/A,N/A,N/A,0.0,0,0.0,0.0,0.0,0.0,0.0,0.0,0.0,0.0,0.0,0.0,0.0,0.224,370,0.008,0.038,0.012,0.054,0.001,0.005,0.001,0.005,0.444,0.000
3,4294967295,546,47,sk_placeholder_kernel_dav_2201,sk_placeholder_kernel_dav_2201,dynamic,AI_VECTOR_CORE,1788186428124318.355	,0.720,32.720000,1,0,NO,N/A,N/A,N/A,N/A,N/A,N/A,N/A,0.0,0,0.0,0.0,0.0,0.0,0.0,0.0,0.0,0.0,0.0,0.0,0.0,0.208,343,0.008,0.041,0.012,0.058,0.001,0.006,0.001,0.006,0.444,0.000
3,4294967295,547,47,sk_placeholder_kernel_dav_2201,sk_placeholder_kernel_dav_2201,dynamic,AI_VECTOR_CORE,1788186428124349.515	,0.720,30.530000,1,0,NO,N/A,N/A,N/A,N/A,N/A,N/A,N/A,0.0,0,0.0,0.0,0.0,0.0,0.0,0.0,0.0,0.0,0.0,0.0,0.0,0.206,340,0.008,0.041,0.012,0.059,0.001,0.006,0.001,0.006,0.444,0.000
3,4294967295,548,47,aclnnGroupedMatmulV5_GroupedMatmul_GroupedMatmul,GroupedMatmul,dynamic,MIX_AIC,1788186428125990.275	,51.040,1640.030000,20,0,NO,"""9216,7168;1,7168,4096;;;;;;1""",INT8;INT8;INT32;UINT64;FLOAT;FLOAT16;FLOAT16;INT64,ND;NCL;ND;ND;ND;ND;ND;ND,"""9216,4096""",INT32,ND,0,40.224,1327380,2.905,0.072,11.333,0.282,9.377,0.233,31.538,0.784,2.463,0.061,0.019,0.0,0,0.0,0.0,0.0,0.0,0.0,0.0,0.0,0.0,0.0,78.808
3,4294967295,549,47,DequantSwigluQuant,DequantSwigluQuant,dynamic,AI_VECTOR_CORE,1788186428126179.195	,8.680,137.960000,36,0,NO,"""9216,4096;1,4096;9216;;1,2048;;1""",INT32;FLOAT;FLOAT;DT_UNDEFINED;FLOAT;DT_UNDEFINED;INT64,ND;ND;ND;NULL;ND;NULL;ND,"""9216,2048;9216""",INT8;FLOAT,ND;ND,N/A,0.0,0,0.0,0.0,0.0,0.0,0.0,0.0,0.0,0.0,0.0,0.0,0.0,5.016,297934,0.057,0.011,1.647,0.328,0.601,0.12,0.012,0.002,0.184,0.000
3,4294967295,550,47,aclnnGroupedMatmulV5_GroupedMatmul_GroupedMatmul,GroupedMatmul,dynamic,MIX_AIC,1788186428127944.935	,41.380,1757.070000,20,20,NO,"""9216,2048;1,2048,7168;;1,7168;;;;1;9216""",INT8;INT8;INT32;DT_BF16;FLOAT;FLOAT16;FLOAT16;INT64;FLOAT,ND;NCL;ND;ND;ND;ND;ND;ND;ND,"""9216,7168""",DT_BF16,ND,0,29.82,984056,1.453,0.049,12.397,0.416,4.689,0.157,18.479,0.62,4.514,0.151,0.041,29.539,974793,0.218,0.007,3.707,0.125,1.656,0.056,0.181,0.006,0.126,72.064
3,4294967295,551,47,aclnnDynamicQuantV2_DynamicQuant_DynamicQuant,DynamicQuant,dynamic,AI_VECTOR_CORE,1788186428128618.895	,327.920,632.620000,40,0,NO,"""9216,7168""",DT_BF16,ND,"""9216,7168;9216""",INT8;FLOAT,ND;ND,N/A,0.0,0,0.0,0.0,0.0,0.0,0.0,0.0,0.0,0.0,0.0,0.0,0.0,322.7,21298225,188.858,0.585,30.084,0.093,289.963,0.899,159.22,0.493,0.005,0.000
3,4294967295,552,47,clear_ops,clear_ops,dynamic,MIX_AIC,1788186428128947.895	,35.780,1.080000,20,40,NO,N/A,N/A,N/A,N/A,N/A,N/A,0,33.539,1106771,0.0,0.0,4.716,0.141,0.001,0.0,0.001,0.0,0.001,0.0,0.128,33.434,2206637,0.008,0.0,4.022,0.12,0.001,0.0,0.001,0.0,0.148,93.735
3,4294967295,553,47,sk_placeholder_kernel_dav_2201,sk_placeholder_kernel_dav_2201,dynamic,AI_VECTOR_CORE,1788186428128984.895	,0.920,1.220000,1,0,NO,N/A,N/A,N/A,N/A,N/A,N/A,N/A,0.0,0,0.0,0.0,0.0,0.0,0.0,0.0,0.0,0.0,0.0,0.0,0.0,0.328,541,0.008,0.026,0.012,0.037,0.001,0.004,0.001,0.004,0.444,0.000
3,4294967295,554,47,sk_placeholder_kernel_dav_2201,sk_placeholder_kernel_dav_2201,dynamic,AI_VECTOR_CORE,1788186428128985.835	,0.820,0.000000,1,0,NO,N/A,N/A,N/A,N/A,N/A,N/A,N/A,0.0,0,0.0,0.0,0.0,0.0,0.0,0.0,0.0,0.0,0.0,0.0,0.0,0.216,356,0.008,0.039,0.012,0.056,0.001,0.006,0.001,0.006,0.444,0.000
3,4294967295,555,47,sk_scope_kernel_end_dav_2201,sk_scope_kernel_end_dav_2201,dynamic,AI_VECTOR_CORE,1788186428128986.675	,0.720,0.180000,1,0,NO,N/A,N/A,N/A,N/A,N/A,N/A,N/A,0.0,0,0.0,0.0,0.0,0.0,0.0,0.0,0.0,0.0,0.0,0.0,0.0,0.246,406,0.008,0.034,0.015,0.059,0.001,0.005,0.001,0.005,0.5,0.000
3,4294967295,556,47,sk_scope_kernel_begin_dav_2201,sk_scope_kernel_begin_dav_2201,dynamic,AI_VECTOR_CORE,1788186428128987.415	,0.720,0.030000,1,0,NO,N/A,N/A,N/A,N/A,N/A,N/A,N/A,0.0,0,0.0,0.0,0.0,0.0,0.0,0.0,0.0,0.0,0.0,0.0,0.0,0.245,405,0.008,0.035,0.012,0.049,0.001,0.005,0.001,0.005,0.444,0.000
3,4294967295,557,47,sk_placeholder_kernel_dav_2201,sk_placeholder_kernel_dav_2201,dynamic,AI_VECTOR_CORE,1788186428129018.315	,0.680,30.030000,1,0,NO,N/A,N/A,N/A,N/A,N/A,N/A,N/A,0.0,0,0.0,0.0,0.0,0.0,0.0,0.0,0.0,0.0,0.0,0.0,0.0,0.18,297,0.008,0.047,0.012,0.067,0.001,0.007,0.001,0.007,0.444,0.000
3,4294967295,558,47,sk_placeholder_kernel_dav_2201,sk_placeholder_kernel_dav_2201,dynamic,AI_VECTOR_CORE,1788186428129060.795	,0.700,41.820000,1,0,NO,N/A,N/A,N/A,N/A,N/A,N/A,N/A,0.0,0,0.0,0.0,0.0,0.0,0.0,0.0,0.0,0.0,0.0,0.0,0.0,0.182,300,0.008,0.047,0.012,0.067,0.001,0.007,0.001,0.007,0.444,0.000
3,4294967295,559,47,aclnnGroupedMatmulV5_GroupedMatmul_GroupedMatmul,GroupedMatmul,dynamic,MIX_AIC,1788186428130688.755	,50.740,1627.300000,20,0,NO,"""9216,7168;1,7168,4096;;;;;;1""",INT8;INT8;INT32;UINT64;FLOAT;FLOAT16;FLOAT16;INT64,ND;NCL;ND;ND;ND;ND;ND;ND,"""9216,4096""",INT32,ND,0,38.033,1255097,2.905,0.076,9.402,0.247,9.378,0.247,31.538,0.829,2.423,0.064,0.022,0.0,0,0.0,0.0,0.0,0.0,0.0,0.0,0.0,0.0,0.0,74.957
3,4294967295,560,47,DequantSwigluQuant,DequantSwigluQuant,dynamic,AI_VECTOR_CORE,1788186428130828.255	,8.240,88.760000,36,0,NO,"""9216,4096;1,4096;9216;;1,2048;;1""",INT32;FLOAT;FLOAT;DT_UNDEFINED;FLOAT;DT_UNDEFINED;INT64,ND;ND;ND;NULL;ND;NULL;ND,"""9216,2048;9216""",INT8;FLOAT,ND;ND,N/A,0.0,0,0.0,0.0,0.0,0.0,0.0,0.0,0.0,0.0,0.0,0.0,0.0,4.924,292460,0.057,0.011,1.471,0.299,0.406,0.083,0.005,0.001,0.185,0.000
3,4294967295,561,47,aclnnGroupedMatmulV5_GroupedMatmul_GroupedMatmul,GroupedMatmul,dynamic,MIX_AIC,1788186428132644.235	,42.440,1807.760000,20,20,NO,"""9216,2048;1,2048,7168;;1,7168;;;;1;9216""",INT8;INT8;INT32;DT_BF16;FLOAT;FLOAT16;FLOAT16;INT64;FLOAT,ND;NCL;ND;ND;ND;ND;ND;ND;ND,"""9216,7168""",DT_BF16,ND,0,30.403,1003313,1.453,0.048,13.264,0.436,4.688,0.154,18.634,0.613,4.551,0.15,0.041,30.096,993182,0.202,0.007,4.267,0.142,2.081,0.069,0.173,0.006,0.128,71.639
3,4294967295,562,47,aclnnDynamicQuantV2_DynamicQuant_DynamicQuant,DynamicQuant,dynamic,AI_VECTOR_CORE,1788186428133335.315	,331.140,648.560000,40,0,NO,"""9216,7168""",DT_BF16,ND,"""9216,7168;9216""",INT8;FLOAT,ND;ND,N/A,0.0,0,0.0,0.0,0.0,0.0,0.0,0.0,0.0,0.0,0.0,0.0,0.0,326.246,21532211,188.862,0.579,30.31,0.093,291.894,0.895,161.959,0.496,0.005,0.000
3,4294967295,563,47,clear_ops,clear_ops,dynamic,MIX_AIC,1788186428133667.595	,34.060,1.110000,20,40,NO,N/A,N/A,N/A,N/A,N/A,N/A,0,31.815,1049888,0.0,0.0,4.557,0.143,0.001,0.0,0.001,0.0,0.001,0.0,0.127,31.712,2092994,0.008,0.0,3.847,0.121,0.001,0.0,0.001,0.0,0.149,93.408
3,4294967295,564,47,sk_placeholder_kernel_dav_2201,sk_placeholder_kernel_dav_2201,dynamic,AI_VECTOR_CORE,1788186428133702.755	,0.880,1.190000,1,0,NO,N/A,N/A,N/A,N/A,N/A,N/A,N/A,0.0,0,0.0,0.0,0.0,0.0,0.0,0.0,0.0,0.0,0.0,0.0,0.0,0.39,644,0.008,0.022,0.012,0.031,0.001,0.003,0.001,0.003,0.444,0.000
3,4294967295,565,47,sk_placeholder_kernel_dav_2201,sk_placeholder_kernel_dav_2201,dynamic,AI_VECTOR_CORE,1788186428133703.655	,0.700,0.120000,1,0,NO,N/A,N/A,N/A,N/A,N/A,N/A,N/A,0.0,0,0.0,0.0,0.0,0.0,0.0,0.0,0.0,0.0,0.0,0.0,0.0,0.206,340,0.008,0.041,0.012,0.059,0.001,0.006,0.001,0.006,0.444,0.000
3,4294967295,566,47,sk_scope_kernel_end_dav_2201,sk_scope_kernel_end_dav_2201,dynamic,AI_VECTOR_CORE,1788186428133704.375	,0.740,0.050000,1,0,NO,N/A,N/A,N/A,N/A,N/A,N/A,N/A,0.0,0,0.0,0.0,0.0,0.0,0.0,0.0,0.0,0.0,0.0,0.0,0.0,0.234,386,0.008,0.036,0.015,0.062,0.001,0.005,0.001,0.005,0.5,0.000
3,4294967295,0,45,aclnnInplaceFillScalar_FillAiCore_Fill,Fill,dynamic,AI_VECTOR_CORE,1788186478905772.735	,3.640,50772067.510000,1,0,NO,"""1;""",INT64;INT64,ND;ND,"""1""",INT64,ND,N/A,0.0,0,0.0,0.0,0.0,0.0,0.0,0.0,0.0,0.0,0.0,0.0,0.0,1.448,2389,0.053,0.037,0.5,0.345,0.179,0.123,0.296,0.204,0.147,0.000
3,4294967295,1,45,aclnnInplaceFillScalar_FillAiCore_Fill,Fill,dynamic,AI_VECTOR_CORE,1788186478905926.415	,3.500,150.110000,1,0,NO,"""1;""",INT64;INT64,ND;ND,"""1""",INT64,ND,N/A,0.0,0,0.0,0.0,0.0,0.0,0.0,0.0,0.0,0.0,0.0,0.0,0.0,1.357,2239,0.053,0.039,0.476,0.351,0.167,0.123,0.253,0.186,0.135,0.000
3,4294967295,2,45,aclnnInplaceFillScalar_FillAiCore_Fill,Fill,dynamic,AI_VECTOR_CORE,1788186478909300.655	,1.660,3370.750000,1,0,NO,"""1;""",INT64;INT64,ND;ND,"""1""",INT64,ND,N/A,0.0,0,0.0,0.0,0.0,0.0,0.0,0.0,0.0,0.0,0.0,0.0,0.0,1.097,1810,0.053,0.049,0.473,0.431,0.113,0.103,0.113,0.103,0.209,0.000
3,4294967295,3,45,aclnnInplaceFillScalar_FillAiCore_Fill,Fill,dynamic,AI_VECTOR_CORE,1788186478909350.555	,2.980,48.090000,1,0,NO,"""1;""",INT64;INT64,ND;ND,"""1""",INT64,ND,N/A,0.0,0,0.0,0.0,0.0,0.0,0.0,0.0,0.0,0.0,0.0,0.0,0.0,2.418,3990,0.053,0.022,0.844,0.349,0.296,0.123,0.47,0.194,0.151,0.000
3,4294967295,567,47,aclnnInplaceCopy_TensorMoveAiCore_TensorMove,TensorMove,dynamic,AI_VECTOR_CORE,1788186479075846.575	,182.320,166493.020000,40,0,NO,"""9216,7168""",INT8,ND,"""9216,7168""",INT8,ND,N/A,0.0,0,0.0,0.0,0.0,0.0,0.0,0.0,0.0,0.0,0.0,0.0,0.0,171.384,11311313,0.008,0.0,1.047,0.006,91.827,0.536,75.312,0.439,0.083,0.000
3,48,0,12,sk_0_sk_test_layer_0_start_static_kernel_GroupedMatmul_513b506510b0747fe531659e08d025502f948632ff140daabec28a6556328687_2482379_d0_end_clear_ops,SuperKernel,static,MIX_AIC,1788186479076861.855	,484.860,832.930000,20,40,NO,"""9216,7168;1,7168,4096;;;;;;1;9216,4096;1,4096;9216;;1,2048;;1;9216,2048;1,2048,7168;;1,7168;;;;1;9216;9216,7168""",INT8;INT8;INT32;UINT64;FLOAT;FLOAT16;FLOAT16;INT64;INT32;FLOAT;FLOAT;DT_UNDEFINED;FLOAT;DT_UNDEFINED;INT64;INT8;INT8;INT32;DT_BF16;FLOAT;FLOAT16;FLOAT16;INT64;FLOAT;DT_BF16,ND;NCL;ND;ND;ND;ND;ND;ND;ND;ND;ND;NULL;ND;NULL;ND;ND;NCL;ND;ND;ND;ND;ND;ND;ND;ND,"""9216,4096;9216,2048;9216;9216,7168;9216,7168;9216""",INT32;INT8;FLOAT;DT_BF16;INT8;FLOAT,ND;ND;ND;ND;ND;ND,0,480.199,15846563,4.358,0.009,28.905,0.06,14.054,0.029,56.071,0.117,8.583,0.018,0.13,481.387,31771572,188.638,0.392,35.158,0.073,321.102,0.667,188.559,0.392,0.064,99.039
3,48,11,12,sk_1_sk_test_layer_1_start_static_kernel_GroupedMatmul_513b506510b0747fe531659e08d025502f948632ff140daabec28a6556328687_2482379_d0_end_clear_ops,SuperKernel,static,MIX_AIC,1788186479077349.615	,447.120,2.890000,20,40,NO,"""9216,7168;1,7168,4096;;;;;;1;9216,4096;1,4096;9216;;1,2048;;1;9216,2048;1,2048,7168;;1,7168;;;;1;9216;9216,7168""",INT8;INT8;INT32;UINT64;FLOAT;FLOAT16;FLOAT16;INT64;INT32;FLOAT;FLOAT;DT_UNDEFINED;FLOAT;DT_UNDEFINED;INT64;INT8;INT8;INT32;DT_BF16;FLOAT;FLOAT16;FLOAT16;INT64;FLOAT;DT_BF16,ND;NCL;ND;ND;ND;ND;ND;ND;ND;ND;ND;NULL;ND;NULL;ND;ND;NCL;ND;ND;ND;ND;ND;ND;ND;ND,"""9216,4096;9216,2048;9216;9216,7168;9216,7168;9216""",INT32;INT8;FLOAT;DT_BF16;INT8;FLOAT,ND;ND;ND;ND;ND;ND,0,442.526,14603357,4.358,0.01,31.711,0.072,14.061,0.032,50.862,0.115,7.277,0.016,0.136,443.676,29282585,188.643,0.425,34.559,0.078,292.839,0.66,154.178,0.348,0.064,98.973
3,48,22,12,sk_2_sk_test_layer_2_start_static_kernel_GroupedMatmul_513b506510b0747fe531659e08d025502f948632ff140daabec28a6556328687_2482379_d0_end_clear_ops,SuperKernel,static,MIX_AIC,1788186479077799.715	,446.600,3.130000,20,40,NO,"""9216,7168;1,7168,4096;;;;;;1;9216,4096;1,4096;9216;;1,2048;;1;9216,2048;1,2048,7168;;1,7168;;;;1;9216;9216,7168""",INT8;INT8;INT32;UINT64;FLOAT;FLOAT16;FLOAT16;INT64;INT32;FLOAT;FLOAT;DT_UNDEFINED;FLOAT;DT_UNDEFINED;INT64;INT8;INT8;INT32;DT_BF16;FLOAT;FLOAT16;FLOAT16;INT64;FLOAT;DT_BF16,ND;NCL;ND;ND;ND;ND;ND;ND;ND;ND;ND;NULL;ND;NULL;ND;ND;NCL;ND;ND;ND;ND;ND;ND;ND;ND,"""9216,4096;9216,2048;9216;9216,7168;9216,7168;9216""",INT32;INT8;FLOAT;DT_BF16;INT8;FLOAT,ND;ND;ND;ND;ND;ND,0,441.989,14585634,4.358,0.01,26.066,0.059,14.067,0.032,56.084,0.127,7.675,0.017,0.14,443.159,29248523,188.643,0.426,39.047,0.088,292.697,0.66,159.488,0.36,0.064,98.968
3,48,33,12,sk_3_sk_test_layer_3_start_static_kernel_GroupedMatmul_513b506510b0747fe531659e08d025502f948632ff140daabec28a6556328687_2482379_d0_end_clear_ops,SuperKernel,static,MIX_AIC,1788186479078249.235	,451.560,2.900000,20,40,NO,"""9216,7168;1,7168,4096;;;;;;1;9216,4096;1,4096;9216;;1,2048;;1;9216,2048;1,2048,7168;;1,7168;;;;1;9216;9216,7168""",INT8;INT8;INT32;UINT64;FLOAT;FLOAT16;FLOAT16;INT64;INT32;FLOAT;FLOAT;DT_UNDEFINED;FLOAT;DT_UNDEFINED;INT64;INT8;INT8;INT32;DT_BF16;FLOAT;FLOAT16;FLOAT16;INT64;FLOAT;DT_BF16,ND;NCL;ND;ND;ND;ND;ND;ND;ND;ND;ND;NULL;ND;NULL;ND;ND;NCL;ND;ND;ND;ND;ND;ND;ND;ND,"""9216,4096;9216,2048;9216;9216,7168;9216,7168;9216""",INT32;INT8;FLOAT;DT_BF16;INT8;FLOAT,ND;ND;ND;ND;ND;ND,0,446.757,14742970,4.358,0.01,26.032,0.058,14.068,0.031,55.363,0.124,7.397,0.017,0.14,449.204,29647489,188.644,0.42,41.028,0.091,293.481,0.653,161.875,0.36,0.065,98.936
3,48,44,12,sk_4_sk_test_layer_4_start_static_kernel_GroupedMatmul_513b506510b0747fe531659e08d025502f948632ff140daabec28a6556328687_2482379_d0_end_clear_ops,SuperKernel,static,MIX_AIC,1788186479078703.655	,447.120,2.940000,20,40,NO,"""9216,7168;1,7168,4096;;;;;;1;9216,4096;1,4096;9216;;1,2048;;1;9216,2048;1,2048,7168;;1,7168;;;;1;9216;9216,7168""",INT8;INT8;INT32;UINT64;FLOAT;FLOAT16;FLOAT16;INT64;INT32;FLOAT;FLOAT;DT_UNDEFINED;FLOAT;DT_UNDEFINED;INT64;INT8;INT8;INT32;DT_BF16;FLOAT;FLOAT16;FLOAT16;INT64;FLOAT;DT_BF16,ND;NCL;ND;ND;ND;ND;ND;ND;ND;ND;ND;NULL;ND;NULL;ND;ND;NCL;ND;ND;ND;ND;ND;ND;ND;ND,"""9216,4096;9216,2048;9216;9216,7168;9216,7168;9216""",INT32;INT8;FLOAT;DT_BF16;INT8;FLOAT,ND;ND;ND;ND;ND;ND,0,443.151,14623971,4.358,0.01,31.84,0.072,14.062,0.032,52.911,0.119,7.307,0.016,0.14,443.6,29277615,188.642,0.425,37.166,0.084,292.647,0.66,153.971,0.347,0.064,99.112
3,48,55,12,sk_5_sk_test_layer_5_start_static_kernel_GroupedMatmul_513b506510b0747fe531659e08d025502f948632ff140daabec28a6556328687_2482379_d0_end_clear_ops,SuperKernel,static,MIX_AIC,1788186479079153.675	,450.500,2.880000,20,40,NO,"""9216,7168;1,7168,4096;;;;;;1;9216,4096;1,4096;9216;;1,2048;;1;9216,2048;1,2048,7168;;1,7168;;;;1;9216;9216,7168""",INT8;INT8;INT32;UINT64;FLOAT;FLOAT16;FLOAT16;INT64;INT32;FLOAT;FLOAT;DT_UNDEFINED;FLOAT;DT_UNDEFINED;INT64;INT8;INT8;INT32;DT_BF16;FLOAT;FLOAT16;FLOAT16;INT64;FLOAT;DT_BF16,ND;NCL;ND;ND;ND;ND;ND;ND;ND;ND;ND;NULL;ND;NULL;ND;ND;NCL;ND;ND;ND;ND;ND;ND;ND;ND,"""9216,4096;9216,2048;9216;9216,7168;9216,7168;9216""",INT32;INT8;FLOAT;DT_BF16;INT8;FLOAT,ND;ND;ND;ND;ND;ND,0,445.946,14716209,4.358,0.01,26.105,0.059,14.064,0.032,55.615,0.125,7.459,0.017,0.141,447.128,29510468,188.643,0.422,35.937,0.08,293.381,0.656,171.396,0.383,0.064,98.989
3,48,66,12,sk_6_sk_test_layer_6_start_static_kernel_GroupedMatmul_513b506510b0747fe531659e08d025502f948632ff140daabec28a6556328687_2482379_d0_end_clear_ops,SuperKernel,static,MIX_AIC,1788186479079606.875	,453.700,2.750000,20,40,NO,"""9216,7168;1,7168,4096;;;;;;1;9216,4096;1,4096;9216;;1,2048;;1;9216,2048;1,2048,7168;;1,7168;;;;1;9216;9216,7168""",INT8;INT8;INT32;UINT64;FLOAT;FLOAT16;FLOAT16;INT64;INT32;FLOAT;FLOAT;DT_UNDEFINED;FLOAT;DT_UNDEFINED;INT64;INT8;INT8;INT32;DT_BF16;FLOAT;FLOAT16;FLOAT16;INT64;FLOAT;DT_BF16,ND;NCL;ND;ND;ND;ND;ND;ND;ND;ND;ND;NULL;ND;NULL;ND;ND;NCL;ND;ND;ND;ND;ND;ND;ND;ND,"""9216,4096;9216,2048;9216;9216,7168;9216,7168;9216""",INT32;INT8;FLOAT;DT_BF16;INT8;FLOAT,ND;ND;ND;ND;ND;ND,0,449.089,14819947,4.358,0.01,24.848,0.055,14.067,0.031,55.968,0.125,7.335,0.016,0.141,450.756,29749874,188.641,0.418,39.098,0.087,292.155,0.648,167.386,0.371,0.064,98.984
3,48,77,12,sk_7_sk_test_layer_7_start_static_kernel_GroupedMatmul_513b506510b0747fe531659e08d025502f948632ff140daabec28a6556328687_2482379_d0_end_clear_ops,SuperKernel,static,MIX_AIC,1788186479080063.695	,447.200,3.050000,20,40,NO,"""9216,7168;1,7168,4096;;;;;;1;9216,4096;1,4096;9216;;1,2048;;1;9216,2048;1,2048,7168;;1,7168;;;;1;9216;9216,7168""",INT8;INT8;INT32;UINT64;FLOAT;FLOAT16;FLOAT16;INT64;INT32;FLOAT;FLOAT;DT_UNDEFINED;FLOAT;DT_UNDEFINED;INT64;INT8;INT8;INT32;DT_BF16;FLOAT;FLOAT16;FLOAT16;INT64;FLOAT;DT_BF16,ND;NCL;ND;ND;ND;ND;ND;ND;ND;ND;ND;NULL;ND;NULL;ND;ND;NCL;ND;ND;ND;ND;ND;ND;ND;ND,"""9216,4096;9216,2048;9216;9216,7168;9216,7168;9216""",INT32;INT8;FLOAT;DT_BF16;INT8;FLOAT,ND;ND;ND;ND;ND;ND,0,444.095,14655146,4.358,0.01,32.852,0.074,14.074,0.032,53.574,0.121,7.421,0.017,0.14,444.18,29315860,188.643,0.425,38.087,0.086,292.888,0.659,156.768,0.353,0.064,99.306
3,48,88,12,sk_8_sk_test_layer_8_start_static_kernel_GroupedMatmul_513b506510b0747fe531659e08d025502f948632ff140daabec28a6556328687_2482379_d0_end_clear_ops,SuperKernel,static,MIX_AIC,1788186479080513.855	,449.500,2.800000,20,40,NO,"""9216,7168;1,7168,4096;;;;;;1;9216,4096;1,4096;9216;;1,2048;;1;9216,2048;1,2048,7168;;1,7168;;;;1;9216;9216,7168""",INT8;INT8;INT32;UINT64;FLOAT;FLOAT16;FLOAT16;INT64;INT32;FLOAT;FLOAT;DT_UNDEFINED;FLOAT;DT_UNDEFINED;INT64;INT8;INT8;INT32;DT_BF16;FLOAT;FLOAT16;FLOAT16;INT64;FLOAT;DT_BF16,ND;NCL;ND;ND;ND;ND;ND;ND;ND;ND;ND;NULL;ND;NULL;ND;ND;NCL;ND;ND;ND;ND;ND;ND;ND;ND,"""9216,4096;9216,2048;9216;9216,7168;9216,7168;9216""",INT32;INT8;FLOAT;DT_BF16;INT8;FLOAT,ND;ND;ND;ND;ND;ND,0,445.169,14690580,4.358,0.01,27.278,0.061,14.065,0.032,54.809,0.123,7.568,0.017,0.141,446.58,29474255,188.643,0.422,40.765,0.091,292.576,0.655,153.771,0.344,0.064,99.037
3,48,99,12,sk_9_sk_test_layer_9_start_static_kernel_GroupedMatmul_513b506510b0747fe531659e08d025502f948632ff140daabec28a6556328687_2482379_d0_end_clear_ops,SuperKernel,static,MIX_AIC,1788186479080966.455	,450.240,3.250000,20,40,NO,"""9216,7168;1,7168,4096;;;;;;1;9216,4096;1,4096;9216;;1,2048;;1;9216,2048;1,2048,7168;;1,7168;;;;1;9216;9216,7168""",INT8;INT8;INT32;UINT64;FLOAT;FLOAT16;FLOAT16;INT64;INT32;FLOAT;FLOAT;DT_UNDEFINED;FLOAT;DT_UNDEFINED;INT64;INT8;INT8;INT32;DT_BF16;FLOAT;FLOAT16;FLOAT16;INT64;FLOAT;DT_BF16,ND;NCL;ND;ND;ND;ND;ND;ND;ND;ND;ND;NULL;ND;NULL;ND;ND;NCL;ND;ND;ND;ND;ND;ND;ND;ND,"""9216,4096;9216,2048;9216;9216,7168;9216,7168;9216""",INT32;INT8;FLOAT;DT_BF16;INT8;FLOAT,ND;ND;ND;ND;ND;ND,0,446.019,14718611,4.358,0.01,27.037,0.061,14.066,0.032,54.801,0.123,7.532,0.017,0.141,446.796,29488546,188.643,0.422,34.5,0.077,292.89,0.656,161.625,0.362,0.065,99.062
3,48,110,12,sk_10_sk_test_layer_10_start_static_kernel_GroupedMatmul_513b506510b0747fe531659e08d025502f948632ff140daabec28a6556328687_2482379_d0_end_clear_ops,SuperKernel,static,MIX_AIC,1788186479081419.635	,450.280,3.010000,20,40,NO,"""9216,7168;1,7168,4096;;;;;;1;9216,4096;1,4096;9216;;1,2048;;1;9216,2048;1,2048,7168;;1,7168;;;;1;9216;9216,7168""",INT8;INT8;INT32;UINT64;FLOAT;FLOAT16;FLOAT16;INT64;INT32;FLOAT;FLOAT;DT_UNDEFINED;FLOAT;DT_UNDEFINED;INT64;INT8;INT8;INT32;DT_BF16;FLOAT;FLOAT16;FLOAT16;INT64;FLOAT;DT_BF16,ND;NCL;ND;ND;ND;ND;ND;ND;ND;ND;ND;NULL;ND;NULL;ND;ND;NCL;ND;ND;ND;ND;ND;ND;ND;ND,"""9216,4096;9216,2048;9216;9216,7168;9216,7168;9216""",INT32;INT8;FLOAT;DT_BF16;INT8;FLOAT,ND;ND;ND;ND;ND;ND,0,444.921,14682391,4.358,0.01,24.881,0.056,14.062,0.032,55.846,0.126,7.408,0.017,0.14,447.737,29550634,188.642,0.421,42.003,0.094,292.645,0.654,155.626,0.348,0.065,98.810
3,48,121,12,sk_11_sk_test_layer_11_start_static_kernel_GroupedMatmul_513b506510b0747fe531659e08d025502f948632ff140daabec28a6556328687_2482379_d0_end_clear_ops,SuperKernel,static,MIX_AIC,1788186479081872.755	,450.440,2.720000,20,40,NO,"""9216,7168;1,7168,4096;;;;;;1;9216,4096;1,4096;9216;;1,2048;;1;9216,2048;1,2048,7168;;1,7168;;;;1;9216;9216,7168""",INT8;INT8;INT32;UINT64;FLOAT;FLOAT16;FLOAT16;INT64;INT32;FLOAT;FLOAT;DT_UNDEFINED;FLOAT;DT_UNDEFINED;INT64;INT8;INT8;INT32;DT_BF16;FLOAT;FLOAT16;FLOAT16;INT64;FLOAT;DT_BF16,ND;NCL;ND;ND;ND;ND;ND;ND;ND;ND;ND;NULL;ND;NULL;ND;ND;NCL;ND;ND;ND;ND;ND;ND;ND;ND,"""9216,4096;9216,2048;9216;9216,7168;9216,7168;9216""",INT32;INT8;FLOAT;DT_BF16;INT8;FLOAT,ND;ND;ND;ND;ND;ND,0,445.882,14714107,4.358,0.01,26.757,0.06,14.071,0.032,55.235,0.124,7.7,0.017,0.14,447.025,29503674,188.642,0.422,37.401,0.084,292.083,0.653,154.136,0.345,0.065,98.988
3,48,132,12,sk_12_sk_test_layer_12_start_static_kernel_GroupedMatmul_513b506510b0747fe531659e08d025502f948632ff140daabec28a6556328687_2482379_d0_end_clear_ops,SuperKernel,static,MIX_AIC,1788186479082325.875	,453.720,2.810000,20,40,NO,"""9216,7168;1,7168,4096;;;;;;1;9216,4096;1,4096;9216;;1,2048;;1;9216,2048;1,2048,7168;;1,7168;;;;1;9216;9216,7168""",INT8;INT8;INT32;UINT64;FLOAT;FLOAT16;FLOAT16;INT64;INT32;FLOAT;FLOAT;DT_UNDEFINED;FLOAT;DT_UNDEFINED;INT64;INT8;INT8;INT32;DT_BF16;FLOAT;FLOAT16;FLOAT16;INT64;FLOAT;DT_BF16,ND;NCL;ND;ND;ND;ND;ND;ND;ND;ND;ND;NULL;ND;NULL;ND;ND;NCL;ND;ND;ND;ND;ND;ND;ND;ND,"""9216,4096;9216,2048;9216;9216,7168;9216,7168;9216""",INT32;INT8;FLOAT;DT_BF16;INT8;FLOAT,ND;ND;ND;ND;ND;ND,0,449.069,14819289,4.358,0.01,24.742,0.055,14.074,0.031,55.732,0.124,7.331,0.016,0.141,450.726,29747911,188.644,0.419,40.273,0.089,293.2,0.651,158.431,0.352,0.065,98.975
3,48,143,12,sk_13_sk_test_layer_13_start_static_kernel_GroupedMatmul_513b506510b0747fe531659e08d025502f948632ff140daabec28a6556328687_2482379_d0_end_clear_ops,SuperKernel,static,MIX_AIC,1788186479082782.695	,450.040,3.030000,20,40,NO,"""9216,7168;1,7168,4096;;;;;;1;9216,4096;1,4096;9216;;1,2048;;1;9216,2048;1,2048,7168;;1,7168;;;;1;9216;9216,7168""",INT8;INT8;INT32;UINT64;FLOAT;FLOAT16;FLOAT16;INT64;INT32;FLOAT;FLOAT;DT_UNDEFINED;FLOAT;DT_UNDEFINED;INT64;INT8;INT8;INT32;DT_BF16;FLOAT;FLOAT16;FLOAT16;INT64;FLOAT;DT_BF16,ND;NCL;ND;ND;ND;ND;ND;ND;ND;ND;ND;NULL;ND;NULL;ND;ND;NCL;ND;ND;ND;ND;ND;ND;ND;ND,"""9216,4096;9216,2048;9216;9216,7168;9216,7168;9216""",INT32;INT8;FLOAT;DT_BF16;INT8;FLOAT,ND;ND;ND;ND;ND;ND,0,445.694,14707911,4.358,0.01,25.501,0.057,14.068,0.032,55.892,0.125,7.312,0.016,0.141,447.004,29502254,188.643,0.422,34.792,0.078,292.876,0.655,169.62,0.379,0.064,99.034
3,48,154,12,sk_14_sk_test_layer_14_start_static_kernel_GroupedMatmul_513b506510b0747fe531659e08d025502f948632ff140daabec28a6556328687_2482379_d0_end_clear_ops,SuperKernel,static,MIX_AIC,1788186479083235.455	,456.700,2.710000,20,40,NO,"""9216,7168;1,7168,4096;;;;;;1;9216,4096;1,4096;9216;;1,2048;;1;9216,2048;1,2048,7168;;1,7168;;;;1;9216;9216,7168""",INT8;INT8;INT32;UINT64;FLOAT;FLOAT16;FLOAT16;INT64;INT32;FLOAT;FLOAT;DT_UNDEFINED;FLOAT;DT_UNDEFINED;INT64;INT8;INT8;INT32;DT_BF16;FLOAT;FLOAT16;FLOAT16;INT64;FLOAT;DT_BF16,ND;NCL;ND;ND;ND;ND;ND;ND;ND;ND;ND;NULL;ND;NULL;ND;ND;NCL;ND;ND;ND;ND;ND;ND;ND;ND,"""9216,4096;9216,2048;9216;9216,7168;9216,7168;9216""",INT32;INT8;FLOAT;DT_BF16;INT8;FLOAT,ND;ND;ND;ND;ND;ND,0,453.695,14971931,4.358,0.01,34.42,0.076,14.063,0.031,54.344,0.12,7.584,0.017,0.141,453.283,29916688,188.642,0.416,38.27,0.084,294.022,0.649,166.467,0.367,0.064,99.342
3,48,165,12,sk_15_sk_test_layer_15_start_static_kernel_GroupedMatmul_513b506510b0747fe531659e08d025502f948632ff140daabec28a6556328687_2482379_d0_end_clear_ops,SuperKernel,static,MIX_AIC,1788186479083695.015	,456.700,2.800000,20,40,NO,"""9216,7168;1,7168,4096;;;;;;1;9216,4096;1,4096;9216;;1,2048;;1;9216,2048;1,2048,7168;;1,7168;;;;1;9216;9216,7168""",INT8;INT8;INT32;UINT64;FLOAT;FLOAT16;FLOAT16;INT64;INT32;FLOAT;FLOAT;DT_UNDEFINED;FLOAT;DT_UNDEFINED;INT64;INT8;INT8;INT32;DT_BF16;FLOAT;FLOAT16;FLOAT16;INT64;FLOAT;DT_BF16,ND;NCL;ND;ND;ND;ND;ND;ND;ND;ND;ND;NULL;ND;NULL;ND;ND;NCL;ND;ND;ND;ND;ND;ND;ND;ND,"""9216,4096;9216,2048;9216;9216,7168;9216,7168;9216""",INT32;INT8;FLOAT;DT_BF16;INT8;FLOAT,ND;ND;ND;ND;ND;ND,0,452.649,14937430,4.358,0.01,33.885,0.075,14.062,0.031,55.752,0.123,7.605,0.017,0.14,453.084,29903534,188.643,0.416,33.847,0.075,293.472,0.648,169.55,0.374,0.065,99.113
3,48,176,12,sk_16_sk_test_layer_16_start_static_kernel_GroupedMatmul_513b506510b0747fe531659e08d025502f948632ff140daabec28a6556328687_2482379_d0_end_clear_ops,SuperKernel,static,MIX_AIC,1788186479084154.335	,450.140,2.550000,20,40,NO,"""9216,7168;1,7168,4096;;;;;;1;9216,4096;1,4096;9216;;1,2048;;1;9216,2048;1,2048,7168;;1,7168;;;;1;9216;9216,7168""",INT8;INT8;INT32;UINT64;FLOAT;FLOAT16;FLOAT16;INT64;INT32;FLOAT;FLOAT;DT_UNDEFINED;FLOAT;DT_UNDEFINED;INT64;INT8;INT8;INT32;DT_BF16;FLOAT;FLOAT16;FLOAT16;INT64;FLOAT;DT_BF16,ND;NCL;ND;ND;ND;ND;ND;ND;ND;ND;ND;NULL;ND;NULL;ND;ND;NCL;ND;ND;ND;ND;ND;ND;ND;ND,"""9216,4096;9216,2048;9216;9216,7168;9216,7168;9216""",INT32;INT8;FLOAT;DT_BF16;INT8;FLOAT,ND;ND;ND;ND;ND;ND,0,445.461,14700199,4.358,0.01,25.634,0.058,14.068,0.032,56.712,0.127,7.512,0.017,0.14,447.172,29513338,188.642,0.422,35.249,0.079,293.046,0.655,168.695,0.377,0.065,98.960
3,48,187,12,sk_17_sk_test_layer_17_start_static_kernel_GroupedMatmul_513b506510b0747fe531659e08d025502f948632ff140daabec28a6556328687_2482379_d0_end_clear_ops,SuperKernel,static,MIX_AIC,1788186479084607.315	,450.280,2.860000,20,40,NO,"""9216,7168;1,7168,4096;;;;;;1;9216,4096;1,4096;9216;;1,2048;;1;9216,2048;1,2048,7168;;1,7168;;;;1;9216;9216,7168""",INT8;INT8;INT32;UINT64;FLOAT;FLOAT16;FLOAT16;INT64;INT32;FLOAT;FLOAT;DT_UNDEFINED;FLOAT;DT_UNDEFINED;INT64;INT8;INT8;INT32;DT_BF16;FLOAT;FLOAT16;FLOAT16;INT64;FLOAT;DT_BF16,ND;NCL;ND;ND;ND;ND;ND;ND;ND;ND;ND;NULL;ND;NULL;ND;ND;NCL;ND;ND;ND;ND;ND;ND;ND;ND,"""9216,4096;9216,2048;9216;9216,7168;9216,7168;9216""",INT32;INT8;FLOAT;DT_BF16;INT8;FLOAT,ND;ND;ND;ND;ND;ND,0,446.46,14733165,4.358,0.01,32.352,0.072,14.066,0.032,52.673,0.118,7.583,0.017,0.14,446.986,29501103,188.643,0.422,38.891,0.087,292.379,0.654,162.856,0.364,0.065,99.152
3,48,198,12,sk_18_sk_test_layer_18_start_static_kernel_GroupedMatmul_513b506510b0747fe531659e08d025502f948632ff140daabec28a6556328687_2482379_d0_end_clear_ops,SuperKernel,static,MIX_AIC,1788186479085060.515	,451.480,2.970000,20,40,NO,"""9216,7168;1,7168,4096;;;;;;1;9216,4096;1,4096;9216;;1,2048;;1;9216,2048;1,2048,7168;;1,7168;;;;1;9216;9216,7168""",INT8;INT8;INT32;UINT64;FLOAT;FLOAT16;FLOAT16;INT64;INT32;FLOAT;FLOAT;DT_UNDEFINED;FLOAT;DT_UNDEFINED;INT64;INT8;INT8;INT32;DT_BF16;FLOAT;FLOAT16;FLOAT16;INT64;FLOAT;DT_BF16,ND;NCL;ND;ND;ND;ND;ND;ND;ND;ND;ND;NULL;ND;NULL;ND;ND;NCL;ND;ND;ND;ND;ND;ND;ND;ND,"""9216,4096;9216,2048;9216;9216,7168;9216,7168;9216""",INT32;INT8;FLOAT;DT_BF16;INT8;FLOAT,ND;ND;ND;ND;ND;ND,0,446.904,14747843,4.358,0.01,33.082,0.074,14.067,0.031,51.925,0.116,7.598,0.017,0.14,448.055,29571656,188.643,0.421,33.939,0.076,291.423,0.65,166.122,0.371,0.065,98.987
3,48,209,12,sk_19_sk_test_layer_19_start_static_kernel_GroupedMatmul_513b506510b0747fe531659e08d025502f948632ff140daabec28a6556328687_2482379_d0_end_clear_ops,SuperKernel,static,MIX_AIC,1788186479085514.895	,451.000,3.020000,20,40,NO,"""9216,7168;1,7168,4096;;;;;;1;9216,4096;1,4096;9216;;1,2048;;1;9216,2048;1,2048,7168;;1,7168;;;;1;9216;9216,7168""",INT8;INT8;INT32;UINT64;FLOAT;FLOAT16;FLOAT16;INT64;INT32;FLOAT;FLOAT;DT_UNDEFINED;FLOAT;DT_UNDEFINED;INT64;INT8;INT8;INT32;DT_BF16;FLOAT;FLOAT16;FLOAT16;INT64;FLOAT;DT_BF16,ND;NCL;ND;ND;ND;ND;ND;ND;ND;ND;ND;NULL;ND;NULL;ND;ND;NCL;ND;ND;ND;ND;ND;ND;ND;ND,"""9216,4096;9216,2048;9216;9216,7168;9216,7168;9216""",INT32;INT8;FLOAT;DT_BF16;INT8;FLOAT,ND;ND;ND;ND;ND;ND,0,449.067,14819216,4.358,0.01,34.531,0.077,14.064,0.031,53.552,0.119,7.509,0.017,0.14,447.602,29541735,188.642,0.421,34.226,0.076,293.318,0.655,160.816,0.359,0.065,99.571
3,48,220,12,sk_20_sk_test_layer_20_start_static_kernel_GroupedMatmul_513b506510b0747fe531659e08d025502f948632ff140daabec28a6556328687_2482379_d0_end_clear_ops,SuperKernel,static,MIX_AIC,1788186479085968.615	,452.420,2.500000,20,40,NO,"""9216,7168;1,7168,4096;;;;;;1;9216,4096;1,4096;9216;;1,2048;;1;9216,2048;1,2048,7168;;1,7168;;;;1;9216;9216,7168""",INT8;INT8;INT32;UINT64;FLOAT;FLOAT16;FLOAT16;INT64;INT32;FLOAT;FLOAT;DT_UNDEFINED;FLOAT;DT_UNDEFINED;INT64;INT8;INT8;INT32;DT_BF16;FLOAT;FLOAT16;FLOAT16;INT64;FLOAT;DT_BF16,ND;NCL;ND;ND;ND;ND;ND;ND;ND;ND;ND;NULL;ND;NULL;ND;ND;NCL;ND;ND;ND;ND;ND;ND;ND;ND,"""9216,4096;9216,2048;9216;9216,7168;9216,7168;9216""",INT32;INT8;FLOAT;DT_BF16;INT8;FLOAT,ND;ND;ND;ND;ND;ND,0,447.884,14780179,4.358,0.01,31.901,0.071,14.07,0.031,51.052,0.114,7.326,0.016,0.14,449.086,29639656,188.642,0.42,34.311,0.076,292.05,0.65,159.344,0.355,0.065,98.997
3,48,231,12,sk_21_sk_test_layer_21_start_static_kernel_GroupedMatmul_513b506510b0747fe531659e08d025502f948632ff140daabec28a6556328687_2482379_d0_end_clear_ops,SuperKernel,static,MIX_AIC,1788186479086423.615	,455.120,2.580000,20,40,NO,"""9216,7168;1,7168,4096;;;;;;1;9216,4096;1,4096;9216;;1,2048;;1;9216,2048;1,2048,7168;;1,7168;;;;1;9216;9216,7168""",INT8;INT8;INT32;UINT64;FLOAT;FLOAT16;FLOAT16;INT64;INT32;FLOAT;FLOAT;DT_UNDEFINED;FLOAT;DT_UNDEFINED;INT64;INT8;INT8;INT32;DT_BF16;FLOAT;FLOAT16;FLOAT16;INT64;FLOAT;DT_BF16,ND;NCL;ND;ND;ND;ND;ND;ND;ND;ND;ND;NULL;ND;NULL;ND;ND;NCL;ND;ND;ND;ND;ND;ND;ND;ND,"""9216,4096;9216,2048;9216;9216,7168;9216,7168;9216""",INT32;INT8;FLOAT;DT_BF16;INT8;FLOAT,ND;ND;ND;ND;ND;ND,0,450.75,14874763,4.358,0.01,27.432,0.061,14.065,0.031,57.203,0.127,7.444,0.017,0.14,452.659,29875491,188.643,0.417,42.274,0.093,292.376,0.646,167.242,0.369,0.064,99.040
3,48,242,12,sk_22_sk_test_layer_22_start_static_kernel_GroupedMatmul_513b506510b0747fe531659e08d025502f948632ff140daabec28a6556328687_2482379_d0_end_clear_ops,SuperKernel,static,MIX_AIC,1788186479086881.615	,450.020,2.880000,20,40,NO,"""9216,7168;1,7168,4096;;;;;;1;9216,4096;1,4096;9216;;1,2048;;1;9216,2048;1,2048,7168;;1,7168;;;;1;9216;9216,7168""",INT8;INT8;INT32;UINT64;FLOAT;FLOAT16;FLOAT16;INT64;INT32;FLOAT;FLOAT;DT_UNDEFINED;FLOAT;DT_UNDEFINED;INT64;INT8;INT8;INT32;DT_BF16;FLOAT;FLOAT16;FLOAT16;INT64;FLOAT;DT_BF16,ND;NCL;ND;ND;ND;ND;ND;ND;ND;ND;ND;NULL;ND;NULL;ND;ND;NCL;ND;ND;ND;ND;ND;ND;ND;ND,"""9216,4096;9216,2048;9216;9216,7168;9216,7168;9216""",INT32;INT8;FLOAT;DT_BF16;INT8;FLOAT,ND;ND;ND;ND;ND;ND,0,445.433,14699302,4.358,0.01,25.223,0.057,14.065,0.032,54.666,0.123,7.37,0.017,0.141,446.594,29475219,188.643,0.422,37.193,0.083,292.883,0.656,166.28,0.372,0.065,98.981
3,48,253,12,sk_23_sk_test_layer_23_start_static_kernel_GroupedMatmul_513b506510b0747fe531659e08d025502f948632ff140daabec28a6556328687_2482379_d0_end_clear_ops,SuperKernel,static,MIX_AIC,1788186479087334.715	,448.360,3.230000,20,40,NO,"""9216,7168;1,7168,4096;;;;;;1;9216,4096;1,4096;9216;;1,2048;;1;9216,2048;1,2048,7168;;1,7168;;;;1;9216;9216,7168""",INT8;INT8;INT32;UINT64;FLOAT;FLOAT16;FLOAT16;INT64;INT32;FLOAT;FLOAT;DT_UNDEFINED;FLOAT;DT_UNDEFINED;INT64;INT8;INT8;INT32;DT_BF16;FLOAT;FLOAT16;FLOAT16;INT64;FLOAT;DT_BF16,ND;NCL;ND;ND;ND;ND;ND;ND;ND;ND;ND;NULL;ND;NULL;ND;ND;NCL;ND;ND;ND;ND;ND;ND;ND;ND,"""9216,4096;9216,2048;9216;9216,7168;9216,7168;9216""",INT32;INT8;FLOAT;DT_BF16;INT8;FLOAT,ND;ND;ND;ND;ND;ND,0,443.77,14644418,4.358,0.01,25.132,0.057,14.066,0.032,55.214,0.124,7.247,0.016,0.141,445.516,29404043,188.641,0.423,39.859,0.089,292.041,0.656,143.903,0.323,0.064,98.976
3,48,264,12,sk_24_sk_test_layer_24_start_static_kernel_GroupedMatmul_513b506510b0747fe531659e08d025502f948632ff140daabec28a6556328687_2482379_d0_end_clear_ops,SuperKernel,static,MIX_AIC,1788186479087785.995	,451.880,2.890000,20,40,NO,"""9216,7168;1,7168,4096;;;;;;1;9216,4096;1,4096;9216;;1,2048;;1;9216,2048;1,2048,7168;;1,7168;;;;1;9216;9216,7168""",INT8;INT8;INT32;UINT64;FLOAT;FLOAT16;FLOAT16;INT64;INT32;FLOAT;FLOAT;DT_UNDEFINED;FLOAT;DT_UNDEFINED;INT64;INT8;INT8;INT32;DT_BF16;FLOAT;FLOAT16;FLOAT16;INT64;FLOAT;DT_BF16,ND;NCL;ND;ND;ND;ND;ND;ND;ND;ND;ND;NULL;ND;NULL;ND;ND;NCL;ND;ND;ND;ND;ND;ND;ND;ND,"""9216,4096;9216,2048;9216;9216,7168;9216,7168;9216""",INT32;INT8;FLOAT;DT_BF16;INT8;FLOAT,ND;ND;ND;ND;ND;ND,0,446.909,14747998,4.358,0.01,25.684,0.057,14.066,0.031,55.203,0.124,7.36,0.016,0.14,449.338,29656315,188.643,0.42,40.775,0.091,292.495,0.651,167.483,0.373,0.064,98.900
3,48,275,12,sk_25_sk_test_layer_25_start_static_kernel_GroupedMatmul_513b506510b0747fe531659e08d025502f948632ff140daabec28a6556328687_2482379_d0_end_clear_ops,SuperKernel,static,MIX_AIC,1788186479088241.015	,450.320,3.120000,20,40,NO,"""9216,7168;1,7168,4096;;;;;;1;9216,4096;1,4096;9216;;1,2048;;1;9216,2048;1,2048,7168;;1,7168;;;;1;9216;9216,7168""",INT8;INT8;INT32;UINT64;FLOAT;FLOAT16;FLOAT16;INT64;INT32;FLOAT;FLOAT;DT_UNDEFINED;FLOAT;DT_UNDEFINED;INT64;INT8;INT8;INT32;DT_BF16;FLOAT;FLOAT16;FLOAT16;INT64;FLOAT;DT_BF16,ND;NCL;ND;ND;ND;ND;ND;ND;ND;ND;ND;NULL;ND;NULL;ND;ND;NCL;ND;ND;ND;ND;ND;ND;ND;ND,"""9216,4096;9216,2048;9216;9216,7168;9216,7168;9216""",INT32;INT8;FLOAT;DT_BF16;INT8;FLOAT,ND;ND;ND;ND;ND;ND,0,445.627,14705697,4.358,0.01,26.033,0.058,14.067,0.032,56.21,0.126,7.63,0.017,0.14,446.754,29485747,188.643,0.422,35.545,0.08,292.762,0.655,164.667,0.369,0.064,98.958
3,48,286,12,sk_26_sk_test_layer_26_start_static_kernel_GroupedMatmul_513b506510b0747fe531659e08d025502f948632ff140daabec28a6556328687_2482379_d0_end_clear_ops,SuperKernel,static,MIX_AIC,1788186479088694.475	,452.260,3.180000,20,40,NO,"""9216,7168;1,7168,4096;;;;;;1;9216,4096;1,4096;9216;;1,2048;;1;9216,2048;1,2048,7168;;1,7168;;;;1;9216;9216,7168""",INT8;INT8;INT32;UINT64;FLOAT;FLOAT16;FLOAT16;INT64;INT32;FLOAT;FLOAT;DT_UNDEFINED;FLOAT;DT_UNDEFINED;INT64;INT8;INT8;INT32;DT_BF16;FLOAT;FLOAT16;FLOAT16;INT64;FLOAT;DT_BF16,ND;NCL;ND;ND;ND;ND;ND;ND;ND;ND;ND;NULL;ND;NULL;ND;ND;NCL;ND;ND;ND;ND;ND;ND;ND;ND,"""9216,4096;9216,2048;9216;9216,7168;9216,7168;9216""",INT32;INT8;FLOAT;DT_BF16;INT8;FLOAT,ND;ND;ND;ND;ND;ND,0,447.515,14767979,4.358,0.01,27.967,0.062,14.067,0.031,53.934,0.121,7.345,0.016,0.14,448.655,29611261,188.643,0.42,36.004,0.08,292.895,0.653,165.353,0.369,0.064,98.951
3,48,297,12,sk_27_sk_test_layer_27_start_static_kernel_GroupedMatmul_513b506510b0747fe531659e08d025502f948632ff140daabec28a6556328687_2482379_d0_end_clear_ops,SuperKernel,static,MIX_AIC,1788186479089149.375	,449.980,2.740000,20,40,NO,"""9216,7168;1,7168,4096;;;;;;1;9216,4096;1,4096;9216;;1,2048;;1;9216,2048;1,2048,7168;;1,7168;;;;1;9216;9216,7168""",INT8;INT8;INT32;UINT64;FLOAT;FLOAT16;FLOAT16;INT64;INT32;FLOAT;FLOAT;DT_UNDEFINED;FLOAT;DT_UNDEFINED;INT64;INT8;INT8;INT32;DT_BF16;FLOAT;FLOAT16;FLOAT16;INT64;FLOAT;DT_BF16,ND;NCL;ND;ND;ND;ND;ND;ND;ND;ND;ND;NULL;ND;NULL;ND;ND;NCL;ND;ND;ND;ND;ND;ND;ND;ND,"""9216,4096;9216,2048;9216;9216,7168;9216,7168;9216""",INT32;INT8;FLOAT;DT_BF16;INT8;FLOAT,ND;ND;ND;ND;ND;ND,0,444.646,14673314,4.358,0.01,25.481,0.057,14.07,0.032,56.274,0.127,7.539,0.017,0.14,447.621,29542993,188.642,0.421,44.278,0.099,292.288,0.653,164.608,0.368,0.065,98.815
3,48,308,12,sk_28_sk_test_layer_28_start_static_kernel_GroupedMatmul_513b506510b0747fe531659e08d025502f948632ff140daabec28a6556328687_2482379_d0_end_clear_ops,SuperKernel,static,MIX_AIC,1788186479089601.995	,454.280,2.520000,20,40,NO,"""9216,7168;1,7168,4096;;;;;;1;9216,4096;1,4096;9216;;1,2048;;1;9216,2048;1,2048,7168;;1,7168;;;;1;9216;9216,7168""",INT8;INT8;INT32;UINT64;FLOAT;FLOAT16;FLOAT16;INT64;INT32;FLOAT;FLOAT;DT_UNDEFINED;FLOAT;DT_UNDEFINED;INT64;INT8;INT8;INT32;DT_BF16;FLOAT;FLOAT16;FLOAT16;INT64;FLOAT;DT_BF16,ND;NCL;ND;ND;ND;ND;ND;ND;ND;ND;ND;NULL;ND;NULL;ND;ND;NCL;ND;ND;ND;ND;ND;ND;ND;ND,"""9216,4096;9216,2048;9216;9216,7168;9216,7168;9216""",INT32;INT8;FLOAT;DT_BF16;INT8;FLOAT,ND;ND;ND;ND;ND;ND,0,452.088,14918911,4.358,0.01,32.45,0.072,14.073,0.031,54.128,0.12,7.453,0.016,0.14,451.283,29784666,188.642,0.418,37.588,0.083,294.232,0.652,169.928,0.377,0.065,99.518
3,48,319,12,sk_29_sk_test_layer_29_start_static_kernel_GroupedMatmul_513b506510b0747fe531659e08d025502f948632ff140daabec28a6556328687_2482379_d0_end_clear_ops,SuperKernel,static,MIX_AIC,1788186479090059.335	,447.760,2.970000,20,40,NO,"""9216,7168;1,7168,4096;;;;;;1;9216,4096;1,4096;9216;;1,2048;;1;9216,2048;1,2048,7168;;1,7168;;;;1;9216;9216,7168""",INT8;INT8;INT32;UINT64;FLOAT;FLOAT16;FLOAT16;INT64;INT32;FLOAT;FLOAT;DT_UNDEFINED;FLOAT;DT_UNDEFINED;INT64;INT8;INT8;INT32;DT_BF16;FLOAT;FLOAT16;FLOAT16;INT64;FLOAT;DT_BF16,ND;NCL;ND;ND;ND;ND;ND;ND;ND;ND;ND;NULL;ND;NULL;ND;ND;NCL;ND;ND;ND;ND;ND;ND;ND;ND,"""9216,4096;9216,2048;9216;9216,7168;9216,7168;9216""",INT32;INT8;FLOAT;DT_BF16;INT8;FLOAT,ND;ND;ND;ND;ND;ND,0,443.311,14629255,4.358,0.01,24.667,0.056,14.069,0.032,56.04,0.126,7.45,0.017,0.14,444.166,29314938,188.643,0.425,39.234,0.088,293.488,0.661,165.145,0.372,0.064,99.006
3,48,330,12,sk_30_sk_test_layer_30_start_static_kernel_GroupedMatmul_513b506510b0747fe531659e08d025502f948632ff140daabec28a6556328687_2482379_d0_end_clear_ops,SuperKernel,static,MIX_AIC,1788186479090510.095	,450.120,2.990000,20,40,NO,"""9216,7168;1,7168,4096;;;;;;1;9216,4096;1,4096;9216;;1,2048;;1;9216,2048;1,2048,7168;;1,7168;;;;1;9216;9216,7168""",INT8;INT8;INT32;UINT64;FLOAT;FLOAT16;FLOAT16;INT64;INT32;FLOAT;FLOAT;DT_UNDEFINED;FLOAT;DT_UNDEFINED;INT64;INT8;INT8;INT32;DT_BF16;FLOAT;FLOAT16;FLOAT16;INT64;FLOAT;DT_BF16,ND;NCL;ND;ND;ND;ND;ND;ND;ND;ND;ND;NULL;ND;NULL;ND;ND;NCL;ND;ND;ND;ND;ND;ND;ND;ND,"""9216,4096;9216,2048;9216;9216,7168;9216,7168;9216""",INT32;INT8;FLOAT;DT_BF16;INT8;FLOAT,ND;ND;ND;ND;ND;ND,0,445.599,14704772,4.358,0.01,29.98,0.067,14.069,0.032,53.962,0.121,7.266,0.016,0.14,446.755,29485862,188.643,0.422,39.41,0.088,292.801,0.655,151.192,0.338,0.064,98.996
3,48,341,12,sk_31_sk_test_layer_31_start_static_kernel_GroupedMatmul_513b506510b0747fe531659e08d025502f948632ff140daabec28a6556328687_2482379_d0_end_clear_ops,SuperKernel,static,MIX_AIC,1788186479090963.155	,451.800,3.130000,20,40,NO,"""9216,7168;1,7168,4096;;;;;;1;9216,4096;1,4096;9216;;1,2048;;1;9216,2048;1,2048,7168;;1,7168;;;;1;9216;9216,7168""",INT8;INT8;INT32;UINT64;FLOAT;FLOAT16;FLOAT16;INT64;INT32;FLOAT;FLOAT;DT_UNDEFINED;FLOAT;DT_UNDEFINED;INT64;INT8;INT8;INT32;DT_BF16;FLOAT;FLOAT16;FLOAT16;INT64;FLOAT;DT_BF16,ND;NCL;ND;ND;ND;ND;ND;ND;ND;ND;ND;NULL;ND;NULL;ND;ND;NCL;ND;ND;ND;ND;ND;ND;ND;ND,"""9216,4096;9216,2048;9216;9216,7168;9216,7168;9216""",INT32;INT8;FLOAT;DT_BF16;INT8;FLOAT,ND;ND;ND;ND;ND;ND,0,446.793,14744153,4.358,0.01,26.449,0.059,14.068,0.031,55.061,0.123,7.586,0.017,0.14,449.052,29637465,188.641,0.42,41.025,0.091,291.932,0.65,162.647,0.362,0.064,98.892
3,48,352,12,sk_32_sk_test_layer_32_start_static_kernel_GroupedMatmul_513b506510b0747fe531659e08d025502f948632ff140daabec28a6556328687_2482379_d0_end_clear_ops,SuperKernel,static,MIX_AIC,1788186479091417.695	,449.660,2.700000,20,40,NO,"""9216,7168;1,7168,4096;;;;;;1;9216,4096;1,4096;9216;;1,2048;;1;9216,2048;1,2048,7168;;1,7168;;;;1;9216;9216,7168""",INT8;INT8;INT32;UINT64;FLOAT;FLOAT16;FLOAT16;INT64;INT32;FLOAT;FLOAT;DT_UNDEFINED;FLOAT;DT_UNDEFINED;INT64;INT8;INT8;INT32;DT_BF16;FLOAT;FLOAT16;FLOAT16;INT64;FLOAT;DT_BF16,ND;NCL;ND;ND;ND;ND;ND;ND;ND;ND;ND;NULL;ND;NULL;ND;ND;NCL;ND;ND;ND;ND;ND;ND;ND;ND,"""9216,4096;9216,2048;9216;9216,7168;9216,7168;9216""",INT32;INT8;FLOAT;DT_BF16;INT8;FLOAT,ND;ND;ND;ND;ND;ND,0,445.777,14710638,4.358,0.01,30.427,0.068,14.066,0.032,52.437,0.118,7.268,0.016,0.14,446.544,29471875,188.641,0.422,37.234,0.083,292.318,0.655,162.497,0.364,0.064,99.136
3,48,363,12,sk_33_sk_test_layer_33_start_static_kernel_GroupedMatmul_513b506510b0747fe531659e08d025502f948632ff140daabec28a6556328687_2482379_d0_end_clear_ops,SuperKernel,static,MIX_AIC,1788186479091870.255	,451.460,2.840000,20,40,NO,"""9216,7168;1,7168,4096;;;;;;1;9216,4096;1,4096;9216;;1,2048;;1;9216,2048;1,2048,7168;;1,7168;;;;1;9216;9216,7168""",INT8;INT8;INT32;UINT64;FLOAT;FLOAT16;FLOAT16;INT64;INT32;FLOAT;FLOAT;DT_UNDEFINED;FLOAT;DT_UNDEFINED;INT64;INT8;INT8;INT32;DT_BF16;FLOAT;FLOAT16;FLOAT16;INT64;FLOAT;DT_BF16,ND;NCL;ND;ND;ND;ND;ND;ND;ND;ND;ND;NULL;ND;NULL;ND;ND;NCL;ND;ND;ND;ND;ND;ND;ND;ND,"""9216,4096;9216,2048;9216;9216,7168;9216,7168;9216""",INT32;INT8;FLOAT;DT_BF16;INT8;FLOAT,ND;ND;ND;ND;ND;ND,0,447.816,14777934,4.358,0.01,27.647,0.062,14.063,0.031,55.982,0.125,7.808,0.017,0.141,448.097,29574431,188.642,0.421,40.565,0.091,291.83,0.651,158.262,0.353,0.065,99.193
3,48,374,12,sk_34_sk_test_layer_34_start_static_kernel_GroupedMatmul_513b506510b0747fe531659e08d025502f948632ff140daabec28a6556328687_2482379_d0_end_clear_ops,SuperKernel,static,MIX_AIC,1788186479092324.615	,453.740,2.790000,20,40,NO,"""9216,7168;1,7168,4096;;;;;;1;9216,4096;1,4096;9216;;1,2048;;1;9216,2048;1,2048,7168;;1,7168;;;;1;9216;9216,7168""",INT8;INT8;INT32;UINT64;FLOAT;FLOAT16;FLOAT16;INT64;INT32;FLOAT;FLOAT;DT_UNDEFINED;FLOAT;DT_UNDEFINED;INT64;INT8;INT8;INT32;DT_BF16;FLOAT;FLOAT16;FLOAT16;INT64;FLOAT;DT_BF16,ND;NCL;ND;ND;ND;ND;ND;ND;ND;ND;ND;NULL;ND;NULL;ND;ND;NCL;ND;ND;ND;ND;ND;ND;ND;ND,"""9216,4096;9216,2048;9216;9216,7168;9216,7168;9216""",INT32;INT8;FLOAT;DT_BF16;INT8;FLOAT,ND;ND;ND;ND;ND;ND,0,449.188,14823210,4.358,0.01,33.434,0.074,14.07,0.031,52.262,0.116,7.808,0.017,0.14,450.568,29737474,188.642,0.419,36.542,0.081,292.327,0.649,153.521,0.341,0.064,98.997
3,48,385,12,sk_35_sk_test_layer_35_start_static_kernel_GroupedMatmul_513b506510b0747fe531659e08d025502f948632ff140daabec28a6556328687_2482379_d0_end_clear_ops,SuperKernel,static,MIX_AIC,1788186479092781.415	,450.980,3.260000,20,40,NO,"""9216,7168;1,7168,4096;;;;;;1;9216,4096;1,4096;9216;;1,2048;;1;9216,2048;1,2048,7168;;1,7168;;;;1;9216;9216,7168""",INT8;INT8;INT32;UINT64;FLOAT;FLOAT16;FLOAT16;INT64;INT32;FLOAT;FLOAT;DT_UNDEFINED;FLOAT;DT_UNDEFINED;INT64;INT8;INT8;INT32;DT_BF16;FLOAT;FLOAT16;FLOAT16;INT64;FLOAT;DT_BF16,ND;NCL;ND;ND;ND;ND;ND;ND;ND;ND;ND;NULL;ND;NULL;ND;ND;NCL;ND;ND;ND;ND;ND;ND;ND;ND,"""9216,4096;9216,2048;9216;9216,7168;9216,7168;9216""",INT32;INT8;FLOAT;DT_BF16;INT8;FLOAT,ND;ND;ND;ND;ND;ND,0,447.834,14778514,4.358,0.01,32.287,0.072,14.063,0.031,53.675,0.12,7.251,0.016,0.14,448.123,29576140,188.641,0.421,37.582,0.084,292.226,0.652,160.282,0.358,0.065,99.302
3,48,396,12,sk_36_sk_test_layer_36_start_static_kernel_GroupedMatmul_513b506510b0747fe531659e08d025502f948632ff140daabec28a6556328687_2482379_d0_end_clear_ops,SuperKernel,static,MIX_AIC,1788186479093235.035	,451.820,2.520000,20,40,NO,"""9216,7168;1,7168,4096;;;;;;1;9216,4096;1,4096;9216;;1,2048;;1;9216,2048;1,2048,7168;;1,7168;;;;1;9216;9216,7168""",INT8;INT8;INT32;UINT64;FLOAT;FLOAT16;FLOAT16;INT64;INT32;FLOAT;FLOAT;DT_UNDEFINED;FLOAT;DT_UNDEFINED;INT64;INT8;INT8;INT32;DT_BF16;FLOAT;FLOAT16;FLOAT16;INT64;FLOAT;DT_BF16,ND;NCL;ND;ND;ND;ND;ND;ND;ND;ND;ND;NULL;ND;NULL;ND;ND;NCL;ND;ND;ND;ND;ND;ND;ND;ND,"""9216,4096;9216,2048;9216;9216,7168;9216,7168;9216""",INT32;INT8;FLOAT;DT_BF16;INT8;FLOAT,ND;ND;ND;ND;ND;ND,0,447.548,14769090,4.358,0.01,27.991,0.063,14.062,0.031,55.413,0.124,7.524,0.017,0.14,448.391,29593774,188.643,0.421,34.423,0.077,292.53,0.652,163.706,0.365,0.065,99.055
3,48,407,12,sk_37_sk_test_layer_37_start_static_kernel_GroupedMatmul_513b506510b0747fe531659e08d025502f948632ff140daabec28a6556328687_2482379_d0_end_clear_ops,SuperKernel,static,MIX_AIC,1788186479093689.415	,450.740,2.680000,20,40,NO,"""9216,7168;1,7168,4096;;;;;;1;9216,4096;1,4096;9216;;1,2048;;1;9216,2048;1,2048,7168;;1,7168;;;;1;9216;9216,7168""",INT8;INT8;INT32;UINT64;FLOAT;FLOAT16;FLOAT16;INT64;INT32;FLOAT;FLOAT;DT_UNDEFINED;FLOAT;DT_UNDEFINED;INT64;INT8;INT8;INT32;DT_BF16;FLOAT;FLOAT16;FLOAT16;INT64;FLOAT;DT_BF16,ND;NCL;ND;ND;ND;ND;ND;ND;ND;ND;ND;NULL;ND;NULL;ND;ND;NCL;ND;ND;ND;ND;ND;ND;ND;ND,"""9216,4096;9216,2048;9216;9216,7168;9216,7168;9216""",INT32;INT8;FLOAT;DT_BF16;INT8;FLOAT,ND;ND;ND;ND;ND;ND,0,446.18,14723944,4.358,0.01,32.94,0.074,14.071,0.032,51.693,0.116,7.281,0.016,0.14,447.3,29521831,188.642,0.422,34.967,0.078,291.768,0.652,165.038,0.369,0.065,98.988
3,48,418,12,sk_38_sk_test_layer_38_start_static_kernel_GroupedMatmul_513b506510b0747fe531659e08d025502f948632ff140daabec28a6556328687_2482379_d0_end_clear_ops,SuperKernel,static,MIX_AIC,1788186479094143.255	,450.600,3.010000,20,40,NO,"""9216,7168;1,7168,4096;;;;;;1;9216,4096;1,4096;9216;;1,2048;;1;9216,2048;1,2048,7168;;1,7168;;;;1;9216;9216,7168""",INT8;INT8;INT32;UINT64;FLOAT;FLOAT16;FLOAT16;INT64;INT32;FLOAT;FLOAT;DT_UNDEFINED;FLOAT;DT_UNDEFINED;INT64;INT8;INT8;INT32;DT_BF16;FLOAT;FLOAT16;FLOAT16;INT64;FLOAT;DT_BF16,ND;NCL;ND;ND;ND;ND;ND;ND;ND;ND;ND;NULL;ND;NULL;ND;ND;NCL;ND;ND;ND;ND;ND;ND;ND;ND,"""9216,4096;9216,2048;9216;9216,7168;9216,7168;9216""",INT32;INT8;FLOAT;DT_BF16;INT8;FLOAT,ND;ND;ND;ND;ND;ND,0,446.041,14719344,4.358,0.01,25.954,0.058,14.069,0.032,55.397,0.124,7.791,0.017,0.141,447.189,29514448,188.642,0.422,34.035,0.076,292.736,0.655,154.479,0.345,0.065,98.988
3,48,429,12,sk_39_sk_test_layer_39_start_static_kernel_GroupedMatmul_513b506510b0747fe531659e08d025502f948632ff140daabec28a6556328687_2482379_d0_end_clear_ops,SuperKernel,static,MIX_AIC,1788186479094596.415	,460.420,2.650000,20,40,NO,"""9216,7168;1,7168,4096;;;;;;1;9216,4096;1,4096;9216;;1,2048;;1;9216,2048;1,2048,7168;;1,7168;;;;1;9216;9216,7168""",INT8;INT8;INT32;UINT64;FLOAT;FLOAT16;FLOAT16;INT64;INT32;FLOAT;FLOAT;DT_UNDEFINED;FLOAT;DT_UNDEFINED;INT64;INT8;INT8;INT32;DT_BF16;FLOAT;FLOAT16;FLOAT16;INT64;FLOAT;DT_BF16,ND;NCL;ND;ND;ND;ND;ND;ND;ND;ND;ND;NULL;ND;NULL;ND;ND;NCL;ND;ND;ND;ND;ND;ND;ND;ND,"""9216,4096;9216,2048;9216;9216,7168;9216,7168;9216""",INT32;INT8;FLOAT;DT_BF16;INT8;FLOAT,ND;ND;ND;ND;ND;ND,0,456.679,15070411,4.358,0.01,27.981,0.061,14.062,0.031,58.661,0.128,7.8,0.017,0.141,457.274,30180109,188.638,0.413,34.166,0.075,299.155,0.654,167.153,0.366,0.065,99.188
3,48,440,12,sk_40_sk_test_layer_40_start_static_kernel_GroupedMatmul_513b506510b0747fe531659e08d025502f948632ff140daabec28a6556328687_2482379_d0_end_clear_ops,SuperKernel,static,MIX_AIC,1788186479095059.595	,445.980,2.580000,20,40,NO,"""9216,7168;1,7168,4096;;;;;;1;9216,4096;1,4096;9216;;1,2048;;1;9216,2048;1,2048,7168;;1,7168;;;;1;9216;9216,7168""",INT8;INT8;INT32;UINT64;FLOAT;FLOAT16;FLOAT16;INT64;INT32;FLOAT;FLOAT;DT_UNDEFINED;FLOAT;DT_UNDEFINED;INT64;INT8;INT8;INT32;DT_BF16;FLOAT;FLOAT16;FLOAT16;INT64;FLOAT;DT_BF16,ND;NCL;ND;ND;ND;ND;ND;ND;ND;ND;ND;NULL;ND;NULL;ND;ND;NCL;ND;ND;ND;ND;ND;ND;ND;ND,"""9216,4096;9216,2048;9216;9216,7168;9216,7168;9216""",INT32;INT8;FLOAT;DT_BF16;INT8;FLOAT,ND;ND;ND;ND;ND;ND,0,443.558,14637415,4.358,0.01,33.796,0.076,14.07,0.032,52.837,0.119,7.364,0.017,0.14,442.364,29196050,188.644,0.426,34.952,0.079,293.288,0.663,167.461,0.379,0.064,99.457
3,48,451,12,sk_41_sk_test_layer_41_start_static_kernel_GroupedMatmul_513b506510b0747fe531659e08d025502f948632ff140daabec28a6556328687_2482379_d0_end_clear_ops,SuperKernel,static,MIX_AIC,1788186479095508.475	,449.120,3.020000,20,40,NO,"""9216,7168;1,7168,4096;;;;;;1;9216,4096;1,4096;9216;;1,2048;;1;9216,2048;1,2048,7168;;1,7168;;;;1;9216;9216,7168""",INT8;INT8;INT32;UINT64;FLOAT;FLOAT16;FLOAT16;INT64;INT32;FLOAT;FLOAT;DT_UNDEFINED;FLOAT;DT_UNDEFINED;INT64;INT8;INT8;INT32;DT_BF16;FLOAT;FLOAT16;FLOAT16;INT64;FLOAT;DT_BF16,ND;NCL;ND;ND;ND;ND;ND;ND;ND;ND;ND;NULL;ND;NULL;ND;ND;NCL;ND;ND;ND;ND;ND;ND;ND;ND,"""9216,4096;9216,2048;9216;9216,7168;9216,7168;9216""",INT32;INT8;FLOAT;DT_BF16;INT8;FLOAT,ND;ND;ND;ND;ND;ND,0,444.49,14668168,4.358,0.01,24.746,0.056,14.066,0.032,56.071,0.126,7.209,0.016,0.141,445.772,29420980,188.642,0.423,34.554,0.078,292.296,0.656,164.304,0.369,0.065,98.969
3,48,462,12,sk_42_sk_test_layer_42_start_static_kernel_GroupedMatmul_513b506510b0747fe531659e08d025502f948632ff140daabec28a6556328687_2482379_d0_end_clear_ops,SuperKernel,static,MIX_AIC,1788186479095960.315	,450.600,2.630000,20,40,NO,"""9216,7168;1,7168,4096;;;;;;1;9216,4096;1,4096;9216;;1,2048;;1;9216,2048;1,2048,7168;;1,7168;;;;1;9216;9216,7168""",INT8;INT8;INT32;UINT64;FLOAT;FLOAT16;FLOAT16;INT64;INT32;FLOAT;FLOAT;DT_UNDEFINED;FLOAT;DT_UNDEFINED;INT64;INT8;INT8;INT32;DT_BF16;FLOAT;FLOAT16;FLOAT16;INT64;FLOAT;DT_BF16,ND;NCL;ND;ND;ND;ND;ND;ND;ND;ND;ND;NULL;ND;NULL;ND;ND;NCL;ND;ND;ND;ND;ND;ND;ND;ND,"""9216,4096;9216,2048;9216;9216,7168;9216,7168;9216""",INT32;INT8;FLOAT;DT_BF16;INT8;FLOAT,ND;ND;ND;ND;ND;ND,0,446.4,14731188,4.358,0.01,27.174,0.061,14.071,0.032,55.688,0.125,7.579,0.017,0.141,448.075,29572982,188.642,0.421,41.891,0.093,292.351,0.652,159.731,0.356,0.065,99.068
3,48,473,12,sk_43_sk_test_layer_43_start_static_kernel_GroupedMatmul_513b506510b0747fe531659e08d025502f948632ff140daabec28a6556328687_2482379_d0_end_clear_ops,SuperKernel,static,MIX_AIC,1788186479096413.535	,450.040,2.650000,20,40,NO,"""9216,7168;1,7168,4096;;;;;;1;9216,4096;1,4096;9216;;1,2048;;1;9216,2048;1,2048,7168;;1,7168;;;;1;9216;9216,7168""",INT8;INT8;INT32;UINT64;FLOAT;FLOAT16;FLOAT16;INT64;INT32;FLOAT;FLOAT;DT_UNDEFINED;FLOAT;DT_UNDEFINED;INT64;INT8;INT8;INT32;DT_BF16;FLOAT;FLOAT16;FLOAT16;INT64;FLOAT;DT_BF16,ND;NCL;ND;ND;ND;ND;ND;ND;ND;ND;ND;NULL;ND;NULL;ND;ND;NCL;ND;ND;ND;ND;ND;ND;ND;ND,"""9216,4096;9216,2048;9216;9216,7168;9216,7168;9216""",INT32;INT8;FLOAT;DT_BF16;INT8;FLOAT,ND;ND;ND;ND;ND;ND,0,445.352,14696608,4.358,0.01,26.563,0.06,14.064,0.032,55.46,0.125,7.334,0.016,0.141,446.497,29468805,188.643,0.422,34.291,0.077,292.793,0.656,164.001,0.367,0.065,98.958
3,48,484,12,sk_44_sk_test_layer_44_start_static_kernel_GroupedMatmul_513b506510b0747fe531659e08d025502f948632ff140daabec28a6556328687_2482379_d0_end_clear_ops,SuperKernel,static,MIX_AIC,1788186479096866.155	,454.580,2.710000,20,40,NO,"""9216,7168;1,7168,4096;;;;;;1;9216,4096;1,4096;9216;;1,2048;;1;9216,2048;1,2048,7168;;1,7168;;;;1;9216;9216,7168""",INT8;INT8;INT32;UINT64;FLOAT;FLOAT16;FLOAT16;INT64;INT32;FLOAT;FLOAT;DT_UNDEFINED;FLOAT;DT_UNDEFINED;INT64;INT8;INT8;INT32;DT_BF16;FLOAT;FLOAT16;FLOAT16;INT64;FLOAT;DT_BF16,ND;NCL;ND;ND;ND;ND;ND;ND;ND;ND;ND;NULL;ND;NULL;ND;ND;NCL;ND;ND;ND;ND;ND;ND;ND;ND,"""9216,4096;9216,2048;9216;9216,7168;9216,7168;9216""",INT32;INT8;FLOAT;DT_BF16;INT8;FLOAT,ND;ND;ND;ND;ND;ND,0,450.764,14875227,4.358,0.01,31.336,0.07,14.067,0.031,53.211,0.118,7.569,0.017,0.14,451.179,29777790,188.641,0.418,35.829,0.079,292.797,0.649,165.749,0.367,0.065,99.161
3,48,495,12,sk_45_sk_test_layer_45_start_static_kernel_GroupedMatmul_513b506510b0747fe531659e08d025502f948632ff140daabec28a6556328687_2482379_d0_end_clear_ops,SuperKernel,static,MIX_AIC,1788186479097323.555	,451.320,2.670000,20,40,NO,"""9216,7168;1,7168,4096;;;;;;1;9216,4096;1,4096;9216;;1,2048;;1;9216,2048;1,2048,7168;;1,7168;;;;1;9216;9216,7168""",INT8;INT8;INT32;UINT64;FLOAT;FLOAT16;FLOAT16;INT64;INT32;FLOAT;FLOAT;DT_UNDEFINED;FLOAT;DT_UNDEFINED;INT64;INT8;INT8;INT32;DT_BF16;FLOAT;FLOAT16;FLOAT16;INT64;FLOAT;DT_BF16,ND;NCL;ND;ND;ND;ND;ND;ND;ND;ND;ND;NULL;ND;NULL;ND;ND;NCL;ND;ND;ND;ND;ND;ND;ND;ND,"""9216,4096;9216,2048;9216;9216,7168;9216,7168;9216""",INT32;INT8;FLOAT;DT_BF16;INT8;FLOAT,ND;ND;ND;ND;ND;ND,0,447.583,14770233,4.358,0.01,26.433,0.059,14.073,0.031,55.035,0.123,7.545,0.017,0.14,447.902,29561522,188.642,0.421,40.45,0.09,292.402,0.653,160.095,0.357,0.065,99.172
3,48,506,12,sk_46_sk_test_layer_46_start_static_kernel_GroupedMatmul_513b506510b0747fe531659e08d025502f948632ff140daabec28a6556328687_2482379_d0_end_clear_ops,SuperKernel,static,MIX_AIC,1788186479097777.955	,448.760,3.180000,20,40,NO,"""9216,7168;1,7168,4096;;;;;;1;9216,4096;1,4096;9216;;1,2048;;1;9216,2048;1,2048,7168;;1,7168;;;;1;9216;9216,7168""",INT8;INT8;INT32;UINT64;FLOAT;FLOAT16;FLOAT16;INT64;INT32;FLOAT;FLOAT;DT_UNDEFINED;FLOAT;DT_UNDEFINED;INT64;INT8;INT8;INT32;DT_BF16;FLOAT;FLOAT16;FLOAT16;INT64;FLOAT;DT_BF16,ND;NCL;ND;ND;ND;ND;ND;ND;ND;ND;ND;NULL;ND;NULL;ND;ND;NCL;ND;ND;ND;ND;ND;ND;ND;ND,"""9216,4096;9216,2048;9216;9216,7168;9216,7168;9216""",INT32;INT8;FLOAT;DT_BF16;INT8;FLOAT,ND;ND;ND;ND;ND;ND,0,444.211,14658969,4.358,0.01,30.685,0.069,14.067,0.032,53.551,0.121,7.406,0.017,0.14,445.35,29393111,188.642,0.424,39.385,0.088,292.484,0.657,168.687,0.379,0.064,98.986
3,48,517,12,sk_47_sk_test_layer_47_start_static_kernel_GroupedMatmul_513b506510b0747fe531659e08d025502f948632ff140daabec28a6556328687_2482379_d0_end_clear_ops,SuperKernel,static,MIX_AIC,1788186479098229.875	,452.880,3.240000,20,40,NO,"""9216,7168;1,7168,4096;;;;;;1;9216,4096;1,4096;9216;;1,2048;;1;9216,2048;1,2048,7168;;1,7168;;;;1;9216;9216,7168""",INT8;INT8;INT32;UINT64;FLOAT;FLOAT16;FLOAT16;INT64;INT32;FLOAT;FLOAT;DT_UNDEFINED;FLOAT;DT_UNDEFINED;INT64;INT8;INT8;INT32;DT_BF16;FLOAT;FLOAT16;FLOAT16;INT64;FLOAT;DT_BF16,ND;NCL;ND;ND;ND;ND;ND;ND;ND;ND;ND;NULL;ND;NULL;ND;ND;NCL;ND;ND;ND;ND;ND;ND;ND;ND,"""9216,4096;9216,2048;9216;9216,7168;9216,7168;9216""",INT32;INT8;FLOAT;DT_BF16;INT8;FLOAT,ND;ND;ND;ND;ND;ND,0,448.862,14812434,4.358,0.01,33.201,0.074,14.065,0.031,52.35,0.117,7.355,0.016,0.14,449.428,29662247,188.644,0.42,34.603,0.077,292.76,0.651,163.875,0.365,0.064,99.113
3,48,528,12,sk_48_sk_test_layer_48_start_static_kernel_GroupedMatmul_513b506510b0747fe531659e08d025502f948632ff140daabec28a6556328687_2482379_d0_end_clear_ops,SuperKernel,static,MIX_AIC,1788186479098685.475	,454.800,2.620000,20,40,NO,"""9216,7168;1,7168,4096;;;;;;1;9216,4096;1,4096;9216;;1,2048;;1;9216,2048;1,2048,7168;;1,7168;;;;1;9216;9216,7168""",INT8;INT8;INT32;UINT64;FLOAT;FLOAT16;FLOAT16;INT64;INT32;FLOAT;FLOAT;DT_UNDEFINED;FLOAT;DT_UNDEFINED;INT64;INT8;INT8;INT32;DT_BF16;FLOAT;FLOAT16;FLOAT16;INT64;FLOAT;DT_BF16,ND;NCL;ND;ND;ND;ND;ND;ND;ND;ND;ND;NULL;ND;NULL;ND;ND;NCL;ND;ND;ND;ND;ND;ND;ND;ND,"""9216,4096;9216,2048;9216;9216,7168;9216,7168;9216""",INT32;INT8;FLOAT;DT_BF16;INT8;FLOAT,ND;ND;ND;ND;ND;ND,0,449.527,14834405,4.358,0.01,25.369,0.056,14.068,0.031,55.836,0.124,7.462,0.017,0.141,452.301,29851851,188.643,0.417,41.904,0.093,293.076,0.648,167.089,0.369,0.065,98.841
3,48,539,12,sk_49_sk_test_layer_49_start_static_kernel_GroupedMatmul_513b506510b0747fe531659e08d025502f948632ff140daabec28a6556328687_2482379_d0_end_clear_ops,SuperKernel,static,MIX_AIC,1788186479099143.375	,452.220,3.200000,20,40,NO,"""9216,7168;1,7168,4096;;;;;;1;9216,4096;1,4096;9216;;1,2048;;1;9216,2048;1,2048,7168;;1,7168;;;;1;9216;9216,7168""",INT8;INT8;INT32;UINT64;FLOAT;FLOAT16;FLOAT16;INT64;INT32;FLOAT;FLOAT;DT_UNDEFINED;FLOAT;DT_UNDEFINED;INT64;INT8;INT8;INT32;DT_BF16;FLOAT;FLOAT16;FLOAT16;INT64;FLOAT;DT_BF16,ND;NCL;ND;ND;ND;ND;ND;ND;ND;ND;ND;NULL;ND;NULL;ND;ND;NCL;ND;ND;ND;ND;ND;ND;ND;ND,"""9216,4096;9216,2048;9216;9216,7168;9216,7168;9216""",INT32;INT8;FLOAT;DT_BF16;INT8;FLOAT,ND;ND;ND;ND;ND;ND,0,448.362,14795941,4.358,0.01,31.898,0.071,14.07,0.031,52.369,0.117,7.542,0.017,0.14,448.812,29621579,188.642,0.42,39.241,0.087,292.78,0.652,167.443,0.373,0.064,99.147
3,4294967295,571,47,aclnnInplaceCopy_TensorMoveAiCore_TensorMove,TensorMove,dynamic,AI_VECTOR_CORE,1788186479100325.715	,184.580,730.030000,40,0,NO,"""9216,7168""",INT8,ND,"""9216,7168""",INT8,ND,N/A,0.0,0,0.0,0.0,0.0,0.0,0.0,0.0,0.0,0.0,0.0,0.0,0.0,175.711,11596957,0.008,0.0,0.314,0.002,100.976,0.575,71.21,0.405,0.084,0.000
3,48,0,12,sk_0_sk_test_layer_0_start_static_kernel_GroupedMatmul_513b506510b0747fe531659e08d025502f948632ff140daabec28a6556328687_2482379_d0_end_clear_ops,SuperKernel,static,MIX_AIC,1788186479100637.715	,474.800,127.420000,20,40,NO,"""9216,7168;1,7168,4096;;;;;;1;9216,4096;1,4096;9216;;1,2048;;1;9216,2048;1,2048,7168;;1,7168;;;;1;9216;9216,7168""",INT8;INT8;INT32;UINT64;FLOAT;FLOAT16;FLOAT16;INT64;INT32;FLOAT;FLOAT;DT_UNDEFINED;FLOAT;DT_UNDEFINED;INT64;INT8;INT8;INT32;DT_BF16;FLOAT;FLOAT16;FLOAT16;INT64;FLOAT;DT_BF16,ND;NCL;ND;ND;ND;ND;ND;ND;ND;ND;ND;NULL;ND;NULL;ND;ND;NCL;ND;ND;ND;ND;ND;ND;ND;ND,"""9216,4096;9216,2048;9216;9216,7168;9216,7168;9216""",INT32;INT8;FLOAT;DT_BF16;INT8;FLOAT,ND;ND;ND;ND;ND;ND,0,470.225,15517427,4.358,0.009,26.664,0.057,14.071,0.03,56.746,0.121,7.382,0.016,0.142,471.384,31111320,188.643,0.4,34.344,0.073,320.87,0.681,184.465,0.391,0.065,99.036
3,48,11,12,sk_1_sk_test_layer_1_start_static_kernel_GroupedMatmul_513b506510b0747fe531659e08d025502f948632ff140daabec28a6556328687_2482379_d0_end_clear_ops,SuperKernel,static,MIX_AIC,1788186479101115.135	,448.080,2.700000,20,40,NO,"""9216,7168;1,7168,4096;;;;;;1;9216,4096;1,4096;9216;;1,2048;;1;9216,2048;1,2048,7168;;1,7168;;;;1;9216;9216,7168""",INT8;INT8;INT32;UINT64;FLOAT;FLOAT16;FLOAT16;INT64;INT32;FLOAT;FLOAT;DT_UNDEFINED;FLOAT;DT_UNDEFINED;INT64;INT8;INT8;INT32;DT_BF16;FLOAT;FLOAT16;FLOAT16;INT64;FLOAT;DT_BF16,ND;NCL;ND;ND;ND;ND;ND;ND;ND;ND;ND;NULL;ND;NULL;ND;ND;NCL;ND;ND;ND;ND;ND;ND;ND;ND,"""9216,4096;9216,2048;9216;9216,7168;9216,7168;9216""",INT32;INT8;FLOAT;DT_BF16;INT8;FLOAT,ND;ND;ND;ND;ND;ND,0,443.317,14629446,4.358,0.01,31.989,0.072,14.074,0.032,50.973,0.115,7.545,0.017,0.14,444.447,29333499,188.642,0.424,34.249,0.077,291.711,0.656,153.699,0.346,0.065,98.937
3,48,22,12,sk_2_sk_test_layer_2_start_static_kernel_GroupedMatmul_513b506510b0747fe531659e08d025502f948632ff140daabec28a6556328687_2482379_d0_end_clear_ops,SuperKernel,static,MIX_AIC,1788186479101565.875	,451.100,2.670000,20,40,NO,"""9216,7168;1,7168,4096;;;;;;1;9216,4096;1,4096;9216;;1,2048;;1;9216,2048;1,2048,7168;;1,7168;;;;1;9216;9216,7168""",INT8;INT8;INT32;UINT64;FLOAT;FLOAT16;FLOAT16;INT64;INT32;FLOAT;FLOAT;DT_UNDEFINED;FLOAT;DT_UNDEFINED;INT64;INT8;INT8;INT32;DT_BF16;FLOAT;FLOAT16;FLOAT16;INT64;FLOAT;DT_BF16,ND;NCL;ND;ND;ND;ND;ND;ND;ND;ND;ND;NULL;ND;NULL;ND;ND;NCL;ND;ND;ND;ND;ND;ND;ND;ND,"""9216,4096;9216,2048;9216;9216,7168;9216,7168;9216""",INT32;INT8;FLOAT;DT_BF16;INT8;FLOAT,ND;ND;ND;ND;ND;ND,0,446.601,14737834,4.358,0.01,25.102,0.056,14.063,0.031,55.617,0.125,7.339,0.016,0.14,447.729,29550110,188.643,0.421,38.563,0.086,292.762,0.654,163.975,0.366,0.064,99.003
3,48,33,12,sk_3_sk_test_layer_3_start_static_kernel_GroupedMatmul_513b506510b0747fe531659e08d025502f948632ff140daabec28a6556328687_2482379_d0_end_clear_ops,SuperKernel,static,MIX_AIC,1788186479102019.655	,448.280,2.650000,20,40,NO,"""9216,7168;1,7168,4096;;;;;;1;9216,4096;1,4096;9216;;1,2048;;1;9216,2048;1,2048,7168;;1,7168;;;;1;9216;9216,7168""",INT8;INT8;INT32;UINT64;FLOAT;FLOAT16;FLOAT16;INT64;INT32;FLOAT;FLOAT;DT_UNDEFINED;FLOAT;DT_UNDEFINED;INT64;INT8;INT8;INT32;DT_BF16;FLOAT;FLOAT16;FLOAT16;INT64;FLOAT;DT_BF16,ND;NCL;ND;ND;ND;ND;ND;ND;ND;ND;ND;NULL;ND;NULL;ND;ND;NCL;ND;ND;ND;ND;ND;ND;ND;ND,"""9216,4096;9216,2048;9216;9216,7168;9216,7168;9216""",INT32;INT8;FLOAT;DT_BF16;INT8;FLOAT,ND;ND;ND;ND;ND;ND,0,443.463,14634264,4.358,0.01,26.676,0.06,14.068,0.032,54.974,0.124,7.745,0.017,0.141,445.931,29431433,188.643,0.423,41.79,0.094,292.78,0.657,157.999,0.354,0.064,98.925
3,48,44,12,sk_4_sk_test_layer_4_start_static_kernel_GroupedMatmul_513b506510b0747fe531659e08d025502f948632ff140daabec28a6556328687_2482379_d0_end_clear_ops,SuperKernel,static,MIX_AIC,1788186479102470.935	,456.000,2.970000,20,40,NO,"""9216,7168;1,7168,4096;;;;;;1;9216,4096;1,4096;9216;;1,2048;;1;9216,2048;1,2048,7168;;1,7168;;;;1;9216;9216,7168""",INT8;INT8;INT32;UINT64;FLOAT;FLOAT16;FLOAT16;INT64;INT32;FLOAT;FLOAT;DT_UNDEFINED;FLOAT;DT_UNDEFINED;INT64;INT8;INT8;INT32;DT_BF16;FLOAT;FLOAT16;FLOAT16;INT64;FLOAT;DT_BF16,ND;NCL;ND;ND;ND;ND;ND;ND;ND;ND;ND;NULL;ND;NULL;ND;ND;NCL;ND;ND;ND;ND;ND;ND;ND;ND,"""9216,4096;9216,2048;9216;9216,7168;9216,7168;9216""",INT32;INT8;FLOAT;DT_BF16;INT8;FLOAT,ND;ND;ND;ND;ND;ND,0,451.95,14914356,4.358,0.01,33.628,0.074,14.064,0.031,53.957,0.119,7.561,0.017,0.14,452.467,29862790,188.642,0.417,38.196,0.084,293.026,0.648,166.655,0.368,0.065,99.112
3,48,55,12,sk_5_sk_test_layer_5_start_static_kernel_GroupedMatmul_513b506510b0747fe531659e08d025502f948632ff140daabec28a6556328687_2482379_d0_end_clear_ops,SuperKernel,static,MIX_AIC,1788186479102929.655	,449.560,2.750000,20,40,NO,"""9216,7168;1,7168,4096;;;;;;1;9216,4096;1,4096;9216;;1,2048;;1;9216,2048;1,2048,7168;;1,7168;;;;1;9216;9216,7168""",INT8;INT8;INT32;UINT64;FLOAT;FLOAT16;FLOAT16;INT64;INT32;FLOAT;FLOAT;DT_UNDEFINED;FLOAT;DT_UNDEFINED;INT64;INT8;INT8;INT32;DT_BF16;FLOAT;FLOAT16;FLOAT16;INT64;FLOAT;DT_BF16,ND;NCL;ND;ND;ND;ND;ND;ND;ND;ND;ND;NULL;ND;NULL;ND;ND;NCL;ND;ND;ND;ND;ND;ND;ND;ND,"""9216,4096;9216,2048;9216;9216,7168;9216,7168;9216""",INT32;INT8;FLOAT;DT_BF16;INT8;FLOAT,ND;ND;ND;ND;ND;ND,0,444.934,14682838,4.358,0.01,26.362,0.059,14.072,0.032,56.139,0.126,7.446,0.017,0.14,446.104,29442874,188.643,0.423,36.178,0.081,292.843,0.656,166.706,0.374,0.064,98.971
3,48,66,12,sk_6_sk_test_layer_6_start_static_kernel_GroupedMatmul_513b506510b0747fe531659e08d025502f948632ff140daabec28a6556328687_2482379_d0_end_clear_ops,SuperKernel,static,MIX_AIC,1788186479103382.355	,450.280,2.940000,20,40,NO,"""9216,7168;1,7168,4096;;;;;;1;9216,4096;1,4096;9216;;1,2048;;1;9216,2048;1,2048,7168;;1,7168;;;;1;9216;9216,7168""",INT8;INT8;INT32;UINT64;FLOAT;FLOAT16;FLOAT16;INT64;INT32;FLOAT;FLOAT;DT_UNDEFINED;FLOAT;DT_UNDEFINED;INT64;INT8;INT8;INT32;DT_BF16;FLOAT;FLOAT16;FLOAT16;INT64;FLOAT;DT_BF16,ND;NCL;ND;ND;ND;ND;ND;ND;ND;ND;ND;NULL;ND;NULL;ND;ND;NCL;ND;ND;ND;ND;ND;ND;ND;ND,"""9216,4096;9216,2048;9216;9216,7168;9216,7168;9216""",INT32;INT8;FLOAT;DT_BF16;INT8;FLOAT,ND;ND;ND;ND;ND;ND,0,445.661,14706819,4.358,0.01,24.814,0.056,14.071,0.032,55.289,0.124,7.5,0.017,0.14,447.272,29519934,188.642,0.422,39.195,0.088,292.271,0.653,153.286,0.343,0.064,98.974
3,48,77,12,sk_7_sk_test_layer_7_start_static_kernel_GroupedMatmul_513b506510b0747fe531659e08d025502f948632ff140daabec28a6556328687_2482379_d0_end_clear_ops,SuperKernel,static,MIX_AIC,1788186479103835.435	,447.700,2.970000,20,40,NO,"""9216,7168;1,7168,4096;;;;;;1;9216,4096;1,4096;9216;;1,2048;;1;9216,2048;1,2048,7168;;1,7168;;;;1;9216;9216,7168""",INT8;INT8;INT32;UINT64;FLOAT;FLOAT16;FLOAT16;INT64;INT32;FLOAT;FLOAT;DT_UNDEFINED;FLOAT;DT_UNDEFINED;INT64;INT8;INT8;INT32;DT_BF16;FLOAT;FLOAT16;FLOAT16;INT64;FLOAT;DT_BF16,ND;NCL;ND;ND;ND;ND;ND;ND;ND;ND;ND;NULL;ND;NULL;ND;ND;NCL;ND;ND;ND;ND;ND;ND;ND;ND,"""9216,4096;9216,2048;9216;9216,7168;9216,7168;9216""",INT32;INT8;FLOAT;DT_BF16;INT8;FLOAT,ND;ND;ND;ND;ND;ND,0,444.674,14674227,4.358,0.01,31.603,0.071,14.064,0.032,53.969,0.121,7.372,0.017,0.14,444.607,29344066,188.644,0.424,37.503,0.084,293.014,0.659,163.18,0.367,0.065,99.324
3,48,88,12,sk_8_sk_test_layer_8_start_static_kernel_GroupedMatmul_513b506510b0747fe531659e08d025502f948632ff140daabec28a6556328687_2482379_d0_end_clear_ops,SuperKernel,static,MIX_AIC,1788186479104285.995	,448.620,2.800000,20,40,NO,"""9216,7168;1,7168,4096;;;;;;1;9216,4096;1,4096;9216;;1,2048;;1;9216,2048;1,2048,7168;;1,7168;;;;1;9216;9216,7168""",INT8;INT8;INT32;UINT64;FLOAT;FLOAT16;FLOAT16;INT64;INT32;FLOAT;FLOAT;DT_UNDEFINED;FLOAT;DT_UNDEFINED;INT64;INT8;INT8;INT32;DT_BF16;FLOAT;FLOAT16;FLOAT16;INT64;FLOAT;DT_BF16,ND;NCL;ND;ND;ND;ND;ND;ND;ND;ND;ND;NULL;ND;NULL;ND;ND;NCL;ND;ND;ND;ND;ND;ND;ND;ND,"""9216,4096;9216,2048;9216;9216,7168;9216,7168;9216""",INT32;INT8;FLOAT;DT_BF16;INT8;FLOAT,ND;ND;ND;ND;ND;ND,0,444.284,14661365,4.358,0.01,27.458,0.062,14.067,0.032,55.059,0.124,7.455,0.017,0.14,445.692,29415670,188.643,0.423,41.261,0.093,293.161,0.658,158.361,0.355,0.064,99.033
3,48,99,12,sk_9_sk_test_layer_9_start_static_kernel_GroupedMatmul_513b506510b0747fe531659e08d025502f948632ff140daabec28a6556328687_2482379_d0_end_clear_ops,SuperKernel,static,MIX_AIC,1788186479104737.375	,448.580,2.880000,20,40,NO,"""9216,7168;1,7168,4096;;;;;;1;9216,4096;1,4096;9216;;1,2048;;1;9216,2048;1,2048,7168;;1,7168;;;;1;9216;9216,7168""",INT8;INT8;INT32;UINT64;FLOAT;FLOAT16;FLOAT16;INT64;INT32;FLOAT;FLOAT;DT_UNDEFINED;FLOAT;DT_UNDEFINED;INT64;INT8;INT8;INT32;DT_BF16;FLOAT;FLOAT16;FLOAT16;INT64;FLOAT;DT_BF16,ND;NCL;ND;ND;ND;ND;ND;ND;ND;ND;ND;NULL;ND;NULL;ND;ND;NCL;ND;ND;ND;ND;ND;ND;ND;ND,"""9216,4096;9216,2048;9216;9216,7168;9216,7168;9216""",INT32;INT8;FLOAT;DT_BF16;INT8;FLOAT,ND;ND;ND;ND;ND;ND,0,444.596,14671666,4.358,0.01,27.235,0.061,14.072,0.032,54.42,0.122,7.37,0.017,0.141,445.163,29380791,188.643,0.424,34.84,0.078,292.295,0.657,150.995,0.339,0.065,99.112
3,48,110,12,sk_10_sk_test_layer_10_start_static_kernel_GroupedMatmul_513b506510b0747fe531659e08d025502f948632ff140daabec28a6556328687_2482379_d0_end_clear_ops,SuperKernel,static,MIX_AIC,1788186479105188.795	,454.520,2.670000,20,40,NO,"""9216,7168;1,7168,4096;;;;;;1;9216,4096;1,4096;9216;;1,2048;;1;9216,2048;1,2048,7168;;1,7168;;;;1;9216;9216,7168""",INT8;INT8;INT32;UINT64;FLOAT;FLOAT16;FLOAT16;INT64;INT32;FLOAT;FLOAT;DT_UNDEFINED;FLOAT;DT_UNDEFINED;INT64;INT8;INT8;INT32;DT_BF16;FLOAT;FLOAT16;FLOAT16;INT64;FLOAT;DT_BF16,ND;NCL;ND;ND;ND;ND;ND;ND;ND;ND;ND;NULL;ND;NULL;ND;ND;NCL;ND;ND;ND;ND;ND;ND;ND;ND,"""9216,4096;9216,2048;9216;9216,7168;9216,7168;9216""",INT32;INT8;FLOAT;DT_BF16;INT8;FLOAT,ND;ND;ND;ND;ND;ND,0,449.237,14824825,4.358,0.01,24.388,0.054,14.061,0.031,55.098,0.123,7.139,0.016,0.141,451.994,29831576,188.643,0.417,42.177,0.093,292.862,0.648,168.963,0.374,0.064,98.838
3,48,121,12,sk_11_sk_test_layer_11_start_static_kernel_GroupedMatmul_513b506510b0747fe531659e08d025502f948632ff140daabec28a6556328687_2482379_d0_end_clear_ops,SuperKernel,static,MIX_AIC,1788186479105646.215	,445.400,2.980000,20,40,NO,"""9216,7168;1,7168,4096;;;;;;1;9216,4096;1,4096;9216;;1,2048;;1;9216,2048;1,2048,7168;;1,7168;;;;1;9216;9216,7168""",INT8;INT8;INT32;UINT64;FLOAT;FLOAT16;FLOAT16;INT64;INT32;FLOAT;FLOAT;DT_UNDEFINED;FLOAT;DT_UNDEFINED;INT64;INT8;INT8;INT32;DT_BF16;FLOAT;FLOAT16;FLOAT16;INT64;FLOAT;DT_BF16,ND;NCL;ND;ND;ND;ND;ND;ND;ND;ND;ND;NULL;ND;NULL;ND;ND;NCL;ND;ND;ND;ND;ND;ND;ND;ND,"""9216,4096;9216,2048;9216;9216,7168;9216,7168;9216""",INT32;INT8;FLOAT;DT_BF16;INT8;FLOAT,ND;ND;ND;ND;ND;ND,0,440.886,14549227,4.358,0.01,26.696,0.061,14.062,0.032,55.008,0.125,7.55,0.017,0.14,442.035,29174282,188.642,0.427,37.16,0.084,291.128,0.659,161.768,0.366,0.065,98.986
3,48,132,12,sk_12_sk_test_layer_12_start_static_kernel_GroupedMatmul_513b506510b0747fe531659e08d025502f948632ff140daabec28a6556328687_2482379_d0_end_clear_ops,SuperKernel,static,MIX_AIC,1788186479106094.515	,447.560,2.850000,20,40,NO,"""9216,7168;1,7168,4096;;;;;;1;9216,4096;1,4096;9216;;1,2048;;1;9216,2048;1,2048,7168;;1,7168;;;;1;9216;9216,7168""",INT8;INT8;INT32;UINT64;FLOAT;FLOAT16;FLOAT16;INT64;INT32;FLOAT;FLOAT;DT_UNDEFINED;FLOAT;DT_UNDEFINED;INT64;INT8;INT8;INT32;DT_BF16;FLOAT;FLOAT16;FLOAT16;INT64;FLOAT;DT_BF16,ND;NCL;ND;ND;ND;ND;ND;ND;ND;ND;ND;NULL;ND;NULL;ND;ND;NCL;ND;ND;ND;ND;ND;ND;ND;ND,"""9216,4096;9216,2048;9216;9216,7168;9216,7168;9216""",INT32;INT8;FLOAT;DT_BF16;INT8;FLOAT,ND;ND;ND;ND;ND;ND,0,442.853,14614162,4.358,0.01,25.532,0.058,14.072,0.032,55.413,0.125,7.429,0.017,0.141,444.479,29335606,188.643,0.424,39.732,0.089,293.599,0.661,167.755,0.377,0.064,98.948
3,48,143,12,sk_13_sk_test_layer_13_start_static_kernel_GroupedMatmul_513b506510b0747fe531659e08d025502f948632ff140daabec28a6556328687_2482379_d0_end_clear_ops,SuperKernel,static,MIX_AIC,1788186479106544.635	,452.300,2.690000,20,40,NO,"""9216,7168;1,7168,4096;;;;;;1;9216,4096;1,4096;9216;;1,2048;;1;9216,2048;1,2048,7168;;1,7168;;;;1;9216;9216,7168""",INT8;INT8;INT32;UINT64;FLOAT;FLOAT16;FLOAT16;INT64;INT32;FLOAT;FLOAT;DT_UNDEFINED;FLOAT;DT_UNDEFINED;INT64;INT8;INT8;INT32;DT_BF16;FLOAT;FLOAT16;FLOAT16;INT64;FLOAT;DT_BF16,ND;NCL;ND;ND;ND;ND;ND;ND;ND;ND;ND;NULL;ND;NULL;ND;ND;NCL;ND;ND;ND;ND;ND;ND;ND;ND,"""9216,4096;9216,2048;9216;9216,7168;9216,7168;9216""",INT32;INT8;FLOAT;DT_BF16;INT8;FLOAT,ND;ND;ND;ND;ND;ND,0,448.051,14785691,4.358,0.01,25.878,0.058,14.065,0.031,55.706,0.124,7.274,0.016,0.141,449.25,29650511,188.643,0.42,34.913,0.078,292.528,0.651,157.627,0.351,0.064,99.061
3,48,154,12,sk_14_sk_test_layer_14_start_static_kernel_GroupedMatmul_513b506510b0747fe531659e08d025502f948632ff140daabec28a6556328687_2482379_d0_end_clear_ops,SuperKernel,static,MIX_AIC,1788186479106999.535	,460.420,2.450000,20,40,NO,"""9216,7168;1,7168,4096;;;;;;1;9216,4096;1,4096;9216;;1,2048;;1;9216,2048;1,2048,7168;;1,7168;;;;1;9216;9216,7168""",INT8;INT8;INT32;UINT64;FLOAT;FLOAT16;FLOAT16;INT64;INT32;FLOAT;FLOAT;DT_UNDEFINED;FLOAT;DT_UNDEFINED;INT64;INT8;INT8;INT32;DT_BF16;FLOAT;FLOAT16;FLOAT16;INT64;FLOAT;DT_BF16,ND;NCL;ND;ND;ND;ND;ND;ND;ND;ND;ND;NULL;ND;NULL;ND;ND;NCL;ND;ND;ND;ND;ND;ND;ND;ND,"""9216,4096;9216,2048;9216;9216,7168;9216,7168;9216""",INT32;INT8;FLOAT;DT_BF16;INT8;FLOAT,ND;ND;ND;ND;ND;ND,0,457.298,15090821,4.358,0.01,34.918,0.076,14.062,0.031,56.702,0.124,8.054,0.018,0.141,456.988,30161222,188.642,0.413,38.223,0.084,298.497,0.653,171.583,0.375,0.064,99.322
3,48,165,12,sk_15_sk_test_layer_15_start_static_kernel_GroupedMatmul_513b506510b0747fe531659e08d025502f948632ff140daabec28a6556328687_2482379_d0_end_clear_ops,SuperKernel,static,MIX_AIC,1788186479107463.035	,450.060,3.080000,20,40,NO,"""9216,7168;1,7168,4096;;;;;;1;9216,4096;1,4096;9216;;1,2048;;1;9216,2048;1,2048,7168;;1,7168;;;;1;9216;9216,7168""",INT8;INT8;INT32;UINT64;FLOAT;FLOAT16;FLOAT16;INT64;INT32;FLOAT;FLOAT;DT_UNDEFINED;FLOAT;DT_UNDEFINED;INT64;INT8;INT8;INT32;DT_BF16;FLOAT;FLOAT16;FLOAT16;INT64;FLOAT;DT_BF16,ND;NCL;ND;ND;ND;ND;ND;ND;ND;ND;ND;NULL;ND;NULL;ND;ND;NCL;ND;ND;ND;ND;ND;ND;ND;ND,"""9216,4096;9216,2048;9216;9216,7168;9216,7168;9216""",INT32;INT8;FLOAT;DT_BF16;INT8;FLOAT,ND;ND;ND;ND;ND;ND,0,446.292,14727633,4.358,0.01,34.676,0.078,14.072,0.032,51.335,0.115,7.327,0.016,0.14,446.661,29479606,188.645,0.422,34.207,0.077,292.393,0.655,162.787,0.364,0.065,99.163
3,48,176,12,sk_16_sk_test_layer_16_start_static_kernel_GroupedMatmul_513b506510b0747fe531659e08d025502f948632ff140daabec28a6556328687_2482379_d0_end_clear_ops,SuperKernel,static,MIX_AIC,1788186479107915.695	,448.020,2.690000,20,40,NO,"""9216,7168;1,7168,4096;;;;;;1;9216,4096;1,4096;9216;;1,2048;;1;9216,2048;1,2048,7168;;1,7168;;;;1;9216;9216,7168""",INT8;INT8;INT32;UINT64;FLOAT;FLOAT16;FLOAT16;INT64;INT32;FLOAT;FLOAT;DT_UNDEFINED;FLOAT;DT_UNDEFINED;INT64;INT8;INT8;INT32;DT_BF16;FLOAT;FLOAT16;FLOAT16;INT64;FLOAT;DT_BF16,ND;NCL;ND;ND;ND;ND;ND;ND;ND;ND;ND;NULL;ND;NULL;ND;ND;NCL;ND;ND;ND;ND;ND;ND;ND;ND,"""9216,4096;9216,2048;9216;9216,7168;9216,7168;9216""",INT32;INT8;FLOAT;DT_BF16;INT8;FLOAT,ND;ND;ND;ND;ND;ND,0,443.327,14629787,4.358,0.01,25.462,0.057,14.065,0.032,55.198,0.125,7.46,0.017,0.141,444.947,29366471,188.642,0.424,34.599,0.078,292.481,0.657,158.408,0.356,0.064,98.952
3,48,187,12,sk_17_sk_test_layer_17_start_static_kernel_GroupedMatmul_513b506510b0747fe531659e08d025502f948632ff140daabec28a6556328687_2482379_d0_end_clear_ops,SuperKernel,static,MIX_AIC,1788186479108366.735	,449.640,2.980000,20,40,NO,"""9216,7168;1,7168,4096;;;;;;1;9216,4096;1,4096;9216;;1,2048;;1;9216,2048;1,2048,7168;;1,7168;;;;1;9216;9216,7168""",INT8;INT8;INT32;UINT64;FLOAT;FLOAT16;FLOAT16;INT64;INT32;FLOAT;FLOAT;DT_UNDEFINED;FLOAT;DT_UNDEFINED;INT64;INT8;INT8;INT32;DT_BF16;FLOAT;FLOAT16;FLOAT16;INT64;FLOAT;DT_BF16,ND;NCL;ND;ND;ND;ND;ND;ND;ND;ND;ND;NULL;ND;NULL;ND;ND;NCL;ND;ND;ND;ND;ND;ND;ND;ND,"""9216,4096;9216,2048;9216;9216,7168;9216,7168;9216""",INT32;INT8;FLOAT;DT_BF16;INT8;FLOAT,ND;ND;ND;ND;ND;ND,0,445.86,14713387,4.358,0.01,33.548,0.075,14.073,0.032,52.867,0.119,7.538,0.017,0.14,446.33,29457802,188.641,0.423,39.287,0.088,291.632,0.653,161.103,0.361,0.064,99.159
3,48,198,12,sk_18_sk_test_layer_18_start_static_kernel_GroupedMatmul_513b506510b0747fe531659e08d025502f948632ff140daabec28a6556328687_2482379_d0_end_clear_ops,SuperKernel,static,MIX_AIC,1788186479108819.135	,449.960,2.860000,20,40,NO,"""9216,7168;1,7168,4096;;;;;;1;9216,4096;1,4096;9216;;1,2048;;1;9216,2048;1,2048,7168;;1,7168;;;;1;9216;9216,7168""",INT8;INT8;INT32;UINT64;FLOAT;FLOAT16;FLOAT16;INT64;INT32;FLOAT;FLOAT;DT_UNDEFINED;FLOAT;DT_UNDEFINED;INT64;INT8;INT8;INT32;DT_BF16;FLOAT;FLOAT16;FLOAT16;INT64;FLOAT;DT_BF16,ND;NCL;ND;ND;ND;ND;ND;ND;ND;ND;ND;NULL;ND;NULL;ND;ND;NCL;ND;ND;ND;ND;ND;ND;ND;ND,"""9216,4096;9216,2048;9216;9216,7168;9216,7168;9216""",INT32;INT8;FLOAT;DT_BF16;INT8;FLOAT,ND;ND;ND;ND;ND;ND,0,445.407,14698427,4.358,0.01,33.263,0.075,14.07,0.032,51.629,0.116,7.451,0.017,0.14,446.569,29473557,188.643,0.422,33.946,0.076,293.32,0.657,166.986,0.374,0.064,98.988
3,48,209,12,sk_19_sk_test_layer_19_start_static_kernel_GroupedMatmul_513b506510b0747fe531659e08d025502f948632ff140daabec28a6556328687_2482379_d0_end_clear_ops,SuperKernel,static,MIX_AIC,1788186479109272.175	,452.880,3.040000,20,40,NO,"""9216,7168;1,7168,4096;;;;;;1;9216,4096;1,4096;9216;;1,2048;;1;9216,2048;1,2048,7168;;1,7168;;;;1;9216;9216,7168""",INT8;INT8;INT32;UINT64;FLOAT;FLOAT16;FLOAT16;INT64;INT32;FLOAT;FLOAT;DT_UNDEFINED;FLOAT;DT_UNDEFINED;INT64;INT8;INT8;INT32;DT_BF16;FLOAT;FLOAT16;FLOAT16;INT64;FLOAT;DT_BF16,ND;NCL;ND;ND;ND;ND;ND;ND;ND;ND;ND;NULL;ND;NULL;ND;ND;NCL;ND;ND;ND;ND;ND;ND;ND;ND,"""9216,4096;9216,2048;9216;9216,7168;9216,7168;9216""",INT32;INT8;FLOAT;DT_BF16;INT8;FLOAT,ND;ND;ND;ND;ND;ND,0,450.546,14868003,4.358,0.01,34.053,0.076,14.065,0.031,53.958,0.12,7.854,0.017,0.14,449.289,29653072,188.642,0.42,34.355,0.076,292.459,0.651,166.566,0.371,0.064,99.485
3,48,220,12,sk_20_sk_test_layer_20_start_static_kernel_GroupedMatmul_513b506510b0747fe531659e08d025502f948632ff140daabec28a6556328687_2482379_d0_end_clear_ops,SuperKernel,static,MIX_AIC,1788186479109727.835	,449.960,2.620000,20,40,NO,"""9216,7168;1,7168,4096;;;;;;1;9216,4096;1,4096;9216;;1,2048;;1;9216,2048;1,2048,7168;;1,7168;;;;1;9216;9216,7168""",INT8;INT8;INT32;UINT64;FLOAT;FLOAT16;FLOAT16;INT64;INT32;FLOAT;FLOAT;DT_UNDEFINED;FLOAT;DT_UNDEFINED;INT64;INT8;INT8;INT32;DT_BF16;FLOAT;FLOAT16;FLOAT16;INT64;FLOAT;DT_BF16,ND;NCL;ND;ND;ND;ND;ND;ND;ND;ND;ND;NULL;ND;NULL;ND;ND;NCL;ND;ND;ND;ND;ND;ND;ND;ND,"""9216,4096;9216,2048;9216;9216,7168;9216,7168;9216""",INT32;INT8;FLOAT;DT_BF16;INT8;FLOAT,ND;ND;ND;ND;ND;ND,0,445.432,14699253,4.358,0.01,32.024,0.072,14.072,0.032,51.105,0.115,7.262,0.016,0.14,446.638,29478135,188.641,0.422,34.086,0.076,292.582,0.655,164.503,0.368,0.065,98.994
3,48,231,12,sk_21_sk_test_layer_21_start_static_kernel_GroupedMatmul_513b506510b0747fe531659e08d025502f948632ff140daabec28a6556328687_2482379_d0_end_clear_ops,SuperKernel,static,MIX_AIC,1788186479110180.795	,452.580,3.040000,20,40,NO,"""9216,7168;1,7168,4096;;;;;;1;9216,4096;1,4096;9216;;1,2048;;1;9216,2048;1,2048,7168;;1,7168;;;;1;9216;9216,7168""",INT8;INT8;INT32;UINT64;FLOAT;FLOAT16;FLOAT16;INT64;INT32;FLOAT;FLOAT;DT_UNDEFINED;FLOAT;DT_UNDEFINED;INT64;INT8;INT8;INT32;DT_BF16;FLOAT;FLOAT16;FLOAT16;INT64;FLOAT;DT_BF16,ND;NCL;ND;ND;ND;ND;ND;ND;ND;ND;ND;NULL;ND;NULL;ND;ND;NCL;ND;ND;ND;ND;ND;ND;ND;ND,"""9216,4096;9216,2048;9216;9216,7168;9216,7168;9216""",INT32;INT8;FLOAT;DT_BF16;INT8;FLOAT,ND;ND;ND;ND;ND;ND,0,448.356,14795742,4.358,0.01,27.543,0.061,14.077,0.031,56.524,0.126,7.323,0.016,0.14,450.112,29707381,188.643,0.419,40.788,0.091,292.431,0.65,158.527,0.352,0.065,99.067
3,48,242,12,sk_22_sk_test_layer_22_start_static_kernel_GroupedMatmul_513b506510b0747fe531659e08d025502f948632ff140daabec28a6556328687_2482379_d0_end_clear_ops,SuperKernel,static,MIX_AIC,1788186479110636.535	,452.600,3.170000,20,40,NO,"""9216,7168;1,7168,4096;;;;;;1;9216,4096;1,4096;9216;;1,2048;;1;9216,2048;1,2048,7168;;1,7168;;;;1;9216;9216,7168""",INT8;INT8;INT32;UINT64;FLOAT;FLOAT16;FLOAT16;INT64;INT32;FLOAT;FLOAT;DT_UNDEFINED;FLOAT;DT_UNDEFINED;INT64;INT8;INT8;INT32;DT_BF16;FLOAT;FLOAT16;FLOAT16;INT64;FLOAT;DT_BF16,ND;NCL;ND;ND;ND;ND;ND;ND;ND;ND;ND;NULL;ND;NULL;ND;ND;NCL;ND;ND;ND;ND;ND;ND;ND;ND,"""9216,4096;9216,2048;9216;9216,7168;9216,7168;9216""",INT32;INT8;FLOAT;DT_BF16;INT8;FLOAT,ND;ND;ND;ND;ND;ND,0,448.032,14785069,4.358,0.01,25.397,0.057,14.072,0.031,54.821,0.122,7.467,0.017,0.14,449.185,29646213,188.642,0.42,37.206,0.083,292.521,0.651,159.831,0.356,0.064,98.991
3,48,253,12,sk_23_sk_test_layer_23_start_static_kernel_GroupedMatmul_513b506510b0747fe531659e08d025502f948632ff140daabec28a6556328687_2482379_d0_end_clear_ops,SuperKernel,static,MIX_AIC,1788186479111092.075	,447.000,2.900000,20,40,NO,"""9216,7168;1,7168,4096;;;;;;1;9216,4096;1,4096;9216;;1,2048;;1;9216,2048;1,2048,7168;;1,7168;;;;1;9216;9216,7168""",INT8;INT8;INT32;UINT64;FLOAT;FLOAT16;FLOAT16;INT64;INT32;FLOAT;FLOAT;DT_UNDEFINED;FLOAT;DT_UNDEFINED;INT64;INT8;INT8;INT32;DT_BF16;FLOAT;FLOAT16;FLOAT16;INT64;FLOAT;DT_BF16,ND;NCL;ND;ND;ND;ND;ND;ND;ND;ND;ND;NULL;ND;NULL;ND;ND;NCL;ND;ND;ND;ND;ND;ND;ND;ND,"""9216,4096;9216,2048;9216;9216,7168;9216,7168;9216""",INT32;INT8;FLOAT;DT_BF16;INT8;FLOAT,ND;ND;ND;ND;ND;ND,0,442.346,14597415,4.358,0.01,25.801,0.058,14.07,0.032,54.891,0.124,7.428,0.017,0.141,444.097,29310434,188.641,0.425,40.215,0.091,292.187,0.658,163.736,0.369,0.064,98.959
3,48,264,12,sk_24_sk_test_layer_24_start_static_kernel_GroupedMatmul_513b506510b0747fe531659e08d025502f948632ff140daabec28a6556328687_2482379_d0_end_clear_ops,SuperKernel,static,MIX_AIC,1788186479111542.095	,448.360,3.000000,20,40,NO,"""9216,7168;1,7168,4096;;;;;;1;9216,4096;1,4096;9216;;1,2048;;1;9216,2048;1,2048,7168;;1,7168;;;;1;9216;9216,7168""",INT8;INT8;INT32;UINT64;FLOAT;FLOAT16;FLOAT16;INT64;INT32;FLOAT;FLOAT;DT_UNDEFINED;FLOAT;DT_UNDEFINED;INT64;INT8;INT8;INT32;DT_BF16;FLOAT;FLOAT16;FLOAT16;INT64;FLOAT;DT_BF16,ND;NCL;ND;ND;ND;ND;ND;ND;ND;ND;ND;NULL;ND;NULL;ND;ND;NCL;ND;ND;ND;ND;ND;ND;ND;ND,"""9216,4096;9216,2048;9216;9216,7168;9216,7168;9216""",INT32;INT8;FLOAT;DT_BF16;INT8;FLOAT,ND;ND;ND;ND;ND;ND,0,443.329,14629844,4.358,0.01,25.813,0.058,14.07,0.032,54.69,0.123,7.316,0.017,0.14,445.811,29423518,188.642,0.423,40.58,0.091,292.137,0.655,161.01,0.361,0.064,98.878
3,48,275,12,sk_25_sk_test_layer_25_start_static_kernel_GroupedMatmul_513b506510b0747fe531659e08d025502f948632ff140daabec28a6556328687_2482379_d0_end_clear_ops,SuperKernel,static,MIX_AIC,1788186479111993.435	,447.560,3.140000,20,40,NO,"""9216,7168;1,7168,4096;;;;;;1;9216,4096;1,4096;9216;;1,2048;;1;9216,2048;1,2048,7168;;1,7168;;;;1;9216;9216,7168""",INT8;INT8;INT32;UINT64;FLOAT;FLOAT16;FLOAT16;INT64;INT32;FLOAT;FLOAT;DT_UNDEFINED;FLOAT;DT_UNDEFINED;INT64;INT8;INT8;INT32;DT_BF16;FLOAT;FLOAT16;FLOAT16;INT64;FLOAT;DT_BF16,ND;NCL;ND;ND;ND;ND;ND;ND;ND;ND;ND;NULL;ND;NULL;ND;ND;NCL;ND;ND;ND;ND;ND;ND;ND;ND,"""9216,4096;9216,2048;9216;9216,7168;9216,7168;9216""",INT32;INT8;FLOAT;DT_BF16;INT8;FLOAT,ND;ND;ND;ND;ND;ND,0,442.955,14617523,4.358,0.01,25.965,0.059,14.073,0.032,55.433,0.125,7.259,0.016,0.141,444.129,29312520,188.642,0.425,35.803,0.081,291.571,0.657,160.74,0.362,0.064,98.971
3,48,286,12,sk_26_sk_test_layer_26_start_static_kernel_GroupedMatmul_513b506510b0747fe531659e08d025502f948632ff140daabec28a6556328687_2482379_d0_end_clear_ops,SuperKernel,static,MIX_AIC,1788186479112443.635	,453.720,2.690000,20,40,NO,"""9216,7168;1,7168,4096;;;;;;1;9216,4096;1,4096;9216;;1,2048;;1;9216,2048;1,2048,7168;;1,7168;;;;1;9216;9216,7168""",INT8;INT8;INT32;UINT64;FLOAT;FLOAT16;FLOAT16;INT64;INT32;FLOAT;FLOAT;DT_UNDEFINED;FLOAT;DT_UNDEFINED;INT64;INT8;INT8;INT32;DT_BF16;FLOAT;FLOAT16;FLOAT16;INT64;FLOAT;DT_BF16,ND;NCL;ND;ND;ND;ND;ND;ND;ND;ND;ND;NULL;ND;NULL;ND;ND;NCL;ND;ND;ND;ND;ND;ND;ND;ND,"""9216,4096;9216,2048;9216;9216,7168;9216,7168;9216""",INT32;INT8;FLOAT;DT_BF16;INT8;FLOAT,ND;ND;ND;ND;ND;ND,0,449.131,14821315,4.358,0.01,28.115,0.063,14.067,0.031,54.49,0.121,7.411,0.017,0.14,450.292,29719297,188.643,0.419,36.216,0.08,292.631,0.65,162.283,0.36,0.065,98.989
3,48,297,12,sk_27_sk_test_layer_27_start_static_kernel_GroupedMatmul_513b506510b0747fe531659e08d025502f948632ff140daabec28a6556328687_2482379_d0_end_clear_ops,SuperKernel,static,MIX_AIC,1788186479112900.375	,451.180,3.030000,20,40,NO,"""9216,7168;1,7168,4096;;;;;;1;9216,4096;1,4096;9216;;1,2048;;1;9216,2048;1,2048,7168;;1,7168;;;;1;9216;9216,7168""",INT8;INT8;INT32;UINT64;FLOAT;FLOAT16;FLOAT16;INT64;INT32;FLOAT;FLOAT;DT_UNDEFINED;FLOAT;DT_UNDEFINED;INT64;INT8;INT8;INT32;DT_BF16;FLOAT;FLOAT16;FLOAT16;INT64;FLOAT;DT_BF16,ND;NCL;ND;ND;ND;ND;ND;ND;ND;ND;ND;NULL;ND;NULL;ND;ND;NCL;ND;ND;ND;ND;ND;ND;ND;ND,"""9216,4096;9216,2048;9216;9216,7168;9216,7168;9216""",INT32;INT8;FLOAT;DT_BF16;INT8;FLOAT,ND;ND;ND;ND;ND;ND,0,445.868,14713643,4.358,0.01,25.347,0.057,14.071,0.032,55.88,0.125,7.539,0.017,0.141,448.834,29623018,188.644,0.42,44.012,0.098,292.442,0.652,158.773,0.354,0.064,98.823
3,48,308,12,sk_28_sk_test_layer_28_start_static_kernel_GroupedMatmul_513b506510b0747fe531659e08d025502f948632ff140daabec28a6556328687_2482379_d0_end_clear_ops,SuperKernel,static,MIX_AIC,1788186479113354.515	,450.440,2.820000,20,40,NO,"""9216,7168;1,7168,4096;;;;;;1;9216,4096;1,4096;9216;;1,2048;;1;9216,2048;1,2048,7168;;1,7168;;;;1;9216;9216,7168""",INT8;INT8;INT32;UINT64;FLOAT;FLOAT16;FLOAT16;INT64;INT32;FLOAT;FLOAT;DT_UNDEFINED;FLOAT;DT_UNDEFINED;INT64;INT8;INT8;INT32;DT_BF16;FLOAT;FLOAT16;FLOAT16;INT64;FLOAT;DT_BF16,ND;NCL;ND;ND;ND;ND;ND;ND;ND;ND;ND;NULL;ND;NULL;ND;ND;NCL;ND;ND;ND;ND;ND;ND;ND;ND,"""9216,4096;9216,2048;9216;9216,7168;9216,7168;9216""",INT32;INT8;FLOAT;DT_BF16;INT8;FLOAT,ND;ND;ND;ND;ND;ND,0,448.101,14787343,4.358,0.01,31.837,0.071,14.07,0.031,54.19,0.121,7.423,0.017,0.141,447.458,29532234,188.642,0.422,38.003,0.085,292.662,0.654,159.987,0.358,0.064,99.481
3,48,319,12,sk_29_sk_test_layer_29_start_static_kernel_GroupedMatmul_513b506510b0747fe531659e08d025502f948632ff140daabec28a6556328687_2482379_d0_end_clear_ops,SuperKernel,static,MIX_AIC,1788186479113807.675	,453.420,2.810000,20,40,NO,"""9216,7168;1,7168,4096;;;;;;1;9216,4096;1,4096;9216;;1,2048;;1;9216,2048;1,2048,7168;;1,7168;;;;1;9216;9216,7168""",INT8;INT8;INT32;UINT64;FLOAT;FLOAT16;FLOAT16;INT64;INT32;FLOAT;FLOAT;DT_UNDEFINED;FLOAT;DT_UNDEFINED;INT64;INT8;INT8;INT32;DT_BF16;FLOAT;FLOAT16;FLOAT16;INT64;FLOAT;DT_BF16,ND;NCL;ND;ND;ND;ND;ND;ND;ND;ND;ND;NULL;ND;NULL;ND;ND;NCL;ND;ND;ND;ND;ND;ND;ND;ND,"""9216,4096;9216,2048;9216;9216,7168;9216,7168;9216""",INT32;INT8;FLOAT;DT_BF16;INT8;FLOAT,ND;ND;ND;ND;ND;ND,0,449.091,14820017,4.358,0.01,24.518,0.055,14.061,0.031,56.052,0.125,7.542,0.017,0.14,449.981,29698774,188.643,0.419,39.008,0.087,293.542,0.652,163.99,0.364,0.064,99.045
3,48,330,12,sk_30_sk_test_layer_30_start_static_kernel_GroupedMatmul_513b506510b0747fe531659e08d025502f948632ff140daabec28a6556328687_2482379_d0_end_clear_ops,SuperKernel,static,MIX_AIC,1788186479114263.935	,449.840,2.830000,20,40,NO,"""9216,7168;1,7168,4096;;;;;;1;9216,4096;1,4096;9216;;1,2048;;1;9216,2048;1,2048,7168;;1,7168;;;;1;9216;9216,7168""",INT8;INT8;INT32;UINT64;FLOAT;FLOAT16;FLOAT16;INT64;INT32;FLOAT;FLOAT;DT_UNDEFINED;FLOAT;DT_UNDEFINED;INT64;INT8;INT8;INT32;DT_BF16;FLOAT;FLOAT16;FLOAT16;INT64;FLOAT;DT_BF16,ND;NCL;ND;ND;ND;ND;ND;ND;ND;ND;ND;NULL;ND;NULL;ND;ND;NCL;ND;ND;ND;ND;ND;ND;ND;ND,"""9216,4096;9216,2048;9216;9216,7168;9216,7168;9216""",INT32;INT8;FLOAT;DT_BF16;INT8;FLOAT,ND;ND;ND;ND;ND;ND,0,445.24,14692907,4.358,0.01,29.588,0.066,14.059,0.032,53.52,0.12,7.355,0.017,0.14,446.406,29462764,188.642,0.423,39.316,0.088,292.432,0.655,164.531,0.369,0.064,98.977
3,48,341,12,sk_31_sk_test_layer_31_start_static_kernel_GroupedMatmul_513b506510b0747fe531659e08d025502f948632ff140daabec28a6556328687_2482379_d0_end_clear_ops,SuperKernel,static,MIX_AIC,1788186479114716.515	,448.120,2.660000,20,40,NO,"""9216,7168;1,7168,4096;;;;;;1;9216,4096;1,4096;9216;;1,2048;;1;9216,2048;1,2048,7168;;1,7168;;;;1;9216;9216,7168""",INT8;INT8;INT32;UINT64;FLOAT;FLOAT16;FLOAT16;INT64;INT32;FLOAT;FLOAT;DT_UNDEFINED;FLOAT;DT_UNDEFINED;INT64;INT8;INT8;INT32;DT_BF16;FLOAT;FLOAT16;FLOAT16;INT64;FLOAT;DT_BF16,ND;NCL;ND;ND;ND;ND;ND;ND;ND;ND;ND;NULL;ND;NULL;ND;ND;NCL;ND;ND;ND;ND;ND;ND;ND;ND,"""9216,4096;9216,2048;9216;9216,7168;9216,7168;9216""",INT32;INT8;FLOAT;DT_BF16;INT8;FLOAT,ND;ND;ND;ND;ND;ND,0,443.093,14622070,4.358,0.01,26.42,0.06,14.065,0.032,54.615,0.123,7.334,0.017,0.14,445.409,29397003,188.641,0.424,41.786,0.094,291.723,0.655,164.269,0.369,0.064,98.878
3,48,352,12,sk_32_sk_test_layer_32_start_static_kernel_GroupedMatmul_513b506510b0747fe531659e08d025502f948632ff140daabec28a6556328687_2482379_d0_end_clear_ops,SuperKernel,static,MIX_AIC,1788186479115167.255	,447.220,2.630000,20,40,NO,"""9216,7168;1,7168,4096;;;;;;1;9216,4096;1,4096;9216;;1,2048;;1;9216,2048;1,2048,7168;;1,7168;;;;1;9216;9216,7168""",INT8;INT8;INT32;UINT64;FLOAT;FLOAT16;FLOAT16;INT64;INT32;FLOAT;FLOAT;DT_UNDEFINED;FLOAT;DT_UNDEFINED;INT64;INT8;INT8;INT32;DT_BF16;FLOAT;FLOAT16;FLOAT16;INT64;FLOAT;DT_BF16,ND;NCL;ND;ND;ND;ND;ND;ND;ND;ND;ND;NULL;ND;NULL;ND;ND;NCL;ND;ND;ND;ND;ND;ND;ND;ND,"""9216,4096;9216,2048;9216;9216,7168;9216,7168;9216""",INT32;INT8;FLOAT;DT_BF16;INT8;FLOAT,ND;ND;ND;ND;ND;ND,0,443.482,14634918,4.358,0.01,30.74,0.069,14.066,0.032,53.247,0.12,7.578,0.017,0.14,444.036,29306383,188.643,0.425,36.941,0.083,292.241,0.658,152.56,0.344,0.064,99.164
3,48,363,12,sk_33_sk_test_layer_33_start_static_kernel_GroupedMatmul_513b506510b0747fe531659e08d025502f948632ff140daabec28a6556328687_2482379_d0_end_clear_ops,SuperKernel,static,MIX_AIC,1788186479115617.315	,453.900,2.780000,20,40,NO,"""9216,7168;1,7168,4096;;;;;;1;9216,4096;1,4096;9216;;1,2048;;1;9216,2048;1,2048,7168;;1,7168;;;;1;9216;9216,7168""",INT8;INT8;INT32;UINT64;FLOAT;FLOAT16;FLOAT16;INT64;INT32;FLOAT;FLOAT;DT_UNDEFINED;FLOAT;DT_UNDEFINED;INT64;INT8;INT8;INT32;DT_BF16;FLOAT;FLOAT16;FLOAT16;INT64;FLOAT;DT_BF16,ND;NCL;ND;ND;ND;ND;ND;ND;ND;ND;ND;NULL;ND;NULL;ND;ND;NCL;ND;ND;ND;ND;ND;ND;ND;ND,"""9216,4096;9216,2048;9216;9216,7168;9216,7168;9216""",INT32;INT8;FLOAT;DT_BF16;INT8;FLOAT,ND;ND;ND;ND;ND;ND,0,450.168,14855548,4.358,0.01,26.943,0.06,14.069,0.031,55.051,0.122,7.304,0.016,0.141,450.447,29729532,188.642,0.419,40.19,0.089,292.396,0.649,157.441,0.35,0.065,99.178
3,48,374,12,sk_34_sk_test_layer_34_start_static_kernel_GroupedMatmul_513b506510b0747fe531659e08d025502f948632ff140daabec28a6556328687_2482379_d0_end_clear_ops,SuperKernel,static,MIX_AIC,1788186479116074.155	,454.420,3.100000,20,40,NO,"""9216,7168;1,7168,4096;;;;;;1;9216,4096;1,4096;9216;;1,2048;;1;9216,2048;1,2048,7168;;1,7168;;;;1;9216;9216,7168""",INT8;INT8;INT32;UINT64;FLOAT;FLOAT16;FLOAT16;INT64;INT32;FLOAT;FLOAT;DT_UNDEFINED;FLOAT;DT_UNDEFINED;INT64;INT8;INT8;INT32;DT_BF16;FLOAT;FLOAT16;FLOAT16;INT64;FLOAT;DT_BF16,ND;NCL;ND;ND;ND;ND;ND;ND;ND;ND;ND;NULL;ND;NULL;ND;ND;NCL;ND;ND;ND;ND;ND;ND;ND;ND,"""9216,4096;9216,2048;9216;9216,7168;9216,7168;9216""",INT32;INT8;FLOAT;DT_BF16;INT8;FLOAT,ND;ND;ND;ND;ND;ND,0,449.868,14845628,4.358,0.01,33.075,0.074,14.067,0.031,52.498,0.117,7.647,0.017,0.14,451.224,29780785,188.643,0.418,36.51,0.081,292.928,0.649,158.752,0.352,0.065,98.998
3,48,385,12,sk_35_sk_test_layer_35_start_static_kernel_GroupedMatmul_513b506510b0747fe531659e08d025502f948632ff140daabec28a6556328687_2482379_d0_end_clear_ops,SuperKernel,static,MIX_AIC,1788186479116531.475	,452.060,2.830000,20,40,NO,"""9216,7168;1,7168,4096;;;;;;1;9216,4096;1,4096;9216;;1,2048;;1;9216,2048;1,2048,7168;;1,7168;;;;1;9216;9216,7168""",INT8;INT8;INT32;UINT64;FLOAT;FLOAT16;FLOAT16;INT64;INT32;FLOAT;FLOAT;DT_UNDEFINED;FLOAT;DT_UNDEFINED;INT64;INT8;INT8;INT32;DT_BF16;FLOAT;FLOAT16;FLOAT16;INT64;FLOAT;DT_BF16,ND;NCL;ND;ND;ND;ND;ND;ND;ND;ND;ND;NULL;ND;NULL;ND;ND;NCL;ND;ND;ND;ND;ND;ND;ND;ND,"""9216,4096;9216,2048;9216;9216,7168;9216,7168;9216""",INT32;INT8;FLOAT;DT_BF16;INT8;FLOAT,ND;ND;ND;ND;ND;ND,0,448.97,14816003,4.358,0.01,33.38,0.074,14.073,0.031,54.034,0.12,7.529,0.017,0.14,449.212,29647992,188.642,0.42,37.495,0.083,292.549,0.651,161.844,0.36,0.064,99.316
3,48,396,12,sk_36_sk_test_layer_36_start_static_kernel_GroupedMatmul_513b506510b0747fe531659e08d025502f948632ff140daabec28a6556328687_2482379_d0_end_clear_ops,SuperKernel,static,MIX_AIC,1788186479116986.495	,447.960,2.940000,20,40,NO,"""9216,7168;1,7168,4096;;;;;;1;9216,4096;1,4096;9216;;1,2048;;1;9216,2048;1,2048,7168;;1,7168;;;;1;9216;9216,7168""",INT8;INT8;INT32;UINT64;FLOAT;FLOAT16;FLOAT16;INT64;INT32;FLOAT;FLOAT;DT_UNDEFINED;FLOAT;DT_UNDEFINED;INT64;INT8;INT8;INT32;DT_BF16;FLOAT;FLOAT16;FLOAT16;INT64;FLOAT;DT_BF16,ND;NCL;ND;ND;ND;ND;ND;ND;ND;ND;ND;NULL;ND;NULL;ND;ND;NCL;ND;ND;ND;ND;ND;ND;ND;ND,"""9216,4096;9216,2048;9216;9216,7168;9216,7168;9216""",INT32;INT8;FLOAT;DT_BF16;INT8;FLOAT,ND;ND;ND;ND;ND;ND,0,443.866,14647577,4.358,0.01,28.029,0.063,14.077,0.032,54.88,0.124,7.636,0.017,0.141,444.557,29340743,188.643,0.424,34.228,0.077,292.455,0.658,167.618,0.377,0.064,99.086
3,48,407,12,sk_37_sk_test_layer_37_start_static_kernel_GroupedMatmul_513b506510b0747fe531659e08d025502f948632ff140daabec28a6556328687_2482379_d0_end_clear_ops,SuperKernel,static,MIX_AIC,1788186479117437.315	,448.800,2.790000,20,40,NO,"""9216,7168;1,7168,4096;;;;;;1;9216,4096;1,4096;9216;;1,2048;;1;9216,2048;1,2048,7168;;1,7168;;;;1;9216;9216,7168""",INT8;INT8;INT32;UINT64;FLOAT;FLOAT16;FLOAT16;INT64;INT32;FLOAT;FLOAT;DT_UNDEFINED;FLOAT;DT_UNDEFINED;INT64;INT8;INT8;INT32;DT_BF16;FLOAT;FLOAT16;FLOAT16;INT64;FLOAT;DT_BF16,ND;NCL;ND;ND;ND;ND;ND;ND;ND;ND;ND;NULL;ND;NULL;ND;ND;NCL;ND;ND;ND;ND;ND;ND;ND;ND,"""9216,4096;9216,2048;9216;9216,7168;9216,7168;9216""",INT32;INT8;FLOAT;DT_BF16;INT8;FLOAT,ND;ND;ND;ND;ND;ND,0,444.242,14659994,4.358,0.01,32.913,0.074,14.07,0.032,51.249,0.115,7.346,0.017,0.14,445.393,29395941,188.642,0.424,34.588,0.078,292.079,0.656,160.785,0.361,0.065,98.984
3,48,418,12,sk_38_sk_test_layer_38_start_static_kernel_GroupedMatmul_513b506510b0747fe531659e08d025502f948632ff140daabec28a6556328687_2482379_d0_end_clear_ops,SuperKernel,static,MIX_AIC,1788186479117889.175	,449.060,3.200000,20,40,NO,"""9216,7168;1,7168,4096;;;;;;1;9216,4096;1,4096;9216;;1,2048;;1;9216,2048;1,2048,7168;;1,7168;;;;1;9216;9216,7168""",INT8;INT8;INT32;UINT64;FLOAT;FLOAT16;FLOAT16;INT64;INT32;FLOAT;FLOAT;DT_UNDEFINED;FLOAT;DT_UNDEFINED;INT64;INT8;INT8;INT32;DT_BF16;FLOAT;FLOAT16;FLOAT16;INT64;FLOAT;DT_BF16,ND;NCL;ND;ND;ND;ND;ND;ND;ND;ND;ND;NULL;ND;NULL;ND;ND;NCL;ND;ND;ND;ND;ND;ND;ND;ND,"""9216,4096;9216,2048;9216;9216,7168;9216,7168;9216""",INT32;INT8;FLOAT;DT_BF16;INT8;FLOAT,ND;ND;ND;ND;ND;ND,0,444.473,14667605,4.358,0.01,25.555,0.057,14.064,0.032,55.126,0.124,7.445,0.017,0.141,445.611,29410346,188.642,0.423,33.823,0.076,291.9,0.655,161.942,0.363,0.064,98.979
3,48,429,12,sk_39_sk_test_layer_39_start_static_kernel_GroupedMatmul_513b506510b0747fe531659e08d025502f948632ff140daabec28a6556328687_2482379_d0_end_clear_ops,SuperKernel,static,MIX_AIC,1788186479118340.995	,458.760,2.690000,20,40,NO,"""9216,7168;1,7168,4096;;;;;;1;9216,4096;1,4096;9216;;1,2048;;1;9216,2048;1,2048,7168;;1,7168;;;;1;9216;9216,7168""",INT8;INT8;INT32;UINT64;FLOAT;FLOAT16;FLOAT16;INT64;INT32;FLOAT;FLOAT;DT_UNDEFINED;FLOAT;DT_UNDEFINED;INT64;INT8;INT8;INT32;DT_BF16;FLOAT;FLOAT16;FLOAT16;INT64;FLOAT;DT_BF16,ND;NCL;ND;ND;ND;ND;ND;ND;ND;ND;ND;NULL;ND;NULL;ND;ND;NCL;ND;ND;ND;ND;ND;ND;ND;ND,"""9216,4096;9216,2048;9216;9216,7168;9216,7168;9216""",INT32;INT8;FLOAT;DT_BF16;INT8;FLOAT,ND;ND;ND;ND;ND;ND,0,454.785,15007921,4.358,0.01,28.126,0.062,14.068,0.031,57.503,0.126,7.804,0.017,0.141,455.541,30065725,188.631,0.414,34.482,0.076,298.729,0.656,168.885,0.371,0.064,99.134
3,48,440,12,sk_40_sk_test_layer_40_start_static_kernel_GroupedMatmul_513b506510b0747fe531659e08d025502f948632ff140daabec28a6556328687_2482379_d0_end_clear_ops,SuperKernel,static,MIX_AIC,1788186479118802.455	,449.920,2.740000,20,40,NO,"""9216,7168;1,7168,4096;;;;;;1;9216,4096;1,4096;9216;;1,2048;;1;9216,2048;1,2048,7168;;1,7168;;;;1;9216;9216,7168""",INT8;INT8;INT32;UINT64;FLOAT;FLOAT16;FLOAT16;INT64;INT32;FLOAT;FLOAT;DT_UNDEFINED;FLOAT;DT_UNDEFINED;INT64;INT8;INT8;INT32;DT_BF16;FLOAT;FLOAT16;FLOAT16;INT64;FLOAT;DT_BF16,ND;NCL;ND;ND;ND;ND;ND;ND;ND;ND;ND;NULL;ND;NULL;ND;ND;NCL;ND;ND;ND;ND;ND;ND;ND;ND,"""9216,4096;9216,2048;9216;9216,7168;9216,7168;9216""",INT32;INT8;FLOAT;DT_BF16;INT8;FLOAT,ND;ND;ND;ND;ND;ND,0,447.835,14778552,4.358,0.01,33.935,0.076,14.069,0.031,53.12,0.119,7.236,0.016,0.14,446.543,29471838,188.642,0.422,35.315,0.079,291.958,0.654,158.471,0.355,0.064,99.537
3,48,451,12,sk_41_sk_test_layer_41_start_static_kernel_GroupedMatmul_513b506510b0747fe531659e08d025502f948632ff140daabec28a6556328687_2482379_d0_end_clear_ops,SuperKernel,static,MIX_AIC,1788186479119255.015	,446.700,2.580000,20,40,NO,"""9216,7168;1,7168,4096;;;;;;1;9216,4096;1,4096;9216;;1,2048;;1;9216,2048;1,2048,7168;;1,7168;;;;1;9216;9216,7168""",INT8;INT8;INT32;UINT64;FLOAT;FLOAT16;FLOAT16;INT64;INT32;FLOAT;FLOAT;DT_UNDEFINED;FLOAT;DT_UNDEFINED;INT64;INT8;INT8;INT32;DT_BF16;FLOAT;FLOAT16;FLOAT16;INT64;FLOAT;DT_BF16,ND;NCL;ND;ND;ND;ND;ND;ND;ND;ND;ND;NULL;ND;NULL;ND;ND;NCL;ND;ND;ND;ND;ND;ND;ND;ND,"""9216,4096;9216,2048;9216;9216,7168;9216,7168;9216""",INT32;INT8;FLOAT;DT_BF16;INT8;FLOAT,ND;ND;ND;ND;ND;ND,0,442.142,14590674,4.358,0.01,25.19,0.057,14.072,0.032,56.508,0.128,7.499,0.017,0.14,443.351,29261134,188.642,0.425,34.725,0.078,293.25,0.661,163.299,0.368,0.064,98.980
3,48,462,12,sk_42_sk_test_layer_42_start_static_kernel_GroupedMatmul_513b506510b0747fe531659e08d025502f948632ff140daabec28a6556328687_2482379_d0_end_clear_ops,SuperKernel,static,MIX_AIC,1788186479119704.495	,450.400,2.800000,20,40,NO,"""9216,7168;1,7168,4096;;;;;;1;9216,4096;1,4096;9216;;1,2048;;1;9216,2048;1,2048,7168;;1,7168;;;;1;9216;9216,7168""",INT8;INT8;INT32;UINT64;FLOAT;FLOAT16;FLOAT16;INT64;INT32;FLOAT;FLOAT;DT_UNDEFINED;FLOAT;DT_UNDEFINED;INT64;INT8;INT8;INT32;DT_BF16;FLOAT;FLOAT16;FLOAT16;INT64;FLOAT;DT_BF16,ND;NCL;ND;ND;ND;ND;ND;ND;ND;ND;ND;NULL;ND;NULL;ND;ND;NCL;ND;ND;ND;ND;ND;ND;ND;ND,"""9216,4096;9216,2048;9216;9216,7168;9216,7168;9216""",INT32;INT8;FLOAT;DT_BF16;INT8;FLOAT,ND;ND;ND;ND;ND;ND,0,446.067,14720200,4.358,0.01,26.647,0.06,14.071,0.032,56.499,0.127,7.677,0.017,0.14,447.908,29561949,188.643,0.421,40.865,0.091,292.375,0.653,150.491,0.336,0.064,99.038
3,48,473,12,sk_43_sk_test_layer_43_start_static_kernel_GroupedMatmul_513b506510b0747fe531659e08d025502f948632ff140daabec28a6556328687_2482379_d0_end_clear_ops,SuperKernel,static,MIX_AIC,1788186479120157.695	,453.120,2.850000,20,40,NO,"""9216,7168;1,7168,4096;;;;;;1;9216,4096;1,4096;9216;;1,2048;;1;9216,2048;1,2048,7168;;1,7168;;;;1;9216;9216,7168""",INT8;INT8;INT32;UINT64;FLOAT;FLOAT16;FLOAT16;INT64;INT32;FLOAT;FLOAT;DT_UNDEFINED;FLOAT;DT_UNDEFINED;INT64;INT8;INT8;INT32;DT_BF16;FLOAT;FLOAT16;FLOAT16;INT64;FLOAT;DT_BF16,ND;NCL;ND;ND;ND;ND;ND;ND;ND;ND;ND;NULL;ND;NULL;ND;ND;NCL;ND;ND;ND;ND;ND;ND;ND;ND,"""9216,4096;9216,2048;9216;9216,7168;9216,7168;9216""",INT32;INT8;FLOAT;DT_BF16;INT8;FLOAT,ND;ND;ND;ND;ND;ND,0,448.535,14801667,4.358,0.01,27.132,0.06,14.071,0.031,56.304,0.126,7.631,0.017,0.141,449.699,29680129,188.641,0.419,34.175,0.076,292.471,0.65,166.548,0.37,0.065,98.988
3,48,484,12,sk_44_sk_test_layer_44_start_static_kernel_GroupedMatmul_513b506510b0747fe531659e08d025502f948632ff140daabec28a6556328687_2482379_d0_end_clear_ops,SuperKernel,static,MIX_AIC,1788186479120613.915	,448.060,3.130000,20,40,NO,"""9216,7168;1,7168,4096;;;;;;1;9216,4096;1,4096;9216;;1,2048;;1;9216,2048;1,2048,7168;;1,7168;;;;1;9216;9216,7168""",INT8;INT8;INT32;UINT64;FLOAT;FLOAT16;FLOAT16;INT64;INT32;FLOAT;FLOAT;DT_UNDEFINED;FLOAT;DT_UNDEFINED;INT64;INT8;INT8;INT32;DT_BF16;FLOAT;FLOAT16;FLOAT16;INT64;FLOAT;DT_BF16,ND;NCL;ND;ND;ND;ND;ND;ND;ND;ND;ND;NULL;ND;NULL;ND;ND;NCL;ND;ND;ND;ND;ND;ND;ND;ND,"""9216,4096;9216,2048;9216;9216,7168;9216,7168;9216""",INT32;INT8;FLOAT;DT_BF16;INT8;FLOAT,ND;ND;ND;ND;ND;ND,0,444.229,14659554,4.358,0.01,30.092,0.068,14.066,0.032,53.359,0.12,7.319,0.016,0.14,444.491,29336418,188.642,0.424,36.206,0.081,291.448,0.656,158.842,0.357,0.064,99.145
3,48,495,12,sk_45_sk_test_layer_45_start_static_kernel_GroupedMatmul_513b506510b0747fe531659e08d025502f948632ff140daabec28a6556328687_2482379_d0_end_clear_ops,SuperKernel,static,MIX_AIC,1788186479121064.735	,449.780,2.690000,20,40,NO,"""9216,7168;1,7168,4096;;;;;;1;9216,4096;1,4096;9216;;1,2048;;1;9216,2048;1,2048,7168;;1,7168;;;;1;9216;9216,7168""",INT8;INT8;INT32;UINT64;FLOAT;FLOAT16;FLOAT16;INT64;INT32;FLOAT;FLOAT;DT_UNDEFINED;FLOAT;DT_UNDEFINED;INT64;INT8;INT8;INT32;DT_BF16;FLOAT;FLOAT16;FLOAT16;INT64;FLOAT;DT_BF16,ND;NCL;ND;ND;ND;ND;ND;ND;ND;ND;ND;NULL;ND;NULL;ND;ND;NCL;ND;ND;ND;ND;ND;ND;ND;ND,"""9216,4096;9216,2048;9216;9216,7168;9216,7168;9216""",INT32;INT8;FLOAT;DT_BF16;INT8;FLOAT,ND;ND;ND;ND;ND;ND,0,446.014,14718450,4.358,0.01,26.26,0.059,14.076,0.032,55.201,0.124,7.472,0.017,0.14,446.411,29463141,188.641,0.423,39.747,0.089,292.099,0.654,164.745,0.369,0.064,99.163
3,48,506,12,sk_46_sk_test_layer_46_start_static_kernel_GroupedMatmul_513b506510b0747fe531659e08d025502f948632ff140daabec28a6556328687_2482379_d0_end_clear_ops,SuperKernel,static,MIX_AIC,1788186479121517.135	,453.380,2.720000,20,40,NO,"""9216,7168;1,7168,4096;;;;;;1;9216,4096;1,4096;9216;;1,2048;;1;9216,2048;1,2048,7168;;1,7168;;;;1;9216;9216,7168""",INT8;INT8;INT32;UINT64;FLOAT;FLOAT16;FLOAT16;INT64;INT32;FLOAT;FLOAT;DT_UNDEFINED;FLOAT;DT_UNDEFINED;INT64;INT8;INT8;INT32;DT_BF16;FLOAT;FLOAT16;FLOAT16;INT64;FLOAT;DT_BF16,ND;NCL;ND;ND;ND;ND;ND;ND;ND;ND;ND;NULL;ND;NULL;ND;ND;NCL;ND;ND;ND;ND;ND;ND;ND;ND,"""9216,4096;9216,2048;9216;9216,7168;9216,7168;9216""",INT32;INT8;FLOAT;DT_BF16;INT8;FLOAT,ND;ND;ND;ND;ND;ND,0,448.64,14805112,4.358,0.01,29.934,0.067,14.055,0.031,53.852,0.12,7.362,0.016,0.14,449.813,29687677,188.644,0.419,39.304,0.087,292.458,0.65,157.693,0.351,0.064,98.954
3,48,517,12,sk_47_sk_test_layer_47_start_static_kernel_GroupedMatmul_513b506510b0747fe531659e08d025502f948632ff140daabec28a6556328687_2482379_d0_end_clear_ops,SuperKernel,static,MIX_AIC,1788186479121973.355	,445.340,2.620000,20,40,NO,"""9216,7168;1,7168,4096;;;;;;1;9216,4096;1,4096;9216;;1,2048;;1;9216,2048;1,2048,7168;;1,7168;;;;1;9216;9216,7168""",INT8;INT8;INT32;UINT64;FLOAT;FLOAT16;FLOAT16;INT64;INT32;FLOAT;FLOAT;DT_UNDEFINED;FLOAT;DT_UNDEFINED;INT64;INT8;INT8;INT32;DT_BF16;FLOAT;FLOAT16;FLOAT16;INT64;FLOAT;DT_BF16,ND;NCL;ND;ND;ND;ND;ND;ND;ND;ND;ND;NULL;ND;NULL;ND;ND;NCL;ND;ND;ND;ND;ND;ND;ND;ND,"""9216,4096;9216,2048;9216;9216,7168;9216,7168;9216""",INT32;INT8;FLOAT;DT_BF16;INT8;FLOAT,ND;ND;ND;ND;ND;ND,0,441.383,14565634,4.358,0.01,33.424,0.076,14.065,0.032,50.851,0.115,7.272,0.016,0.14,441.972,29170125,188.642,0.427,34.859,0.079,292.524,0.662,157.082,0.355,0.064,99.111
3,48,528,12,sk_48_sk_test_layer_48_start_static_kernel_GroupedMatmul_513b506510b0747fe531659e08d025502f948632ff140daabec28a6556328687_2482379_d0_end_clear_ops,SuperKernel,static,MIX_AIC,1788186479122421.775	,449.700,3.160000,20,40,NO,"""9216,7168;1,7168,4096;;;;;;1;9216,4096;1,4096;9216;;1,2048;;1;9216,2048;1,2048,7168;;1,7168;;;;1;9216;9216,7168""",INT8;INT8;INT32;UINT64;FLOAT;FLOAT16;FLOAT16;INT64;INT32;FLOAT;FLOAT;DT_UNDEFINED;FLOAT;DT_UNDEFINED;INT64;INT8;INT8;INT32;DT_BF16;FLOAT;FLOAT16;FLOAT16;INT64;FLOAT;DT_BF16,ND;NCL;ND;ND;ND;ND;ND;ND;ND;ND;ND;NULL;ND;NULL;ND;ND;NCL;ND;ND;ND;ND;ND;ND;ND;ND,"""9216,4096;9216,2048;9216;9216,7168;9216,7168;9216""",INT32;INT8;FLOAT;DT_BF16;INT8;FLOAT,ND;ND;ND;ND;ND;ND,0,444.312,14662282,4.358,0.01,25.242,0.057,14.063,0.032,55.833,0.126,7.399,0.017,0.14,447.222,29516676,188.642,0.422,41.888,0.094,292.514,0.654,166.916,0.373,0.064,98.802
3,48,539,12,sk_49_sk_test_layer_49_start_static_kernel_GroupedMatmul_513b506510b0747fe531659e08d025502f948632ff140daabec28a6556328687_2482379_d0_end_clear_ops,SuperKernel,static,MIX_AIC,1788186479122874.335	,446.800,2.800000,20,40,NO,"""9216,7168;1,7168,4096;;;;;;1;9216,4096;1,4096;9216;;1,2048;;1;9216,2048;1,2048,7168;;1,7168;;;;1;9216;9216,7168""",INT8;INT8;INT32;UINT64;FLOAT;FLOAT16;FLOAT16;INT64;INT32;FLOAT;FLOAT;DT_UNDEFINED;FLOAT;DT_UNDEFINED;INT64;INT8;INT8;INT32;DT_BF16;FLOAT;FLOAT16;FLOAT16;INT64;FLOAT;DT_BF16,ND;NCL;ND;ND;ND;ND;ND;ND;ND;ND;ND;NULL;ND;NULL;ND;ND;NCL;ND;ND;ND;ND;ND;ND;ND;ND,"""9216,4096;9216,2048;9216;9216,7168;9216,7168;9216""",INT32;INT8;FLOAT;DT_BF16;INT8;FLOAT,ND;ND;ND;ND;ND;ND,0,442.834,14613525,4.358,0.01,32.377,0.073,14.077,0.032,51.691,0.117,7.433,0.017,0.14,443.238,29253692,188.642,0.426,39.147,0.088,292.254,0.659,157.83,0.356,0.064,99.112
